Sampling time,Reactor Temperature,Jacket Temperature,Heater current,Coolant flowrate,,,,,,,,,,,,,
0,44.34027296,36.27650731,20,8,,Data set with varying Coolant flowrate and Heater current for recording Tr and Tj,,,,,,,,,,,
0.5,44.46461694,37.03841892,20,8,,,,,,,,,,,,,
1,44.34027296,36.9368307,20,8,,,,,,,,,,,,,
1.5,44.24701498,37.11461008,20,8,,,,,,,,,,,,,
2,43.84289707,36.68286017,20,8,,"This data set can be used for ML model fit and RL controller design.,etc",,,,,,,,,,,
2.5,44.43353094,36.37809553,20,8,,,,,,,,,,,,,
3,43.71855309,37.2669924,20,8,,,,,,,,,,,,,
3.5,43.96724104,36.1749191,20,8,,,,,,,,,,,,,
4,45.42828273,37.90191874,20,8,,,,,,,,,,,,,
4.5,43.71855309,37.03841892,20,8,,,,,,,,,,,,,
5,44.34027296,37.11461008,20,8,,,,,,,,,,,,,
5.5,44.52678892,36.83524249,20,8,,,,,,,,,,,,,
6,45.42828273,37.34318356,20,8,,,,,,,,,,,,,
6.5,44.52678892,36.2257132,20,8,,,,,,,,,,,,,
7,44.52678892,36.68286017,20,8,,,,,,,,,,,,,
7.5,44.52678892,36.80984544,20,8,,,,,,,,,,,,,
8,44.71330488,36.98762481,20,8,,,,,,,,,,,,,
8.5,44.71330488,36.83524249,20,8,,,,,,,,,,,,,
9,44.58896091,36.68286017,20,8,,,,,,,,,,,,,
9.5,44.43353094,36.5558749,20,8,,,,,,,,,,,,,
10,43.78072508,37.29238945,20,8,,,,,,,,,,,,,
10.5,44.58896091,36.98762481,20,8,,,,,,,,,,,,,
11,44.68221889,37.11461008,20,8,,,,,,,,,,,,,
11.5,44.71330488,36.9368307,20,8,,,,,,,,,,,,,
12,44.30918697,37.54635999,20,8,,,,,,,,,,,,,
12.5,46.01891661,38.30827159,20,8,,,,,,,,,,,,,
13,44.74439088,37.36858061,20,8,,,,,,,,,,,,,
13.5,44.68221889,36.83524249,20,8,,,,,,,,,,,,,
14,44.71330488,36.98762481,20,8,,,,,,,,,,,,,
14.5,45.39719674,37.29238945,20,8,,,,,,,,,,,,,
15,44.58896091,36.91143365,20,8,,,,,,,,,,,,,
15.5,45.42828273,36.91143365,20,8,,,,,,,,,,,,,
16,44.74439088,36.91143365,20,8,,,,,,,,,,,,,
16.5,44.71330488,36.5558749,20,8,,,,,,,,,,,,,
17,43.62529511,36.91143365,20,8,,,,,,,,,,,,,
17.5,44.74439088,37.29238945,20,8,,,,,,,,,,,,,
18,44.71330488,36.83524249,20,8,,,,,,,,,,,,,
18.5,44.71330488,36.83524249,20,8,,,,,,,,,,,,,
19,44.80656286,37.03841892,20,8,,,,,,,,,,,,,
19.5,46.14326058,38.10509516,20,8,,,,,,,,,,,,,
20,44.83764886,36.83524249,20,8,,,,,,,,,,,,,
20.5,45.92565863,36.75905133,20,8,,,,,,,,,,,,,
21,44.80656286,36.91143365,20,8,,,,,,,,,,,,,
21.5,44.71330488,36.1749191,20,8,,,,,,,,,,,,,
22,44.40244495,36.80984544,20,8,,,,,,,,,,,,,
22.5,44.80656286,36.65746311,20,8,,,,,,,,,,,,,
23,44.74439088,37.62255115,20,8,,,,,,,,,,,,,
23.5,44.68221889,37.29238945,20,8,,,,,,,,,,,,,
24,44.74439088,36.98762481,20,8,,,,,,,,,,,,,
24.5,44.24701498,36.12412499,20,8,,,,,,,,,,,,,
25,44.74439088,37.49556588,20,8,,,,,,,,,,,,,
25.5,43.90506905,36.30190437,20,8,,,,,,,,,,,,,
26,45.49045472,37.11461008,20,8,,,,,,,,,,,,,
26.5,44.09158501,36.91143365,20,8,,,,,,,,,,,,,
27,44.86873485,37.19080124,20,8,,,,,,,,,,,,,
27.5,42.44402736,36.1749191,20,8,,,,,,,,,,,,,
28,44.80656286,37.24159534,20,8,,,,,,,,,,,,,
28.5,45.30393876,36.40349258,20,8,,,,,,,,,,,,,
29,43.90506905,36.1749191,20,8,,,,,,,,,,,,,
29.5,45.02416482,37.11461008,20,8,,,,,,,,,,,,,
30,44.99307883,36.9368307,20,8,,,,,,,,,,,,,
30.5,45.14850879,37.52096293,20,8,,,,,,,,,,,,,
31,44.74439088,37.16540418,20,8,,,,,,,,,,,,,
31.5,44.74439088,37.08921302,20,8,,,,,,,,,,,,,
32,44.80656286,36.9368307,20,8,,,,,,,,,,,,,
32.5,43.99832703,36.83524249,20,8,,,,,,,,,,,,,
33,45.73914267,37.34318356,20,8,,,,,,,,,,,,,
33.5,44.43353094,36.1749191,20,8,,,,,,,,,,,,,
34,45.49045472,36.2257132,20,8,,,,,,,,,,,,,
34.5,44.58896091,36.20031615,20,8,,,,,,,,,,,,,
35,46.14326058,37.54635999,20,8,,,,,,,,,,,,,
35.5,45.27285277,37.08921302,20,8,,,,,,,,,,,,,
36,45.02416482,36.75905133,20,8,,,,,,,,,,,,,
36.5,44.96199283,36.98762481,20,8,,,,,,,,,,,,,
37,45.30393876,37.29238945,20,8,,,,,,,,,,,,,
37.5,44.153757,36.30190437,20,8,,,,,,,,,,,,,
38,45.02416482,37.24159534,20,8,,,,,,,,,,,,,
38.5,45.39719674,37.2669924,20,8,,,,,,,,,,,,,
39,44.55787492,35.69237508,20,8,,,,,,,,,,,,,
39.5,45.95674462,37.29238945,20,8,,,,,,,,,,,,,
40,45.02416482,37.24159534,20,8,,,,,,,,,,,,,
40.5,45.24176677,37.11461008,20,8,,,,,,,,,,,,,
41,44.93090684,36.63206606,20,8,,,,,,,,,,,,,
41.5,44.86873485,36.32730142,20,8,,,,,,,,,,,,,
42,44.86873485,37.11461008,20,8,,,,,,,,,,,,,
42.5,45.24176677,35.76856624,20,8,,,,,,,,,,,,,
43,45.92565863,37.19080124,20,8,,,,,,,,,,,,,
43.5,44.74439088,36.83524249,20,8,,,,,,,,,,,,,
44,44.83764886,37.2669924,20,8,,,,,,,,,,,,,
44.5,45.14850879,36.98762481,20,8,,,,,,,,,,,,,
45,44.52678892,36.73365427,20,8,,,,,,,,,,,,,
45.5,45.42828273,36.73365427,20,8,,,,,,,,,,,,,
46,45.17959479,37.16540418,20,8,,,,,,,,,,,,,
46.5,45.42828273,37.08921302,20,8,,,,,,,,,,,,,
47,44.93090684,36.98762481,20,8,,,,,,,,,,,,,
47.5,45.30393876,37.29238945,20,8,,,,,,,,,,,,,
48,45.24176677,36.1749191,20,8,,,,,,,,,,,,,
48.5,46.23651856,37.34318356,20,8,,,,,,,,,,,,,
49,45.02416482,36.83524249,20,8,,,,,,,,,,,,,
49.5,45.24176677,37.11461008,20,8,,,,,,,,,,,,,
50,44.74439088,36.20031615,20,8,,,,,,,,,,,,,
50.5,45.42828273,37.03841892,20,8,,,,,,,,,,,,,
51,45.73914267,36.98762481,20,8,,,,,,,,,,,,,
51.5,45.49045472,37.08921302,20,8,,,,,,,,,,,,,
52,46.14326058,37.39397767,20,8,,,,,,,,,,,,,
52.5,45.42828273,37.2669924,20,8,,,,,,,,,,,,,
53,45.42828273,37.11461008,20,8,,,,,,,,,,,,,
53.5,44.58896091,36.75905133,20,8,,,,,,,,,,,,,
54,45.5837127,37.19080124,20,8,,,,,,,,,,,,,
54.5,45.83240065,37.29238945,20,8,,,,,,,,,,,,,
55,45.92565863,38.20668338,20,8,,,,,,,,,,,,,
55.5,45.42828273,37.29238945,20,8,,,,,,,,,,,,,
56,45.39719674,36.5558749,20,8,,,,,,,,,,,,,
56.5,45.42828273,37.11461008,20,8,,,,,,,,,,,,,
57,45.24176677,36.1749191,20,8,,,,,,,,,,,,,
57.5,45.52154071,37.11461008,20,8,,,,,,,,,,,,,
58,44.74439088,36.73365427,20,8,,,,,,,,,,,,,
58.5,44.96199283,36.40349258,20,8,,,,,,,,,,,,,
59,45.42828273,37.29238945,20,8,,,,,,,,,,,,,
59.5,45.67697068,37.08921302,20,8,,,,,,,,,,,,,
60,45.49045472,37.03841892,20,8,,,,,,,,,,,,,
60.5,45.67697068,37.19080124,20,8,,,,,,,,,,,,,
61,45.86348664,37.19080124,20,8,,,,,,,,,,,,,
61.5,46.14326058,37.39397767,20,8,,,,,,,,,,,,,
62,44.83764886,36.5558749,20,8,,,,,,,,,,,,,
62.5,44.52678892,36.5558749,20,8,,,,,,,,,,,,,
63,45.5837127,36.27650731,20,8,,,,,,,,,,,,,
63.5,45.83240065,37.11461008,20,8,,,,,,,,,,,,,
64,45.83240065,37.03841892,20,8,,,,,,,,,,,,,
64.5,46.01891661,37.29238945,20,8,,,,,,,,,,,,,
65,46.01891661,36.73365427,20,8,,,,,,,,,,,,,
65.5,45.5837127,37.2669924,20,8,,,,,,,,,,,,,
66,45.86348664,37.39397767,20,8,,,,,,,,,,,,,
66.5,44.93090684,37.24159534,20,8,,,,,,,,,,,,,
67,45.92565863,37.29238945,20,8,,,,,,,,,,,,,
67.5,45.42828273,36.98762481,20,8,,,,,,,,,,,,,
68,47.07584039,37.87652168,20,8,,,,,,,,,,,,,
68.5,45.92565863,37.49556588,20,8,,,,,,,,,,,,,
69,45.02416482,36.8860366,20,8,,,,,,,,,,,,,
69.5,45.92565863,37.29238945,20,8,,,,,,,,,,,,,
70,46.23651856,36.65746311,20,8,,,,,,,,,,,,,
70.5,45.73914267,37.29238945,20,8,,,,,,,,,,,,,
71,45.86348664,37.24159534,20,8,,,,,,,,,,,,,
71.5,45.73914267,36.91143365,20,8,,,,,,,,,,,,,
72,46.11217459,37.29238945,20,8,,,,,,,,,,,,,
72.5,45.92565863,37.39397767,20,8,,,,,,,,,,,,,
73,45.49045472,37.29238945,20,8,,,,,,,,,,,,,
73.5,46.14326058,37.2669924,20,8,,,,,,,,,,,,,
74,46.14326058,38.05430106,20,8,,,,,,,,,,,,,
74.5,45.83240065,37.29238945,20,8,,,,,,,,,,,,,
75,46.64063648,37.90191874,20,8,,,,,,,,,,,,,
75.5,46.11217459,37.24159534,20,8,,,,,,,,,,,,,
76,43.84289707,37.2669924,20,8,,,,,,,,,,,,,
76.5,46.11217459,37.29238945,20,8,,,,,,,,,,,,,
77,46.14326058,37.29238945,20,8,,,,,,,,,,,,,
77.5,46.14326058,37.19080124,20,8,,,,,,,,,,,,,
78,46.01891661,36.27650731,20,8,,,,,,,,,,,,,
78.5,46.92041042,37.39397767,20,8,,,,,,,,,,,,,
79,47.54213029,37.03841892,20,8,,,,,,,,,,,,,
79.5,45.24176677,38.23208043,20,8,,,,,,,,,,,,,
80,46.14326058,37.54635999,20,8,,,,,,,,,,,,,
80.5,46.14326058,37.34318356,20,8,,,,,,,,,,,,,
81,46.70280847,37.29238945,20,8,,,,,,,,,,,,,
81.5,46.64063648,37.87652168,20,8,,,,,,,,,,,,,
82,46.11217459,37.36858061,20,8,,,,,,,,,,,,,
82.5,46.11217459,37.52096293,20,8,,,,,,,,,,,,,
83,46.64063648,36.47968374,20,8,,,,,,,,,,,,,
83.5,44.99307883,36.80984544,20,8,,,,,,,,,,,,,
84,46.14326058,37.39397767,20,8,,,,,,,,,,,,,
84.5,46.14326058,36.83524249,20,8,,,,,,,,,,,,,
85,46.11217459,38.05430106,20,8,,,,,,,,,,,,,
85.5,46.11217459,37.29238945,20,8,,,,,,,,,,,,,
86,45.30393876,37.19080124,20,8,,,,,,,,,,,,,
86.5,46.14326058,37.59715409,20,8,,,,,,,,,,,,,
87,46.39194853,37.39397767,20,8,,,,,,,,,,,,,
87.5,46.0810886,37.36858061,20,8,,,,,,,,,,,,,
88,45.70805668,37.2669924,20,8,,,,,,,,,,,,,
88.5,46.79606645,37.39397767,20,8,,,,,,,,,,,,,
89,46.14326058,37.29238945,20,8,,,,,,,,,,,,,
89.5,46.39194853,37.2669924,20,8,,,,,,,,,,,,,
90,46.26760456,37.29238945,20,8,,,,,,,,,,,,,
90.5,46.36086254,36.83524249,20,8,,,,,,,,,,,,,
91,46.23651856,38.07969811,20,8,,,,,,,,,,,,,
91.5,46.92041042,37.34318356,20,8,,,,,,,,,,,,,
92,46.20543257,36.80984544,20,8,,,,,,,,,,,,,
92.5,46.32977655,37.34318356,20,8,,,,,,,,,,,,,
93,46.5473785,37.2669924,20,8,,,,,,,,,,,,,
93.5,46.32977655,37.29238945,20,8,,,,,,,,,,,,,
94,46.26760456,37.2669924,20,8,,,,,,,,,,,,,
94.5,46.45412052,37.08921302,20,8,,,,,,,,,,,,,
95,47.66647427,38.20668338,20,8,,,,,,,,,,,,,
95.5,46.26760456,37.34318356,20,8,,,,,,,,,,,,,
96,46.36086254,37.39397767,20,8,,,,,,,,,,,,,
96.5,46.14326058,37.62255115,20,8,,,,,,,,,,,,,
97,46.79606645,36.80984544,20,8,,,,,,,,,,,,,
97.5,47.4799583,38.3590657,20,8,,,,,,,,,,,,,
98,46.79606645,37.39397767,20,8,,,,,,,,,,,,,
98.5,45.70805668,36.9368307,20,8,,,,,,,,,,,,,
99,47.26235635,37.2669924,20,8,,,,,,,,,,,,,
99.5,46.51629251,37.6479482,20,8,,,,,,,,,,,,,
100,46.45412052,37.39397767,20,8,,,,,,,,,,,,,
100.5,46.39194853,37.19080124,20,8,,,,,,,,,,,,,
101,46.70280847,37.54635999,20,8,,,,,,,,,,,,,
101.5,46.70280847,36.75905133,20,8,,,,,,,,,,,,,
102,46.76498045,37.36858061,20,8,,,,,,,,,,,,,
102.5,46.67172247,37.54635999,20,8,,,,,,,,,,,,,
103,46.45412052,37.69874231,20,8,,,,,,,,,,,,,
103.5,46.70280847,37.54635999,20,8,,,,,,,,,,,,,
104,46.57846449,37.74953641,20,8,,,,,,,,,,,,,
104.5,46.45412052,37.52096293,20,8,,,,,,,,,,,,,
105,46.70280847,37.24159534,20,8,,,,,,,,,,,,,
105.5,46.79606645,37.62255115,20,8,,,,,,,,,,,,,
106,46.79606645,37.36858061,20,8,,,,,,,,,,,,,
106.5,45.70805668,36.5558749,20,8,,,,,,,,,,,,,
107,46.70280847,37.72413936,20,8,,,,,,,,,,,,,
107.5,47.63538827,37.9781099,20,8,,,,,,,,,,,,,
108,47.0447544,38.46065391,20,8,,,,,,,,,,,,,
108.5,47.82190423,38.3590657,20,8,,,,,,,,,,,,,
109,47.54213029,38.20668338,20,8,,,,,,,,,,,,,
109.5,46.70280847,37.69874231,20,8,,,,,,,,,,,,,
110,46.79606645,37.80033052,20,8,,,,,,,,,,,,,
110.5,46.14326058,36.98762481,20,8,,,,,,,,,,,,,
111,46.70280847,37.54635999,20,8,,,,,,,,,,,,,
111.5,47.4799583,37.6479482,20,8,,,,,,,,,,,,,
112,46.20543257,37.85112463,20,8,,,,,,,,,,,,,
112.5,47.13801238,38.61303623,20,8,,,,,,,,,,,,,
113,47.66647427,38.23208043,20,8,,,,,,,,,,,,,
113.5,47.5110443,37.9781099,20,8,,,,,,,,,,,,,
114,46.79606645,37.44477177,20,8,,,,,,,,,,,,,
114.5,46.98258241,37.24159534,20,8,,,,,,,,,,,,,
115,46.98258241,37.52096293,20,8,,,,,,,,,,,,,
115.5,46.98258241,36.68286017,20,8,,,,,,,,,,,,,
116,45.95674462,36.75905133,20,8,,,,,,,,,,,,,
116.5,47.10692638,37.54635999,20,8,,,,,,,,,,,,,
117,47.07584039,37.74953641,20,8,,,,,,,,,,,,,
117.5,46.70280847,37.74953641,20,8,,,,,,,,,,,,,
118,47.66647427,37.95271284,20,8,,,,,,,,,,,,,
118.5,46.14326058,37.34318356,20,8,,,,,,,,,,,,,
119,46.76498045,37.39397767,20,8,,,,,,,,,,,,,
119.5,45.70805668,37.08921302,20,8,,,,,,,,,,,,,
120,47.13801238,37.87652168,20,8,,,,,,,,,,,,,
120.5,47.5110443,37.85112463,20,8,,,,,,,,,,,,,
121,47.4799583,37.95271284,20,8,,,,,,,,,,,,,
121.5,47.13801238,37.11461008,20,8,,,,,,,,,,,,,
122,47.54213029,37.19080124,20,8,,,,,,,,,,,,,
122.5,47.10692638,37.6479482,20,8,,,,,,,,,,,,,
123,47.13801238,37.69874231,20,8,,,,,,,,,,,,,
123.5,46.95149641,37.54635999,20,8,,,,,,,,,,,,,
124,47.26235635,37.62255115,20,8,,,,,,,,,,,,,
124.5,47.5110443,37.74953641,20,8,,,,,,,,,,,,,
125,46.70280847,37.19080124,20,8,,,,,,,,,,,,,
125.5,46.51629251,36.80984544,20,8,,,,,,,,,,,,,
126,47.07584039,37.39397767,20,8,,,,,,,,,,,,,
126.5,47.82190423,37.34318356,20,8,,,,,,,,,,,,,
127,47.41778632,37.29238945,20,8,,,,,,,,,,,,,
127.5,47.26235635,37.54635999,20,8,,,,,,,,,,,,,
128,47.41778632,37.95271284,20,8,,,,,,,,,,,,,
128.5,47.26235635,37.54635999,20,8,,,,,,,,,,,,,
129,47.13801238,37.29238945,20,8,,,,,,,,,,,,,
129.5,47.4799583,37.54635999,20,8,,,,,,,,,,,,,
130,47.35561433,37.74953641,20,8,,,,,,,,,,,,,
130.5,47.85299023,38.20668338,20,8,,,,,,,,,,,,,
131,46.92041042,37.49556588,20,8,,,,,,,,,,,,,
131.5,47.35561433,37.85112463,20,8,,,,,,,,,,,,,
132,47.41778632,37.9781099,20,8,,,,,,,,,,,,,
132.5,46.79606645,38.43525686,20,8,,,,,,,,,,,,,
133,47.4799583,37.74953641,20,8,,,,,,,,,,,,,
133.5,47.5110443,37.69874231,20,8,,,,,,,,,,,,,
134,47.66647427,37.85112463,20,8,,,,,,,,,,,,,
134.5,47.4799583,37.72413936,20,8,,,,,,,,,,,,,
135,47.35561433,37.90191874,20,8,,,,,,,,,,,,,
135.5,47.41778632,38.05430106,20,8,,,,,,,,,,,,,
136,47.85299023,38.91780088,20,8,,,,,,,,,,,,,
136.5,47.79081824,38.56224213,20,8,,,,,,,,,,,,,
137,47.26235635,37.85112463,20,8,,,,,,,,,,,,,
137.5,47.23127036,37.29238945,20,8,,,,,,,,,,,,,
138,46.64063648,38.3590657,20,8,,,,,,,,,,,,,
138.5,46.5473785,37.39397767,20,8,,,,,,,,,,,,,
139,47.60430228,37.74953641,20,8,,,,,,,,,,,,,
139.5,48.22602215,38.53684507,20,8,,,,,,,,,,,,,
140,47.5110443,37.39397767,20,8,,,,,,,,,,,,,
140.5,47.13801238,36.80984544,20,8,,,,,,,,,,,,,
141,47.79081824,37.74953641,20,8,,,,,,,,,,,,,
141.5,47.72864625,37.36858061,20,8,,,,,,,,,,,,,
142,48.22602215,37.74953641,20,8,,,,,,,,,,,,,
142.5,47.85299023,38.66383034,20,8,,,,,,,,,,,,,
143,46.45412052,37.29238945,20,8,,,,,,,,,,,,,
143.5,47.79081824,37.95271284,20,8,,,,,,,,,,,,,
144,48.25710814,38.96859498,20,8,,,,,,,,,,,,,
144.5,47.54213029,37.90191874,20,8,,,,,,,,,,,,,
145,47.13801238,37.03841892,20,8,,,,,,,,,,,,,
145.5,47.63538827,37.80033052,20,8,,,,,,,,,,,,,
146,48.35036612,39.1209773,20,8,,,,,,,,,,,,,
146.5,46.98258241,38.10509516,20,8,,,,,,,,,,,,,
147,47.79081824,37.85112463,20,8,,,,,,,,,,,,,
147.5,47.54213029,37.87652168,20,8,,,,,,,,,,,,,
148,47.60430228,37.69874231,20,8,,,,,,,,,,,,,
148.5,46.82715244,37.29238945,20,8,,,,,,,,,,,,,
149,47.63538827,37.2669924,20,8,,,,,,,,,,,,,
149.5,46.98258241,37.34318356,20,8,,,,,,,,,,,,,
150,47.66647427,37.9781099,20,8,,,,,,,,,,,,,
150.5,48.03950619,37.9781099,20,8,,,,,,,,,,,,,
151,47.9773342,37.85112463,20,8,,,,,,,,,,,,,
151.5,48.31928013,37.29238945,20,8,,,,,,,,,,,,,
152,48.66122606,38.20668338,20,8,,,,,,,,,,,,,
152.5,48.03950619,37.9781099,20,8,,,,,,,,,,,,,
153,47.9773342,37.74953641,20,8,,,,,,,,,,,,,
153.5,47.23127036,38.43525686,20,8,,,,,,,,,,,,,
154,48.25710814,38.56224213,20,8,,,,,,,,,,,,,
154.5,47.35561433,37.2669924,20,8,,,,,,,,,,,,,
155,48.53688208,37.29238945,20,8,,,,,,,,,,,,,
155.5,49.00317198,38.76541855,20,8,,,,,,,,,,,,,
156,48.35036612,37.24159534,20,8,,,,,,,,,,,,,
156.5,47.9773342,38.18128632,20,8,,,,,,,,,,,,,
157,48.69231205,38.10509516,20,8,,,,,,,,,,,,,
157.5,48.03950619,37.9781099,20,8,,,,,,,,,,,,,
158,47.13801238,37.85112463,20,8,,,,,,,,,,,,,
158.5,49.25185993,38.79081561,20,8,,,,,,,,,,,,,
159,47.82190423,37.85112463,20,8,,,,,,,,,,,,,
159.5,48.31928013,38.53684507,20,8,,,,,,,,,,,,,
160,48.03950619,37.9781099,20,8,,,,,,,,,,,,,
160.5,48.75448404,39.04478614,20,8,,,,,,,,,,,,,
161,47.9773342,37.54635999,20,8,,,,,,,,,,,,,
161.5,47.60430228,36.73365427,20,8,,,,,,,,,,,,,
162,47.54213029,37.9781099,20,8,,,,,,,,,,,,,
162.5,47.85299023,37.80033052,20,8,,,,,,,,,,,,,
163,48.03950619,37.9781099,20,8,,,,,,,,,,,,,
163.5,48.22602215,38.10509516,20,8,,,,,,,,,,,,,
164,49.37620391,38.96859498,20,8,,,,,,,,,,,,,
164.5,48.22602215,38.05430106,20,8,,,,,,,,,,,,,
165,48.75448404,38.23208043,20,8,,,,,,,,,,,,,
165.5,48.25710814,38.10509516,20,8,,,,,,,,,,,,,
166,48.31928013,38.23208043,20,8,,,,,,,,,,,,,
166.5,48.22602215,38.33366865,20,8,,,,,,,,,,,,,
167,47.54213029,37.03841892,20,8,,,,,,,,,,,,,
167.5,49.34511791,38.56224213,20,8,,,,,,,,,,,,,
168,48.38145212,38.23208043,20,8,,,,,,,,,,,,,
168.5,48.22602215,38.00350695,20,8,,,,,,,,,,,,,
169,47.5110443,37.62255115,20,8,,,,,,,,,,,,,
169.5,48.35036612,38.05430106,20,8,,,,,,,,,,,,,
170,48.38145212,37.95271284,20,8,,,,,,,,,,,,,
170.5,48.50579609,38.25747748,20,8,,,,,,,,,,,,,
171,47.5110443,37.2669924,20,8,,,,,,,,,,,,,
171.5,48.16385016,38.33366865,20,8,,,,,,,,,,,,,
172,48.31928013,37.36858061,20,8,,,,,,,,,,,,,
172.5,48.4747101,38.30827159,20,8,,,,,,,,,,,,,
173,47.94624821,38.23208043,20,8,,,,,,,,,,,,,
173.5,48.38145212,38.05430106,20,8,,,,,,,,,,,,,
174,48.35036612,38.05430106,20,8,,,,,,,,,,,,,
174.5,48.38145212,38.07969811,20,8,,,,,,,,,,,,,
175,48.31928013,38.30827159,20,8,,,,,,,,,,,,,
175.5,48.25710814,38.05430106,20,8,,,,,,,,,,,,,
176,49.00317198,39.04478614,20,8,,,,,,,,,,,,,
176.5,48.53688208,38.07969811,20,8,,,,,,,,,,,,,
177,48.50579609,38.25747748,20,8,,,,,,,,,,,,,
177.5,49.03425798,38.33366865,20,8,,,,,,,,,,,,,
178,48.31928013,37.36858061,20,8,,,,,,,,,,,,,
178.5,48.25710814,38.81621266,20,8,,,,,,,,,,,,,
179,48.66122606,38.23208043,20,8,,,,,,,,,,,,,
179.5,49.25185993,37.52096293,20,8,,,,,,,,,,,,,
180,47.35561433,37.36858061,20,8,,,,,,,,,,,,,
180.5,48.38145212,38.00350695,20,8,,,,,,,,,,,,,
181,48.50579609,38.43525686,20,8,,,,,,,,,,,,,
181.5,48.75448404,38.05430106,20,8,,,,,,,,,,,,,
182,49.00317198,38.33366865,20,8,,,,,,,,,,,,,
182.5,48.75448404,38.20668338,20,8,,,,,,,,,,,,,
183,47.79081824,37.85112463,20,8,,,,,,,,,,,,,
183.5,48.941,37.72413936,20,8,,,,,,,,,,,,,
184,48.53688208,38.25747748,20,8,,,,,,,,,,,,,
184.5,48.81665602,38.30827159,20,8,,,,,,,,,,,,,
185,48.81665602,38.3590657,20,8,,,,,,,,,,,,,
185.5,48.909914,38.33366865,20,8,,,,,,,,,,,,,
186,48.75448404,38.07969811,20,8,,,,,,,,,,,,,
186.5,48.941,38.96859498,20,8,,,,,,,,,,,,,
187,48.81665602,38.20668338,20,8,,,,,,,,,,,,,
187.5,48.87882801,38.40985981,20,8,,,,,,,,,,,,,
188,49.25185993,38.33366865,20,8,,,,,,,,,,,,,
188.5,48.81665602,38.43525686,20,8,,,,,,,,,,,,,
189,47.72864625,37.34318356,20,8,,,,,,,,,,,,,
189.5,48.4747101,38.25747748,20,8,,,,,,,,,,,,,
190,48.87882801,38.25747748,20,8,,,,,,,,,,,,,
190.5,48.941,38.25747748,20,8,,,,,,,,,,,,,
191,49.09642997,39.37494784,20,8,,,,,,,,,,,,,
191.5,49.18968795,38.53684507,20,8,,,,,,,,,,,,,
192,48.78557003,38.40985981,20,8,,,,,,,,,,,,,
192.5,48.909914,38.40985981,20,8,,,,,,,,,,,,,
193,48.909914,37.54635999,20,8,,,,,,,,,,,,,
193.5,49.00317198,38.3590657,20,8,,,,,,,,,,,,,
194,48.941,38.43525686,20,8,,,,,,,,,,,,,
194.5,48.941,37.85112463,20,8,,,,,,,,,,,,,
195,49.00317198,37.54635999,20,8,,,,,,,,,,,,,
195.5,50.15335374,38.96859498,20,8,,,,,,,,,,,,,
196,48.22602215,39.04478614,20,8,,,,,,,,,,,,,
196.5,49.22077394,37.74953641,20,8,,,,,,,,,,,,,
197,48.909914,37.74953641,20,8,,,,,,,,,,,,,
197.5,49.34511791,38.46065391,20,8,,,,,,,,,,,,,
198,49.34511791,38.25747748,20,8,,,,,,,,,,,,,
198.5,49.09642997,38.46065391,20,8,,,,,,,,,,,,,
199,50.30878371,39.1209773,20,8,,,,,,,,,,,,,
199.5,49.78032182,38.33366865,16,12,,,,,,,,,,,,,
200,49.18968795,38.25747748,16,12,,,,,,,,,,,,,
200.5,49.09642997,38.33366865,16,12,,,,,,,,,,,,,
201,49.25185993,38.30827159,16,12,,,,,,,,,,,,,
201.5,49.25185993,38.43525686,16,12,,,,,,,,,,,,,
202,49.09642997,38.43525686,16,12,,,,,,,,,,,,,
202.5,49.59380586,39.17177141,16,12,,,,,,,,,,,,,
203,50.3398697,39.01938909,16,12,,,,,,,,,,,,,
203.5,49.25185993,38.43525686,16,12,,,,,,,,,,,,,
204,49.59380586,37.29238945,16,12,,,,,,,,,,,,,
204.5,48.81665602,38.40985981,16,12,,,,,,,,,,,,,
205,48.69231205,38.40985981,16,12,,,,,,,,,,,,,
205.5,50.43312769,39.01938909,16,12,,,,,,,,,,,,,
206,51.02376156,39.47653605,16,12,,,,,,,,,,,,,
206.5,49.62489185,38.43525686,16,12,,,,,,,,,,,,,
207,49.8735798,38.43525686,16,12,,,,,,,,,,,,,
207.5,49.09642997,38.46065391,16,12,,,,,,,,,,,,,
208,49.74923583,38.96859498,16,12,,,,,,,,,,,,,
208.5,49.43837589,38.40985981,16,12,,,,,,,,,,,,,
209,48.69231205,38.40985981,16,12,,,,,,,,,,,,,
209.5,48.38145212,37.85112463,16,12,,,,,,,,,,,,,
210,49.53163387,38.40985981,16,12,,,,,,,,,,,,,
210.5,49.84249381,38.56224213,16,12,,,,,,,,,,,,,
211,50.21552573,39.04478614,16,12,,,,,,,,,,,,,
211.5,49.62489185,38.56224213,16,12,,,,,,,,,,,,,
212,49.53163387,38.56224213,16,12,,,,,,,,,,,,,
212.5,48.909914,38.43525686,16,12,,,,,,,,,,,,,
213,49.59380586,38.43525686,16,12,,,,,,,,,,,,,
213.5,49.65597785,38.43525686,16,12,,,,,,,,,,,,,
214,49.71814984,38.43525686,16,12,,,,,,,,,,,,,
214.5,49.59380586,38.61303623,16,12,,,,,,,,,,,,,
215,50.27769772,39.60352132,16,12,,,,,,,,,,,,,
215.5,49.65597785,38.61303623,16,12,,,,,,,,,,,,,
216,49.96683778,38.79081561,16,12,,,,,,,,,,,,,
216.5,49.25185993,38.43525686,16,12,,,,,,,,,,,,,
217,49.78032182,38.33366865,16,12,,,,,,,,,,,,,
217.5,50.3398697,38.91780088,16,12,,,,,,,,,,,,,
218,49.74923583,37.69874231,16,12,,,,,,,,,,,,,
218.5,49.96683778,38.10509516,16,12,,,,,,,,,,,,,
219,50.30878371,38.40985981,16,12,,,,,,,,,,,,,
219.5,50.49529967,37.95271284,16,12,,,,,,,,,,,,,
220,49.71814984,38.10509516,16,12,,,,,,,,,,,,,
220.5,49.59380586,38.10509516,16,12,,,,,,,,,,,,,
221,49.71814984,38.46065391,16,12,,,,,,,,,,,,,
221.5,50.09118176,39.01938909,16,12,,,,,,,,,,,,,
222,49.78032182,38.56224213,16,12,,,,,,,,,,,,,
222.5,50.65072964,38.40985981,16,12,,,,,,,,,,,,,
223,50.27769772,38.53684507,16,12,,,,,,,,,,,,,
223.5,50.58855765,37.85112463,16,12,,,,,,,,,,,,,
224,49.62489185,38.33366865,16,12,,,,,,,,,,,,,
224.5,49.9046658,38.53684507,16,12,,,,,,,,,,,,,
225,49.59380586,38.81621266,16,12,,,,,,,,,,,,,
225.5,49.96683778,38.61303623,16,12,,,,,,,,,,,,,
226,49.59380586,38.61303623,16,12,,,,,,,,,,,,,
226.5,49.9046658,38.61303623,16,12,,,,,,,,,,,,,
227,50.15335374,38.66383034,16,12,,,,,,,,,,,,,
227.5,50.21552573,39.17177141,16,12,,,,,,,,,,,,,
228,50.3398697,38.61303623,16,12,,,,,,,,,,,,,
228.5,51.17919153,39.75590364,16,12,,,,,,,,,,,,,
229,49.34511791,38.43525686,16,12,,,,,,,,,,,,,
229.5,50.15335374,38.56224213,16,12,,,,,,,,,,,,,
230,50.43312769,38.68922739,16,12,,,,,,,,,,,,,
230.5,49.74923583,38.40985981,16,12,,,,,,,,,,,,,
231,49.25185993,38.56224213,16,12,,,,,,,,,,,,,
231.5,50.65072964,38.79081561,16,12,,,,,,,,,,,,,
232,49.62489185,37.87652168,16,12,,,,,,,,,,,,,
232.5,49.78032182,38.79081561,16,12,,,,,,,,,,,,,
233,50.21552573,38.68922739,16,12,,,,,,,,,,,,,
233.5,50.86833159,39.62891837,16,12,,,,,,,,,,,,,
234,49.78032182,38.81621266,16,12,,,,,,,,,,,,,
234.5,49.9046658,39.17177141,16,12,,,,,,,,,,,,,
235,50.09118176,38.61303623,16,12,,,,,,,,,,,,,
235.5,50.71290163,39.27335962,16,12,,,,,,,,,,,,,
236,50.21552573,38.68922739,16,12,,,,,,,,,,,,,
236.5,50.15335374,38.68922739,16,12,,,,,,,,,,,,,
237,50.30878371,38.43525686,16,12,,,,,,,,,,,,,
237.5,50.43312769,38.68922739,16,12,,,,,,,,,,,,,
238,49.22077394,37.85112463,16,12,,,,,,,,,,,,,
238.5,50.3398697,38.76541855,16,12,,,,,,,,,,,,,
239,50.58855765,39.01938909,16,12,,,,,,,,,,,,,
239.5,50.55747166,39.60352132,16,12,,,,,,,,,,,,,
240,49.25185993,38.07969811,16,12,,,,,,,,,,,,,
240.5,49.43837589,38.05430106,16,12,,,,,,,,,,,,,
241,50.3398697,38.61303623,16,12,,,,,,,,,,,,,
241.5,50.49529967,38.07969811,16,12,,,,,,,,,,,,,
242,49.62489185,37.9781099,16,12,,,,,,,,,,,,,
242.5,50.06009576,39.27335962,16,12,,,,,,,,,,,,,
243,50.27769772,38.56224213,16,12,,,,,,,,,,,,,
243.5,50.49529967,38.96859498,16,12,,,,,,,,,,,,,
244,50.55747166,38.96859498,16,12,,,,,,,,,,,,,
244.5,50.61964365,38.81621266,16,12,,,,,,,,,,,,,
245,50.3398697,38.79081561,16,12,,,,,,,,,,,,,
245.5,49.65597785,39.73050659,16,12,,,,,,,,,,,,,
246,50.93050358,38.56224213,16,12,,,,,,,,,,,,,
246.5,51.70765342,39.1209773,16,12,,,,,,,,,,,,,
247,51.7698254,39.47653605,16,12,,,,,,,,,,,,,
247.5,51.17919153,39.01938909,16,12,,,,,,,,,,,,,
248,49.9046658,38.43525686,16,12,,,,,,,,,,,,,
248.5,50.49529967,39.1209773,16,12,,,,,,,,,,,,,
249,50.30878371,38.79081561,16,12,,,,,,,,,,,,,
249.5,50.77507361,38.94319793,16,12,,,,,,,,,,,,,
250,50.61964365,39.37494784,16,12,,,,,,,,,,,,,
250.5,50.77507361,38.91780088,16,12,,,,,,,,,,,,,
251,50.55747166,38.25747748,16,12,,,,,,,,,,,,,
251.5,50.77507361,38.56224213,16,12,,,,,,,,,,,,,
252,50.49529967,38.43525686,16,12,,,,,,,,,,,,,
252.5,50.61964365,39.17177141,16,12,,,,,,,,,,,,,
253,50.65072964,39.01938909,16,12,,,,,,,,,,,,,
253.5,50.49529967,38.96859498,16,12,,,,,,,,,,,,,
254,51.02376156,38.94319793,16,12,,,,,,,,,,,,,
254.5,50.58855765,38.96859498,16,12,,,,,,,,,,,,,
255,51.49005146,38.05430106,16,12,,,,,,,,,,,,,
255.5,50.77507361,38.94319793,16,12,,,,,,,,,,,,,
256,50.77507361,38.96859498,16,12,,,,,,,,,,,,,
256.5,51.7698254,39.50193311,16,12,,,,,,,,,,,,,
257,50.77507361,39.01938909,16,12,,,,,,,,,,,,,
257.5,50.65072964,38.96859498,16,12,,,,,,,,,,,,,
258,51.17919153,39.1209773,16,12,,,,,,,,,,,,,
258.5,50.93050358,38.96859498,16,12,,,,,,,,,,,,,
259,51.11701954,39.1209773,16,12,,,,,,,,,,,,,
259.5,51.02376156,39.04478614,16,12,,,,,,,,,,,,,
260,50.49529967,39.67971248,16,12,,,,,,,,,,,,,
260.5,50.99267557,39.14637436,16,12,,,,,,,,,,,,,
261,50.49529967,38.40985981,16,12,,,,,,,,,,,,,
261.5,50.30878371,38.94319793,16,12,,,,,,,,,,,,,
262,50.43312769,38.3590657,16,12,,,,,,,,,,,,,
262.5,50.93050358,38.91780088,16,12,,,,,,,,,,,,,
263,50.30878371,38.81621266,16,12,,,,,,,,,,,,,
263.5,50.46421368,38.66383034,16,12,,,,,,,,,,,,,
264,50.30878371,38.96859498,16,12,,,,,,,,,,,,,
264.5,51.36570749,39.90828596,16,12,,,,,,,,,,,,,
265,51.05484755,39.24796257,16,12,,,,,,,,,,,,,
265.5,50.58855765,38.91780088,16,12,,,,,,,,,,,,,
266,52.2672013,39.60352132,16,12,,,,,,,,,,,,,
266.5,50.86833159,37.9781099,16,12,,,,,,,,,,,,,
267,49.84249381,38.40985981,16,12,,,,,,,,,,,,,
267.5,52.39154527,39.50193311,16,12,,,,,,,,,,,,,
268,51.11701954,39.04478614,16,12,,,,,,,,,,,,,
268.5,51.36570749,39.40034489,16,12,,,,,,,,,,,,,
269,51.70765342,39.24796257,16,12,,,,,,,,,,,,,
269.5,51.45896547,38.53684507,16,12,,,,,,,,,,,,,
270,51.14810554,39.1209773,16,12,,,,,,,,,,,,,
270.5,51.3346215,39.27335962,16,12,,,,,,,,,,,,,
271,51.3346215,39.0701832,16,12,,,,,,,,,,,,,
271.5,50.15335374,38.43525686,16,12,,,,,,,,,,,,,
272,51.45896547,39.04478614,16,12,,,,,,,,,,,,,
272.5,51.17919153,38.96859498,16,12,,,,,,,,,,,,,
273,51.3035355,38.96859498,16,12,,,,,,,,,,,,,
273.5,52.32937329,39.78130069,16,12,,,,,,,,,,,,,
274,50.61964365,38.56224213,16,12,,,,,,,,,,,,,
274.5,50.99267557,39.17177141,16,12,,,,,,,,,,,,,
275,51.45896547,39.1209773,16,12,,,,,,,,,,,,,
275.5,51.73873941,39.1209773,16,12,,,,,,,,,,,,,
276,52.57806124,39.78130069,16,12,,,,,,,,,,,,,
276.5,51.61439544,39.27335962,16,12,,,,,,,,,,,,,
277,51.55222345,39.37494784,16,12,,,,,,,,,,,,,
277.5,51.61439544,39.29875668,16,12,,,,,,,,,,,,,
278,51.55222345,39.24796257,16,12,,,,,,,,,,,,,
278.5,51.11701954,38.94319793,16,12,,,,,,,,,,,,,
279,51.7698254,39.27335962,16,12,,,,,,,,,,,,,
279.5,51.70765342,38.61303623,16,12,,,,,,,,,,,,,
280,51.3346215,40.34003587,16,12,,,,,,,,,,,,,
280.5,50.30878371,37.69874231,16,12,,,,,,,,,,,,,
281,50.61964365,38.89240382,16,12,,,,,,,,,,,,,
281.5,51.58330944,38.66383034,16,12,,,,,,,,,,,,,
282,51.36570749,38.43525686,16,12,,,,,,,,,,,,,
282.5,52.7334912,40.23844766,16,12,,,,,,,,,,,,,
283,51.7698254,39.17177141,16,12,,,,,,,,,,,,,
283.5,52.32937329,39.98447712,16,12,,,,,,,,,,,,,
284,50.65072964,38.96859498,16,12,,,,,,,,,,,,,
284.5,51.36570749,38.3590657,16,12,,,,,,,,,,,,,
285,52.60914723,39.60352132,16,12,,,,,,,,,,,,,
285.5,51.7698254,39.37494784,16,12,,,,,,,,,,,,,
286,51.02376156,38.43525686,16,12,,,,,,,,,,,,,
286.5,51.7698254,40.46702114,16,12,,,,,,,,,,,,,
287,51.83199739,39.27335962,16,12,,,,,,,,,,,,,
287.5,52.17394332,39.37494784,16,12,,,,,,,,,,,,,
288,51.49005146,39.27335962,16,12,,,,,,,,,,,,,
288.5,51.7698254,39.1209773,16,12,,,,,,,,,,,,,
289,52.20502931,38.68922739,16,12,,,,,,,,,,,,,
289.5,52.04959935,39.60352132,16,12,,,,,,,,,,,,,
290,50.65072964,38.76541855,16,12,,,,,,,,,,,,,
290.5,51.45896547,39.95908007,16,12,,,,,,,,,,,,,
291,52.57806124,38.53684507,16,12,,,,,,,,,,,,,
291.5,51.73873941,38.43525686,16,12,,,,,,,,,,,,,
292,51.83199739,39.1209773,16,12,,,,,,,,,,,,,
292.5,51.89416938,38.68922739,16,12,,,,,,,,,,,,,
293,51.83199739,39.27335962,16,12,,,,,,,,,,,,,
293.5,51.7698254,37.54635999,16,12,,,,,,,,,,,,,
294,51.55222345,39.47653605,16,12,,,,,,,,,,,,,
294.5,51.98742736,39.47653605,16,12,,,,,,,,,,,,,
295,52.04959935,38.91780088,16,12,,,,,,,,,,,,,
295.5,52.70240521,39.60352132,16,12,,,,,,,,,,,,,
296,51.83199739,39.40034489,16,12,,,,,,,,,,,,,
296.5,51.98742736,39.50193311,16,12,,,,,,,,,,,,,
297,52.7645772,38.66383034,16,12,,,,,,,,,,,,,
297.5,52.01851335,38.94319793,16,12,,,,,,,,,,,,,
298,53.13760912,39.42574195,16,12,,,,,,,,,,,,,
298.5,52.17394332,39.50193311,16,12,,,,,,,,,,,,,
299,51.58330944,39.0701832,16,12,,,,,,,,,,,,,
299.5,51.73873941,39.67971248,16,12,,,,,,,,,,,,,
300,51.02376156,38.94319793,16,12,,,,,,,,,,,,,
300.5,52.60914723,40.13685944,16,12,,,,,,,,,,,,,
301,51.98742736,39.60352132,16,12,,,,,,,,,,,,,
301.5,51.7698254,40.18765355,16,12,,,,,,,,,,,,,
302,52.2672013,39.60352132,16,12,,,,,,,,,,,,,
302.5,52.7645772,40.23844766,16,12,,,,,,,,,,,,,
303,52.2672013,39.32415373,16,12,,,,,,,,,,,,,
303.5,53.57281303,40.34003587,16,12,,,,,,,,,,,,,
304,52.67131922,39.60352132,16,12,,,,,,,,,,,,,
304.5,52.54697524,39.60352132,16,12,,,,,,,,,,,,,
305,52.57806124,39.55272721,16,12,,,,,,,,,,,,,
305.5,52.2672013,39.55272721,16,12,,,,,,,,,,,,,
306,53.13760912,39.60352132,16,12,,,,,,,,,,,,,
306.5,53.16869511,39.90828596,16,12,,,,,,,,,,,,,
307,51.58330944,39.62891837,16,12,,,,,,,,,,,,,
307.5,52.7334912,40.18765355,16,12,,,,,,,,,,,,,
308,52.7645772,39.75590364,16,12,,,,,,,,,,,,,
308.5,51.86308339,38.53684507,16,12,,,,,,,,,,,,,
309,52.57806124,39.60352132,16,12,,,,,,,,,,,,,
309.5,53.79041498,40.5432123,16,12,,,,,,,,,,,,,
310,52.17394332,39.60352132,16,12,,,,,,,,,,,,,
310.5,52.04959935,39.01938909,16,12,,,,,,,,,,,,,
311,52.32937329,39.42574195,16,12,,,,,,,,,,,,,
311.5,52.7645772,39.27335962,16,12,,,,,,,,,,,,,
312,52.39154527,40.26384471,16,12,,,,,,,,,,,,,
312.5,52.42263127,39.60352132,16,12,,,,,,,,,,,,,
313,53.44846905,40.49241819,16,12,,,,,,,,,,,,,
313.5,53.16869511,39.67971248,16,12,,,,,,,,,,,,,
314,52.85783518,40.39082998,16,12,,,,,,,,,,,,,
314.5,52.32937329,39.1209773,16,12,,,,,,,,,,,,,
315,52.39154527,39.60352132,16,12,,,,,,,,,,,,,
315.5,52.67131922,40.39082998,16,12,,,,,,,,,,,,,
316,52.70240521,39.60352132,16,12,,,,,,,,,,,,,
316.5,52.42263127,39.60352132,16,12,,,,,,,,,,,,,
317,53.41738306,39.90828596,16,12,,,,,,,,,,,,,
317.5,52.42263127,39.90828596,16,12,,,,,,,,,,,,,
318,52.7645772,39.75590364,16,12,,,,,,,,,,,,,
318.5,52.60914723,39.60352132,16,12,,,,,,,,,,,,,
319,52.57806124,39.65431543,16,12,,,,,,,,,,,,,
319.5,52.98217915,39.67971248,16,12,,,,,,,,,,,,,
320,52.60914723,39.60352132,16,12,,,,,,,,,,,,,
320.5,54.00801694,40.23844766,16,12,,,,,,,,,,,,,
321,52.7334912,39.62891837,16,12,,,,,,,,,,,,,
321.5,53.26195309,39.65431543,16,12,,,,,,,,,,,,,
322,52.7645772,39.42574195,16,12,,,,,,,,,,,,,
322.5,52.70240521,39.60352132,16,12,,,,,,,,,,,,,
323,53.72824299,40.34003587,16,12,,,,,,,,,,,,,
323.5,52.85783518,39.75590364,16,12,,,,,,,,,,,,,
324,52.7334912,39.78130069,16,12,,,,,,,,,,,,,
324.5,52.85783518,39.60352132,16,12,,,,,,,,,,,,,
325,53.10652312,39.67971248,16,12,,,,,,,,,,,,,
325.5,52.98217915,39.67971248,16,12,,,,,,,,,,,,,
326,53.2308671,39.62891837,16,12,,,,,,,,,,,,,
326.5,53.10652312,39.75590364,16,12,,,,,,,,,,,,,
327,52.98217915,39.75590364,16,12,,,,,,,,,,,,,
327.5,51.89416938,40.11146239,16,12,,,,,,,,,,,,,
328,53.41738306,39.8320948,16,12,,,,,,,,,,,,,
328.5,53.41738306,40.49241819,16,12,,,,,,,,,,,,,
329,52.88892117,39.67971248,16,12,,,,,,,,,,,,,
329.5,53.01326514,39.65431543,16,12,,,,,,,,,,,,,
330,53.04435114,39.75590364,16,12,,,,,,,,,,,,,
330.5,53.01326514,39.75590364,16,12,,,,,,,,,,,,,
331,52.7645772,39.67971248,16,12,,,,,,,,,,,,,
331.5,52.04959935,38.79081561,16,12,,,,,,,,,,,,,
332,52.60914723,39.62891837,16,12,,,,,,,,,,,,,
332.5,53.97693094,40.79718283,16,12,,,,,,,,,,,,,
333,53.13760912,39.98447712,16,12,,,,,,,,,,,,,
333.5,53.16869511,39.62891837,16,12,,,,,,,,,,,,,
334,53.47955505,39.78130069,16,12,,,,,,,,,,,,,
334.5,53.13760912,39.78130069,16,12,,,,,,,,,,,,,
335,53.26195309,39.65431543,16,12,,,,,,,,,,,,,
335.5,53.29303909,40.82257989,16,12,,,,,,,,,,,,,
336,53.60389902,40.08606534,16,12,,,,,,,,,,,,,
336.5,53.26195309,39.60352132,16,12,,,,,,,,,,,,,
337,53.13760912,39.1209773,16,12,,,,,,,,,,,,,
337.5,52.85783518,39.75590364,16,12,,,,,,,,,,,,,
338,53.29303909,39.98447712,16,12,,,,,,,,,,,,,
338.5,52.60914723,38.81621266,16,12,,,,,,,,,,,,,
339,53.29303909,39.17177141,16,12,,,,,,,,,,,,,
339.5,52.67131922,40.5432123,16,12,,,,,,,,,,,,,
340,53.41738306,39.47653605,16,12,,,,,,,,,,,,,
340.5,53.2308671,39.78130069,16,12,,,,,,,,,,,,,
341,52.70240521,38.91780088,16,12,,,,,,,,,,,,,
341.5,51.86308339,39.24796257,16,12,,,,,,,,,,,,,
342,53.16869511,39.60352132,16,12,,,,,,,,,,,,,
342.5,53.66607101,39.73050659,16,12,,,,,,,,,,,,,
343,53.41738306,39.95908007,16,12,,,,,,,,,,,,,
343.5,53.44846905,39.85749186,16,12,,,,,,,,,,,,,
344,52.54697524,40.03527123,16,12,,,,,,,,,,,,,
344.5,53.29303909,39.98447712,16,12,,,,,,,,,,,,,
345,53.79041498,40.72099167,16,12,,,,,,,,,,,,,
345.5,53.47955505,39.95908007,16,12,,,,,,,,,,,,,
346,54.1634469,40.49241819,16,12,,,,,,,,,,,,,
346.5,53.47955505,40.13685944,16,12,,,,,,,,,,,,,
347,53.57281303,40.00987418,16,12,,,,,,,,,,,,,
347.5,53.47955505,40.03527123,16,12,,,,,,,,,,,,,
348,53.29303909,40.00987418,16,12,,,,,,,,,,,,,
348.5,53.26195309,39.95908007,16,12,,,,,,,,,,,,,
349,53.94584495,40.79718283,16,12,,,,,,,,,,,,,
349.5,53.29303909,40.03527123,16,12,,,,,,,,,,,,,
350,53.57281303,39.60352132,16,12,,,,,,,,,,,,,
350.5,53.47955505,39.60352132,16,12,,,,,,,,,,,,,
351,53.72824299,39.98447712,16,12,,,,,,,,,,,,,
351.5,53.66607101,39.40034489,16,12,,,,,,,,,,,,,
352,54.53647883,40.61940346,16,12,,,,,,,,,,,,,
352.5,53.47955505,40.03527123,16,12,,,,,,,,,,,,,
353,53.79041498,40.18765355,16,12,,,,,,,,,,,,,
353.5,53.60389902,40.18765355,16,12,,,,,,,,,,,,,
354,53.29303909,39.98447712,16,12,,,,,,,,,,,,,
354.5,53.44846905,39.98447712,16,12,,,,,,,,,,,,,
355,54.07018892,40.08606534,16,12,,,,,,,,,,,,,
355.5,54.50539283,40.97496221,16,12,,,,,,,,,,,,,
356,53.47955505,40.11146239,16,12,,,,,,,,,,,,,
356.5,53.47955505,39.75590364,16,12,,,,,,,,,,,,,
357,53.47955505,40.13685944,16,12,,,,,,,,,,,,,
357.5,53.72824299,40.11146239,16,12,,,,,,,,,,,,,
358,53.88367296,40.11146239,16,12,,,,,,,,,,,,,
358.5,53.16869511,40.72099167,16,12,,,,,,,,,,,,,
359,53.79041498,40.23844766,16,12,,,,,,,,,,,,,
359.5,54.44322084,40.26384471,16,12,,,,,,,,,,,,,
360,53.79041498,39.95908007,16,12,,,,,,,,,,,,,
360.5,53.66607101,40.11146239,16,12,,,,,,,,,,,,,
361,54.00801694,40.23844766,16,12,,,,,,,,,,,,,
361.5,53.16869511,40.18765355,16,12,,,,,,,,,,,,,
362,53.44846905,40.11146239,16,12,,,,,,,,,,,,,
362.5,53.66607101,40.11146239,16,12,,,,,,,,,,,,,
363,53.72824299,40.03527123,16,12,,,,,,,,,,,,,
363.5,53.88367296,40.11146239,16,12,,,,,,,,,,,,,
364,53.04435114,39.37494784,16,12,,,,,,,,,,,,,
364.5,54.81625277,40.36543293,16,12,,,,,,,,,,,,,
365,54.00801694,40.46702114,16,12,,,,,,,,,,,,,
365.5,54.38104886,40.23844766,16,12,,,,,,,,,,,,,
366,55.06494071,40.49241819,16,12,,,,,,,,,,,,,
366.5,53.29303909,39.98447712,16,12,,,,,,,,,,,,,
367,53.85258697,40.11146239,16,12,,,,,,,,,,,,,
367.5,53.85258697,40.34003587,16,12,,,,,,,,,,,,,
368,53.85258697,39.8320948,16,12,,,,,,,,,,,,,
368.5,54.72299479,39.62891837,16,12,,,,,,,,,,,,,
369,53.97693094,40.11146239,16,12,,,,,,,,,,,,,
369.5,54.13236091,40.26384471,16,12,,,,,,,,,,,,,
370,54.1634469,39.95908007,16,12,,,,,,,,,,,,,
370.5,54.00801694,40.5432123,16,12,,,,,,,,,,,,,
371,54.10127492,40.23844766,16,12,,,,,,,,,,,,,
371.5,53.41738306,40.26384471,16,12,,,,,,,,,,,,,
372,54.1634469,40.46702114,16,12,,,,,,,,,,,,,
372.5,53.41738306,39.78130069,16,12,,,,,,,,,,,,,
373,53.47955505,40.94956516,16,12,,,,,,,,,,,,,
373.5,55.40688664,40.72099167,16,12,,,,,,,,,,,,,
374,54.00801694,40.46702114,16,12,,,,,,,,,,,,,
374.5,54.28779088,40.18765355,16,12,,,,,,,,,,,,,
375,53.85258697,38.96859498,16,12,,,,,,,,,,,,,
375.5,54.1634469,40.34003587,16,12,,,,,,,,,,,,,
376,55.34471466,40.72099167,16,12,,,,,,,,,,,,,
376.5,54.31887687,40.49241819,16,12,,,,,,,,,,,,,
377,54.38104886,40.49241819,16,12,,,,,,,,,,,,,
377.5,54.28779088,40.31463882,16,12,,,,,,,,,,,,,
378,54.38104886,40.44162409,16,12,,,,,,,,,,,,,
378.5,55.34471466,40.94956516,16,12,,,,,,,,,,,,,
379,54.41213485,40.36543293,16,12,,,,,,,,,,,,,
379.5,54.1634469,40.39082998,16,12,,,,,,,,,,,,,
380,54.53647883,40.5432123,16,12,,,,,,,,,,,,,
380.5,54.44322084,39.98447712,16,12,,,,,,,,,,,,,
381,54.97168273,41.45750623,16,12,,,,,,,,,,,,,
381.5,54.50539283,40.5432123,16,12,,,,,,,,,,,,,
382,54.72299479,40.72099167,16,12,,,,,,,,,,,,,
382.5,54.44322084,40.23844766,16,12,,,,,,,,,,,,,
383,53.85258697,39.47653605,16,12,,,,,,,,,,,,,
383.5,54.62973681,40.5432123,16,12,,,,,,,,,,,,,
384,54.44322084,40.69559462,16,12,,,,,,,,,,,,,
384.5,54.84733876,40.5432123,16,12,,,,,,,,,,,,,
385,54.56756482,40.5432123,16,12,,,,,,,,,,,,,
385.5,54.38104886,40.59400641,16,12,,,,,,,,,,,,,
386,53.72824299,40.39082998,16,12,,,,,,,,,,,,,
386.5,54.56756482,40.69559462,16,12,,,,,,,,,,,,,
387,54.72299479,41.27972685,16,12,,,,,,,,,,,,,
387.5,54.56756482,40.72099167,16,12,,,,,,,,,,,,,
388,54.56756482,40.72099167,16,12,,,,,,,,,,,,,
388.5,55.71774658,40.49241819,16,12,,,,,,,,,,,,,
389,53.47955505,39.8320948,16,12,,,,,,,,,,,,,
389.5,55.34471466,40.23844766,16,12,,,,,,,,,,,,,
390,54.6608228,39.98447712,16,12,,,,,,,,,,,,,
390.5,54.62973681,40.72099167,16,12,,,,,,,,,,,,,
391,54.56756482,40.5432123,16,12,,,,,,,,,,,,,
391.5,54.53647883,40.39082998,16,12,,,,,,,,,,,,,
392,54.6608228,40.5432123,16,12,,,,,,,,,,,,,
392.5,54.56756482,40.49241819,16,12,,,,,,,,,,,,,
393,54.56756482,40.23844766,16,12,,,,,,,,,,,,,
393.5,54.62973681,40.69559462,16,12,,,,,,,,,,,,,
394,54.72299479,40.18765355,16,12,,,,,,,,,,,,,
394.5,54.56756482,40.49241819,16,12,,,,,,,,,,,,,
395,54.62973681,40.46702114,16,12,,,,,,,,,,,,,
395.5,54.31887687,40.18765355,16,12,,,,,,,,,,,,,
396,54.38104886,41.50830033,16,12,,,,,,,,,,,,,
396.5,55.06494071,40.72099167,16,12,,,,,,,,,,,,,
397,54.1634469,40.18765355,16,12,,,,,,,,,,,,,
397.5,54.81625277,40.31463882,16,12,,,,,,,,,,,,,
398,54.72299479,40.5432123,16,12,,,,,,,,,,,,,
398.5,54.13236091,40.11146239,16,12,,,,,,,,,,,,,
399,54.81625277,40.11146239,16,12,,,,,,,,,,,,,
399.5,55.15819869,40.72099167,16,12,,,,,,,,,,,,,
400,55.40688664,41.53369739,16,12,,,,,,,,,,,,,
400.5,54.78516677,40.61940346,16,12,,,,,,,,,,,,,
401,54.53647883,40.18765355,16,12,,,,,,,,,,,,,
401.5,55.5934026,40.13685944,16,12,,,,,,,,,,,,,
402,54.87842475,39.24796257,16,12,,,,,,,,,,,,,
402.5,55.34471466,40.18765355,16,12,,,,,,,,,,,,,
403,54.84733876,40.49241819,16,12,,,,,,,,,,,,,
403.5,55.25145668,40.5432123,16,12,,,,,,,,,,,,,
404,53.94584495,40.13685944,16,12,,,,,,,,,,,,,
404.5,54.97168273,41.53369739,16,12,,,,,,,,,,,,,
405,54.72299479,40.67019757,16,12,,,,,,,,,,,,,
405.5,54.97168273,40.39082998,16,12,,,,,,,,,,,,,
406,55.09602671,40.72099167,16,12,,,,,,,,,,,,,
406.5,55.25145668,40.69559462,16,12,,,,,,,,,,,,,
407,54.6608228,40.74638873,16,12,,,,,,,,,,,,,
407.5,55.00276873,40.72099167,16,12,,,,,,,,,,,,,
408,54.31887687,41.50830033,16,12,,,,,,,,,,,,,
408.5,55.15819869,41.27972685,16,12,,,,,,,,,,,,,
409,55.22037068,40.74638873,16,12,,,,,,,,,,,,,
409.5,55.15819869,40.34003587,16,12,,,,,,,,,,,,,
410,54.62973681,40.23844766,16,12,,,,,,,,,,,,,
410.5,55.09602671,40.61940346,16,12,,,,,,,,,,,,,
411,55.37580065,40.69559462,16,12,,,,,,,,,,,,,
411.5,55.34471466,40.5432123,16,12,,,,,,,,,,,,,
412,54.38104886,40.18765355,16,12,,,,,,,,,,,,,
412.5,55.93534853,40.74638873,16,12,,,,,,,,,,,,,
413,55.25145668,40.59400641,16,12,,,,,,,,,,,,,
413.5,54.97168273,40.79718283,16,12,,,,,,,,,,,,,
414,55.37580065,40.72099167,16,12,,,,,,,,,,,,,
414.5,54.1634469,40.11146239,16,12,,,,,,,,,,,,,
415,56.27729446,40.9241681,16,12,,,,,,,,,,,,,
415.5,54.81625277,40.72099167,16,12,,,,,,,,,,,,,
416,54.81625277,40.5432123,16,12,,,,,,,,,,,,,
416.5,55.06494071,40.72099167,16,12,,,,,,,,,,,,,
417,55.06494071,40.72099167,16,12,,,,,,,,,,,,,
417.5,55.28254267,40.72099167,16,12,,,,,,,,,,,,,
418,56.52598241,40.94956516,16,12,,,,,,,,,,,,,
418.5,55.15819869,41.02575632,16,12,,,,,,,,,,,,,
419,55.50014462,40.9241681,16,12,,,,,,,,,,,,,
419.5,54.72299479,41.6352856,16,12,,,,,,,,,,,,,
420,55.15819869,41.10194748,16,12,,,,,,,,,,,,,
420.5,55.50014462,40.79718283,16,12,,,,,,,,,,,,,
421,55.40688664,40.82257989,16,12,,,,,,,,,,,,,
421.5,55.40688664,41.40671212,16,12,,,,,,,,,,,,,
422,55.50014462,40.72099167,16,12,,,,,,,,,,,,,
422.5,55.22037068,40.82257989,16,12,,,,,,,,,,,,,
423,55.5934026,40.72099167,16,12,,,,,,,,,,,,,
423.5,55.06494071,39.65431543,16,12,,,,,,,,,,,,,
424,55.06494071,40.61940346,16,12,,,,,,,,,,,,,
424.5,54.62973681,40.72099167,16,12,,,,,,,,,,,,,
425,55.53123062,40.82257989,16,12,,,,,,,,,,,,,
425.5,55.5934026,40.79718283,16,12,,,,,,,,,,,,,
426,55.71774658,41.05115337,16,12,,,,,,,,,,,,,
426.5,55.53123062,40.26384471,16,12,,,,,,,,,,,,,
427,55.77991856,41.3051239,16,12,,,,,,,,,,,,,
427.5,56.49489641,40.97496221,16,12,,,,,,,,,,,,,
428,55.5934026,40.94956516,16,12,,,,,,,,,,,,,
428.5,55.71774658,40.9241681,16,12,,,,,,,,,,,,,
429,54.53647883,40.72099167,16,12,,,,,,,,,,,,,
429.5,55.5934026,40.94956516,16,12,,,,,,,,,,,,,
430,55.96643453,40.69559462,16,12,,,,,,,,,,,,,
430.5,56.05969251,40.9241681,16,12,,,,,,,,,,,,,
431,55.77991856,40.61940346,16,12,,,,,,,,,,,,,
431.5,54.87842475,40.5432123,16,12,,,,,,,,,,,,,
432,56.89901433,41.20353569,16,12,,,,,,,,,,,,,
432.5,55.96643453,40.97496221,16,12,,,,,,,,,,,,,
433,55.90426254,40.84797694,16,12,,,,,,,,,,,,,
433.5,55.77991856,41.05115337,16,12,,,,,,,,,,,,,
434,56.12186449,41.3051239,16,12,,,,,,,,,,,,,
434.5,55.84209055,41.27972685,16,12,,,,,,,,,,,,,
435,55.96643453,40.9241681,16,12,,,,,,,,,,,,,
435.5,56.52598241,40.84797694,16,12,,,,,,,,,,,,,
436,56.05969251,41.10194748,16,12,,,,,,,,,,,,,
436.5,55.96643453,41.07655042,16,12,,,,,,,,,,,,,
437,55.81100456,40.79718283,16,12,,,,,,,,,,,,,
437.5,56.12186449,41.10194748,16,12,,,,,,,,,,,,,
438,55.46905863,40.97496221,16,12,,,,,,,,,,,,,
438.5,56.12186449,41.10194748,16,12,,,,,,,,,,,,,
439,55.96643453,40.9241681,16,12,,,,,,,,,,,,,
439.5,55.96643453,41.17813864,16,12,,,,,,,,,,,,,
440,56.05969251,41.05115337,16,12,,,,,,,,,,,,,
440.5,57.39639023,41.76227087,16,12,,,,,,,,,,,,,
441,55.96643453,41.17813864,16,12,,,,,,,,,,,,,
441.5,55.25145668,40.36543293,16,12,,,,,,,,,,,,,
442,55.00276873,40.49241819,16,12,,,,,,,,,,,,,
442.5,55.96643453,40.84797694,16,12,,,,,,,,,,,,,
443,56.12186449,41.33052096,16,12,,,,,,,,,,,,,
443.5,55.96643453,41.10194748,16,12,,,,,,,,,,,,,
444,55.96643453,40.9241681,16,12,,,,,,,,,,,,,
444.5,56.96118632,41.40671212,16,12,,,,,,,,,,,,,
445,56.93010032,41.73687381,16,12,,,,,,,,,,,,,
445.5,56.93010032,41.73687381,16,12,,,,,,,,,,,,,
446,55.96643453,41.07655042,16,12,,,,,,,,,,,,,
446.5,56.49489641,41.17813864,16,12,,,,,,,,,,,,,
447,56.24620847,41.20353569,16,12,,,,,,,,,,,,,
447.5,55.40688664,40.46702114,16,12,,,,,,,,,,,,,
448,56.49489641,41.38131507,16,12,,,,,,,,,,,,,
448.5,56.27729446,41.10194748,16,12,,,,,,,,,,,,,
449,56.24620847,41.10194748,16,12,,,,,,,,,,,,,
449.5,56.65032638,40.61940346,8,8,,,,,,,,,,,,,
450,55.06494071,40.94956516,8,8,,,,,,,,,,,,,
450.5,55.5934026,40.26384471,8,8,,,,,,,,,,,,,
451,56.27729446,40.11146239,8,8,,,,,,,,,,,,,
451.5,56.61924039,40.97496221,8,8,,,,,,,,,,,,,
452,56.24620847,41.17813864,8,8,,,,,,,,,,,,,
452.5,56.21512247,41.27972685,8,8,,,,,,,,,,,,,
453,56.24620847,41.6352856,8,8,,,,,,,,,,,,,
453.5,55.53123062,40.69559462,8,8,,,,,,,,,,,,,
454,55.40688664,40.72099167,8,8,,,,,,,,,,,,,
454.5,56.49489641,41.27972685,8,8,,,,,,,,,,,,,
455,56.65032638,41.40671212,8,8,,,,,,,,,,,,,
455.5,56.65032638,41.27972685,8,8,,,,,,,,,,,,,
456,56.61924039,40.82257989,8,8,,,,,,,,,,,,,
456.5,56.77467036,40.72099167,8,8,,,,,,,,,,,,,
457,56.40163843,42.04163846,8,8,,,,,,,,,,,,,
457.5,56.27729446,40.97496221,8,8,,,,,,,,,,,,,
458,56.12186449,41.05115337,8,8,,,,,,,,,,,,,
458.5,55.50014462,40.9241681,8,8,,,,,,,,,,,,,
459,56.65032638,41.27972685,8,8,,,,,,,,,,,,,
459.5,57.5207342,41.53369739,8,8,,,,,,,,,,,,,
460,56.27729446,42.49878542,8,8,,,,,,,,,,,,,
460.5,55.96643453,41.86385908,8,8,,,,,,,,,,,,,
461,56.80575635,41.27972685,8,8,,,,,,,,,,,,,
461.5,56.49489641,41.07655042,8,8,,,,,,,,,,,,,
462,57.39639023,41.33052096,8,8,,,,,,,,,,,,,
462.5,56.24620847,40.39082998,8,8,,,,,,,,,,,,,
463,57.92485211,42.11782962,8,8,,,,,,,,,,,,,
463.5,55.71774658,40.97496221,8,8,,,,,,,,,,,,,
464,56.77467036,41.33052096,8,8,,,,,,,,,,,,,
464.5,56.65032638,41.27972685,8,8,,,,,,,,,,,,,
465,57.24096026,41.88925614,8,8,,,,,,,,,,,,,
465.5,57.95593811,41.68607971,8,8,,,,,,,,,,,,,
466,56.61924039,40.97496221,8,8,,,,,,,,,,,,,
466.5,56.5570684,41.40671212,8,8,,,,,,,,,,,,,
467,56.27729446,40.9241681,8,8,,,,,,,,,,,,,
467.5,56.74358436,41.53369739,8,8,,,,,,,,,,,,,
468,56.77467036,41.50830033,8,8,,,,,,,,,,,,,
468.5,56.74358436,41.38131507,8,8,,,,,,,,,,,,,
469,56.99227231,41.50830033,8,8,,,,,,,,,,,,,
469.5,56.80575635,40.79718283,8,8,,,,,,,,,,,,,
470,56.96118632,41.99084435,8,8,,,,,,,,,,,,,
470.5,56.96118632,40.94956516,8,8,,,,,,,,,,,,,
471,56.68141238,41.76227087,8,8,,,,,,,,,,,,,
471.5,56.68141238,41.10194748,8,8,,,,,,,,,,,,,
472,56.80575635,41.20353569,8,8,,,,,,,,,,,,,
472.5,56.99227231,41.45750623,8,8,,,,,,,,,,,,,
473,56.93010032,41.38131507,8,8,,,,,,,,,,,,,
473.5,57.5207342,42.37180015,8,8,,,,,,,,,,,,,
474,56.77467036,41.6352856,8,8,,,,,,,,,,,,,
474.5,56.96118632,41.53369739,8,8,,,,,,,,,,,,,
475,57.17878827,41.6352856,8,8,,,,,,,,,,,,,
475.5,57.17878827,40.9241681,8,8,,,,,,,,,,,,,
476,57.24096026,41.50830033,8,8,,,,,,,,,,,,,
476.5,57.11661628,41.73687381,8,8,,,,,,,,,,,,,
477,56.96118632,41.50830033,8,8,,,,,,,,,,,,,
477.5,55.96643453,41.40671212,8,8,,,,,,,,,,,,,
478,57.45856221,41.76227087,8,8,,,,,,,,,,,,,
478.5,55.84209055,41.27972685,8,8,,,,,,,,,,,,,
479,56.99227231,41.40671212,8,8,,,,,,,,,,,,,
479.5,57.24096026,41.05115337,8,8,,,,,,,,,,,,,
480,56.61924039,40.69559462,8,8,,,,,,,,,,,,,
480.5,57.5207342,41.73687381,8,8,,,,,,,,,,,,,
481,56.5570684,40.69559462,8,8,,,,,,,,,,,,,
481.5,56.65032638,41.45750623,8,8,,,,,,,,,,,,,
482,57.80050814,42.29560899,8,8,,,,,,,,,,,,,
482.5,57.08553029,42.09243256,8,8,,,,,,,,,,,,,
483,57.20987426,41.66068265,8,8,,,,,,,,,,,,,
483.5,58.23571205,41.88925614,8,8,,,,,,,,,,,,,
484,57.08553029,41.45750623,8,8,,,,,,,,,,,,,
484.5,57.17878827,41.27972685,8,8,,,,,,,,,,,,,
485,57.61399218,41.76227087,8,8,,,,,,,,,,,,,
485.5,57.36530423,41.68607971,8,8,,,,,,,,,,,,,
486,56.0907785,41.10194748,8,8,,,,,,,,,,,,,
486.5,57.17878827,41.76227087,8,8,,,,,,,,,,,,,
487,57.39639023,41.66068265,8,8,,,,,,,,,,,,,
487.5,58.20462606,41.53369739,8,8,,,,,,,,,,,,,
488,56.77467036,42.09243256,8,8,,,,,,,,,,,,,
488.5,56.68141238,41.45750623,8,8,,,,,,,,,,,,,
489,57.39639023,41.78766792,8,8,,,,,,,,,,,,,
489.5,57.36530423,41.3051239,8,8,,,,,,,,,,,,,
490,57.33421824,41.78766792,8,8,,,,,,,,,,,,,
490.5,58.36005602,40.97496221,8,8,,,,,,,,,,,,,
491,57.36530423,40.82257989,8,8,,,,,,,,,,,,,
491.5,58.04919609,41.88925614,8,8,,,,,,,,,,,,,
492,57.39639023,41.66068265,8,8,,,,,,,,,,,,,
492.5,57.58290619,41.53369739,8,8,,,,,,,,,,,,,
493,57.33421824,41.81306497,8,8,,,,,,,,,,,,,
493.5,57.39639023,41.66068265,8,8,,,,,,,,,,,,,
494,57.45856221,41.3051239,8,8,,,,,,,,,,,,,
494.5,57.39639023,41.6352856,8,8,,,,,,,,,,,,,
495,57.39639023,41.68607971,8,8,,,,,,,,,,,,,
495.5,57.39639023,41.76227087,8,8,,,,,,,,,,,,,
496,58.04919609,41.68607971,8,8,,,,,,,,,,,,,
496.5,57.39639023,41.86385908,8,8,,,,,,,,,,,,,
497,57.5207342,40.72099167,8,8,,,,,,,,,,,,,
497.5,57.64507817,41.86385908,8,8,,,,,,,,,,,,,
498,57.5207342,41.76227087,8,8,,,,,,,,,,,,,
498.5,57.67616417,41.86385908,8,8,,,,,,,,,,,,,
499,56.74358436,41.53369739,8,8,,,,,,,,,,,,,
499.5,57.48964821,41.76227087,8,8,,,,,,,,,,,,,
500,57.61399218,42.57497658,8,8,,,,,,,,,,,,,
500.5,57.39639023,42.11782962,8,8,,,,,,,,,,,,,
501,57.36530423,41.76227087,8,8,,,,,,,,,,,,,
501.5,56.93010032,40.74638873,8,8,,,,,,,,,,,,,
502,57.17878827,41.66068265,8,8,,,,,,,,,,,,,
502.5,57.64507817,40.82257989,8,8,,,,,,,,,,,,,
503,59.04394788,41.81306497,8,8,,,,,,,,,,,,,
503.5,58.91960391,42.52418247,8,8,,,,,,,,,,,,,
504,57.67616417,41.68607971,8,8,,,,,,,,,,,,,
504.5,57.5207342,41.68607971,8,8,,,,,,,,,,,,,
505,57.36530423,41.68607971,8,8,,,,,,,,,,,,,
505.5,57.64507817,41.86385908,8,8,,,,,,,,,,,,,
506,57.36530423,41.86385908,8,8,,,,,,,,,,,,,
506.5,57.67616417,42.39719721,8,8,,,,,,,,,,,,,
507,56.68141238,41.81306497,8,8,,,,,,,,,,,,,
507.5,57.45856221,41.68607971,8,8,,,,,,,,,,,,,
508,57.24096026,41.40671212,8,8,,,,,,,,,,,,,
508.5,57.67616417,41.86385908,8,8,,,,,,,,,,,,,
509,57.5207342,40.79718283,8,8,,,,,,,,,,,,,
509.5,57.45856221,41.78766792,8,8,,,,,,,,,,,,,
510,58.20462606,41.88925614,8,8,,,,,,,,,,,,,
510.5,57.61399218,41.38131507,8,8,,,,,,,,,,,,,
511,57.67616417,41.78766792,8,8,,,,,,,,,,,,,
511.5,58.04919609,41.78766792,8,8,,,,,,,,,,,,,
512,58.0181101,41.81306497,8,8,,,,,,,,,,,,,
512.5,57.95593811,41.76227087,8,8,,,,,,,,,,,,,
513,57.80050814,41.27972685,8,8,,,,,,,,,,,,,
513.5,56.5570684,41.27972685,8,8,,,,,,,,,,,,,
514,58.91960391,42.65116774,8,8,,,,,,,,,,,,,
514.5,58.39114202,41.94005024,8,8,,,,,,,,,,,,,
515,58.4844,41.05115337,8,8,,,,,,,,,,,,,
515.5,57.89376612,41.86385908,8,8,,,,,,,,,,,,,
516,58.04919609,41.86385908,8,8,,,,,,,,,,,,,
516.5,57.89376612,41.99084435,8,8,,,,,,,,,,,,,
517,57.67616417,42.09243256,8,8,,,,,,,,,,,,,
517.5,58.04919609,42.75275595,8,8,,,,,,,,,,,,,
518,58.08028208,41.86385908,8,8,,,,,,,,,,,,,
518.5,57.95593811,41.86385908,8,8,,,,,,,,,,,,,
519,58.67091596,41.88925614,8,8,,,,,,,,,,,,,
519.5,57.83159413,41.81306497,8,8,,,,,,,,,,,,,
520,57.5207342,40.34003587,8,8,,,,,,,,,,,,,
520.5,58.14245407,41.50830033,8,8,,,,,,,,,,,,,
521,58.51548599,42.37180015,8,8,,,,,,,,,,,,,
521.5,57.36530423,41.81306497,8,8,,,,,,,,,,,,,
522,58.14245407,42.04163846,8,8,,,,,,,,,,,,,
522.5,58.76417394,41.99084435,8,8,,,,,,,,,,,,,
523,58.0181101,41.81306497,8,8,,,,,,,,,,,,,
523.5,58.32897003,41.86385908,8,8,,,,,,,,,,,,,
524,58.08028208,41.81306497,8,8,,,,,,,,,,,,,
524.5,57.33421824,41.81306497,8,8,,,,,,,,,,,,,
525,58.0181101,41.86385908,8,8,,,,,,,,,,,,,
525.5,57.17878827,42.49878542,8,8,,,,,,,,,,,,,
526,58.91960391,42.52418247,8,8,,,,,,,,,,,,,
526.5,58.0181101,41.86385908,8,8,,,,,,,,,,,,,
527,57.39639023,41.27972685,8,8,,,,,,,,,,,,,
527.5,57.95593811,41.99084435,8,8,,,,,,,,,,,,,
528,58.39114202,41.10194748,8,8,,,,,,,,,,,,,
528.5,58.79525993,43.00672649,8,8,,,,,,,,,,,,,
529,58.08028208,42.21941783,8,8,,,,,,,,,,,,,
529.5,58.14245407,41.88925614,8,8,,,,,,,,,,,,,
530,58.0181101,41.94005024,8,8,,,,,,,,,,,,,
530.5,58.14245407,40.82257989,8,8,,,,,,,,,,,,,
531,58.04919609,41.99084435,8,8,,,,,,,,,,,,,
531.5,57.58290619,42.85434417,8,8,,,,,,,,,,,,,
532,58.36005602,41.86385908,8,8,,,,,,,,,,,,,
532.5,58.67091596,42.04163846,8,8,,,,,,,,,,,,,
533,58.29788404,41.94005024,8,8,,,,,,,,,,,,,
533.5,58.20462606,42.3464031,8,8,,,,,,,,,,,,,
534,58.20462606,42.11782962,8,8,,,,,,,,,,,,,
534.5,58.76417394,41.78766792,8,8,,,,,,,,,,,,,
535,58.23571205,42.21941783,8,8,,,,,,,,,,,,,
535.5,59.47915179,42.70196185,8,8,,,,,,,,,,,,,
536,59.29263583,42.39719721,8,8,,,,,,,,,,,,,
536.5,58.20462606,42.04163846,8,8,,,,,,,,,,,,,
537,58.57765798,42.09243256,8,8,,,,,,,,,,,,,
537.5,58.39114202,42.11782962,8,8,,,,,,,,,,,,,
538,58.32897003,41.86385908,8,8,,,,,,,,,,,,,
538.5,58.4844,42.09243256,8,8,,,,,,,,,,,,,
539,58.57765798,42.11782962,8,8,,,,,,,,,,,,,
539.5,59.04394788,42.11782962,8,8,,,,,,,,,,,,,
540,57.67616417,41.27972685,8,8,,,,,,,,,,,,,
540.5,58.73308795,41.81306497,8,8,,,,,,,,,,,,,
541,58.67091596,43.0575206,8,8,,,,,,,,,,,,,
541.5,58.51548599,42.11782962,8,8,,,,,,,,,,,,,
542,57.33421824,41.43210917,8,8,,,,,,,,,,,,,
542.5,57.95593811,41.99084435,8,8,,,,,,,,,,,,,
543,58.57765798,42.16862372,8,8,,,,,,,,,,,,,
543.5,58.57765798,41.38131507,8,8,,,,,,,,,,,,,
544,58.51548599,41.78766792,8,8,,,,,,,,,,,,,
544.5,57.89376612,41.94005024,8,8,,,,,,,,,,,,,
545,58.32897003,42.27021194,8,8,,,,,,,,,,,,,
545.5,58.4844,42.11782962,8,8,,,,,,,,,,,,,
546,58.67091596,42.21941783,8,8,,,,,,,,,,,,,
546.5,58.73308795,42.16862372,8,8,,,,,,,,,,,,,
547,58.67091596,41.3051239,8,8,,,,,,,,,,,,,
547.5,57.83159413,41.10194748,8,8,,,,,,,,,,,,,
548,57.89376612,42.11782962,8,8,,,,,,,,,,,,,
548.5,57.39639023,41.68607971,8,8,,,,,,,,,,,,,
549,59.72783974,42.95593238,8,8,,,,,,,,,,,,,
549.5,58.73308795,42.3464031,8,8,,,,,,,,,,,,,
550,58.57765798,42.37180015,8,8,,,,,,,,,,,,,
550.5,58.39114202,41.94005024,8,8,,,,,,,,,,,,,
551,58.79525993,42.04163846,8,8,,,,,,,,,,,,,
551.5,59.4480658,42.62577069,8,8,,,,,,,,,,,,,
552,57.83159413,42.09243256,8,8,,,,,,,,,,,,,
552.5,57.83159413,42.87974122,8,8,,,,,,,,,,,,,
553,57.80050814,41.99084435,8,8,,,,,,,,,,,,,
553.5,58.23571205,40.94956516,8,8,,,,,,,,,,,,,
554,58.76417394,42.3464031,8,8,,,,,,,,,,,,,
554.5,58.60874397,41.99084435,8,8,,,,,,,,,,,,,
555,58.51548599,42.3464031,8,8,,,,,,,,,,,,,
555.5,59.4480658,42.39719721,8,8,,,,,,,,,,,,,
556,58.32897003,41.66068265,8,8,,,,,,,,,,,,,
556.5,58.76417394,42.3464031,8,8,,,,,,,,,,,,,
557,58.79525993,42.27021194,8,8,,,,,,,,,,,,,
557.5,58.76417394,41.86385908,8,8,,,,,,,,,,,,,
558,58.39114202,42.14322667,8,8,,,,,,,,,,,,,
558.5,57.61399218,41.88925614,8,8,,,,,,,,,,,,,
559,58.76417394,43.00672649,8,8,,,,,,,,,,,,,
559.5,59.10611987,42.47338837,8,8,,,,,,,,,,,,,
560,58.76417394,42.39719721,8,8,,,,,,,,,,,,,
560.5,58.85743192,42.44799131,8,8,,,,,,,,,,,,,
561,58.79525993,43.18450586,8,8,,,,,,,,,,,,,
561.5,58.85743192,41.86385908,8,8,,,,,,,,,,,,,
562,58.79525993,42.27021194,8,8,,,,,,,,,,,,,
562.5,58.79525993,42.52418247,8,8,,,,,,,,,,,,,
563,57.83159413,41.94005024,8,8,,,,,,,,,,,,,
563.5,59.10611987,42.82894711,8,8,,,,,,,,,,,,,
564,58.85743192,42.37180015,8,8,,,,,,,,,,,,,
564.5,58.76417394,42.52418247,8,8,,,,,,,,,,,,,
565,58.91960391,43.08291765,8,8,,,,,,,,,,,,,
565.5,57.89376612,42.04163846,8,8,,,,,,,,,,,,,
566,59.01286189,42.62577069,8,8,,,,,,,,,,,,,
566.5,58.79525993,42.49878542,8,8,,,,,,,,,,,,,
567,58.98177589,42.44799131,8,8,,,,,,,,,,,,,
567.5,58.79525993,42.3464031,8,8,,,,,,,,,,,,,
568,59.01286189,42.39719721,8,8,,,,,,,,,,,,,
568.5,57.80050814,43.23529997,8,8,,,,,,,,,,,,,
569,58.79525993,42.37180015,8,8,,,,,,,,,,,,,
569.5,58.79525993,42.11782962,8,8,,,,,,,,,,,,,
570,58.76417394,41.99084435,8,8,,,,,,,,,,,,,
570.5,58.76417394,42.11782962,8,8,,,,,,,,,,,,,
571,58.04919609,42.3464031,8,8,,,,,,,,,,,,,
571.5,58.32897003,41.86385908,8,8,,,,,,,,,,,,,
572,58.88851791,41.86385908,8,8,,,,,,,,,,,,,
572.5,58.79525993,42.37180015,8,8,,,,,,,,,,,,,
573,58.67091596,42.39719721,8,8,,,,,,,,,,,,,
573.5,58.0181101,42.11782962,8,8,,,,,,,,,,,,,
574,59.04394788,42.39719721,8,8,,,,,,,,,,,,,
574.5,58.85743192,42.49878542,8,8,,,,,,,,,,,,,
575,59.01286189,42.39719721,8,8,,,,,,,,,,,,,
575.5,58.79525993,42.98132944,8,8,,,,,,,,,,,,,
576,58.79525993,42.37180015,8,8,,,,,,,,,,,,,
576.5,58.79525993,42.49878542,8,8,,,,,,,,,,,,,
577,59.29263583,42.7273589,8,8,,,,,,,,,,,,,
577.5,58.85743192,42.39719721,8,8,,,,,,,,,,,,,
578,58.88851791,42.27021194,8,8,,,,,,,,,,,,,
578.5,58.98177589,41.86385908,8,8,,,,,,,,,,,,,
579,58.29788404,42.37180015,8,8,,,,,,,,,,,,,
579.5,59.01286189,42.52418247,8,8,,,,,,,,,,,,,
580,59.29263583,42.39719721,8,8,,,,,,,,,,,,,
580.5,58.88851791,41.88925614,8,8,,,,,,,,,,,,,
581,59.72783974,42.70196185,8,8,,,,,,,,,,,,,
581.5,58.39114202,42.11782962,8,8,,,,,,,,,,,,,
582,58.79525993,42.65116774,8,8,,,,,,,,,,,,,
582.5,59.10611987,42.39719721,8,8,,,,,,,,,,,,,
583,58.85743192,42.3464031,8,8,,,,,,,,,,,,,
583.5,58.98177589,42.49878542,8,8,,,,,,,,,,,,,
584,59.04394788,42.3464031,8,8,,,,,,,,,,,,,
584.5,59.19937785,42.75275595,8,8,,,,,,,,,,,,,
585,58.88851791,42.44799131,8,8,,,,,,,,,,,,,
585.5,58.88851791,42.44799131,8,8,,,,,,,,,,,,,
586,59.04394788,43.00672649,8,8,,,,,,,,,,,,,
586.5,59.4169798,42.27021194,8,8,,,,,,,,,,,,,
587,59.75892573,43.36228524,8,8,,,,,,,,,,,,,
587.5,59.79001172,43.41307935,8,8,,,,,,,,,,,,,
588,58.85743192,41.94005024,8,8,,,,,,,,,,,,,
588.5,58.88851791,42.82894711,8,8,,,,,,,,,,,,,
589,59.10611987,43.18450586,8,8,,,,,,,,,,,,,
589.5,59.10611987,42.65116774,8,8,,,,,,,,,,,,,
590,58.88851791,42.39719721,8,8,,,,,,,,,,,,,
590.5,59.23046384,42.65116774,8,8,,,,,,,,,,,,,
591,59.01286189,42.52418247,8,8,,,,,,,,,,,,,
591.5,59.32372182,42.65116774,8,8,,,,,,,,,,,,,
592,60.19412964,42.82894711,8,8,,,,,,,,,,,,,
592.5,60.00761368,42.52418247,8,8,,,,,,,,,,,,,
593,58.85743192,42.47338837,8,8,,,,,,,,,,,,,
593.5,58.20462606,42.52418247,8,8,,,,,,,,,,,,,
594,59.10611987,42.21941783,8,8,,,,,,,,,,,,,
594.5,58.88851791,42.39719721,8,8,,,,,,,,,,,,,
595,59.35480782,43.23529997,8,8,,,,,,,,,,,,,
595.5,60.19412964,43.1083147,8,8,,,,,,,,,,,,,
596,59.01286189,42.70196185,8,8,,,,,,,,,,,,,
596.5,59.35480782,42.52418247,8,8,,,,,,,,,,,,,
597,58.98177589,41.99084435,8,8,,,,,,,,,,,,,
597.5,58.79525993,42.39719721,8,8,,,,,,,,,,,,,
598,59.10611987,42.95593238,8,8,,,,,,,,,,,,,
598.5,59.32372182,42.65116774,8,8,,,,,,,,,,,,,
599,59.47915179,42.39719721,8,8,,,,,,,,,,,,,
599.5,59.04394788,42.52418247,8,8,,,,,,,,,,,,,
600,58.23571205,42.65116774,8,8,,,,,,,,,,,,,
600.5,59.10611987,42.75275595,8,8,,,,,,,,,,,,,
601,60.00761368,42.87974122,8,8,,,,,,,,,,,,,
601.5,60.13195765,42.82894711,8,8,,,,,,,,,,,,,
602,59.8832697,43.20990292,8,8,,,,,,,,,,,,,
602.5,59.29263583,42.39719721,8,8,,,,,,,,,,,,,
603,58.14245407,42.39719721,8,8,,,,,,,,,,,,,
603.5,59.04394788,42.98132944,8,8,,,,,,,,,,,,,
604,59.19937785,42.85434417,8,8,,,,,,,,,,,,,
604.5,59.19937785,42.3464031,8,8,,,,,,,,,,,,,
605,59.04394788,42.75275595,8,8,,,,,,,,,,,,,
605.5,59.04394788,42.82894711,8,8,,,,,,,,,,,,,
606,59.19937785,42.62577069,8,8,,,,,,,,,,,,,
606.5,59.79001172,43.20990292,8,8,,,,,,,,,,,,,
607,59.4169798,42.85434417,8,8,,,,,,,,,,,,,
607.5,59.29263583,42.87974122,8,8,,,,,,,,,,,,,
608,59.9143557,42.98132944,8,8,,,,,,,,,,,,,
608.5,58.73308795,43.56546167,8,8,,,,,,,,,,,,,
609,59.23046384,42.87974122,8,8,,,,,,,,,,,,,
609.5,59.29263583,42.80355006,8,8,,,,,,,,,,,,,
610,60.19412964,43.46387345,8,8,,,,,,,,,,,,,
610.5,58.98177589,42.98132944,8,8,,,,,,,,,,,,,
611,58.23571205,42.75275595,8,8,,,,,,,,,,,,,
611.5,59.35480782,42.62577069,8,8,,,,,,,,,,,,,
612,58.04919609,43.0575206,8,8,,,,,,,,,,,,,
612.5,59.4480658,42.44799131,8,8,,,,,,,,,,,,,
613,59.4480658,42.39719721,8,8,,,,,,,,,,,,,
613.5,58.57765798,41.88925614,8,8,,,,,,,,,,,,,
614,58.57765798,42.98132944,8,8,,,,,,,,,,,,,
614.5,59.29263583,42.62577069,8,8,,,,,,,,,,,,,
615,59.23046384,42.70196185,8,8,,,,,,,,,,,,,
615.5,60.25630163,42.80355006,8,8,,,,,,,,,,,,,
616,60.19412964,42.87974122,8,8,,,,,,,,,,,,,
616.5,58.76417394,42.47338837,8,8,,,,,,,,,,,,,
617,60.00761368,42.11782962,8,8,,,,,,,,,,,,,
617.5,59.29263583,43.0575206,8,8,,,,,,,,,,,,,
618,58.98177589,41.86385908,8,8,,,,,,,,,,,,,
618.5,58.98177589,42.57497658,8,8,,,,,,,,,,,,,
619,58.91960391,43.41307935,8,8,,,,,,,,,,,,,
619.5,59.04394788,42.82894711,8,8,,,,,,,,,,,,,
620,59.10611987,42.82894711,8,8,,,,,,,,,,,,,
620.5,59.4480658,43.00672649,8,8,,,,,,,,,,,,,
621,59.4480658,42.95593238,8,8,,,,,,,,,,,,,
621.5,59.72783974,41.99084435,8,8,,,,,,,,,,,,,
622,59.29263583,42.95593238,8,8,,,,,,,,,,,,,
622.5,59.29263583,42.82894711,8,8,,,,,,,,,,,,,
623,59.04394788,42.85434417,8,8,,,,,,,,,,,,,
623.5,59.10611987,42.70196185,8,8,,,,,,,,,,,,,
624,59.4169798,42.82894711,8,8,,,,,,,,,,,,,
624.5,59.35480782,42.39719721,8,8,,,,,,,,,,,,,
625,59.4169798,42.75275595,8,8,,,,,,,,,,,,,
625.5,60.16304365,43.00672649,8,8,,,,,,,,,,,,,
626,59.23046384,42.80355006,8,8,,,,,,,,,,,,,
626.5,58.79525993,42.0162414,8,8,,,,,,,,,,,,,
627,59.63458176,43.69244693,8,8,,,,,,,,,,,,,
627.5,58.98177589,42.75275595,8,8,,,,,,,,,,,,,
628,58.79525993,42.47338837,8,8,,,,,,,,,,,,,
628.5,59.35480782,42.95593238,8,8,,,,,,,,,,,,,
629,59.19937785,43.00672649,8,8,,,,,,,,,,,,,
629.5,59.4480658,42.95593238,8,8,,,,,,,,,,,,,
630,59.4169798,42.95593238,8,8,,,,,,,,,,,,,
630.5,59.10611987,43.1083147,8,8,,,,,,,,,,,,,
631,59.32372182,42.52418247,8,8,,,,,,,,,,,,,
631.5,58.85743192,42.11782962,8,8,,,,,,,,,,,,,
632,59.4480658,43.1083147,8,8,,,,,,,,,,,,,
632.5,59.35480782,43.00672649,8,8,,,,,,,,,,,,,
633,60.59824755,43.66704988,8,8,,,,,,,,,,,,,
633.5,58.79525993,43.56546167,8,8,,,,,,,,,,,,,
634,59.4480658,42.98132944,8,8,,,,,,,,,,,,,
634.5,59.63458176,42.98132944,8,8,,,,,,,,,,,,,
635,59.4480658,42.70196185,8,8,,,,,,,,,,,,,
635.5,59.19937785,43.00672649,8,8,,,,,,,,,,,,,
636,59.4480658,42.95593238,8,8,,,,,,,,,,,,,
636.5,59.75892573,43.15910881,8,8,,,,,,,,,,,,,
637,59.23046384,43.00672649,8,8,,,,,,,,,,,,,
637.5,60.19412964,43.00672649,8,8,,,,,,,,,,,,,
638,59.35480782,42.80355006,8,8,,,,,,,,,,,,,
638.5,60.50498957,43.89562336,8,8,,,,,,,,,,,,,
639,59.4480658,43.00672649,8,8,,,,,,,,,,,,,
639.5,58.36005602,42.16862372,8,8,,,,,,,,,,,,,
640,60.19412964,43.00672649,8,8,,,,,,,,,,,,,
640.5,58.76417394,42.11782962,8,8,,,,,,,,,,,,,
641,59.57240977,43.0575206,8,8,,,,,,,,,,,,,
641.5,59.57240977,43.08291765,8,8,,,,,,,,,,,,,
642,59.57240977,43.0575206,8,8,,,,,,,,,,,,,
642.5,59.63458176,43.23529997,8,8,,,,,,,,,,,,,
643,60.19412964,42.27021194,8,8,,,,,,,,,,,,,
643.5,59.4480658,43.1083147,8,8,,,,,,,,,,,,,
644,59.4480658,42.98132944,8,8,,,,,,,,,,,,,
644.5,59.4169798,43.1083147,8,8,,,,,,,,,,,,,
645,59.29263583,43.0575206,8,8,,,,,,,,,,,,,
645.5,59.57240977,42.87974122,8,8,,,,,,,,,,,,,
646,59.75892573,42.98132944,8,8,,,,,,,,,,,,,
646.5,59.29263583,43.0575206,8,8,,,,,,,,,,,,,
647,59.63458176,43.23529997,8,8,,,,,,,,,,,,,
647.5,60.31847361,43.41307935,8,8,,,,,,,,,,,,,
648,59.60349576,43.54006461,8,8,,,,,,,,,,,,,
648.5,59.04394788,43.18450586,8,8,,,,,,,,,,,,,
649,59.47915179,42.95593238,8,8,,,,,,,,,,,,,
649.5,59.10611987,42.98132944,8,8,,,,,,,,,,,,,
650,60.25630163,44.12419684,8,8,,,,,,,,,,,,,
650.5,59.4169798,43.00672649,8,8,,,,,,,,,,,,,
651,60.31847361,43.97181452,8,8,,,,,,,,,,,,,
651.5,60.25630163,43.69244693,8,8,,,,,,,,,,,,,
652,58.57765798,42.70196185,8,8,,,,,,,,,,,,,
652.5,58.79525993,42.80355006,8,8,,,,,,,,,,,,,
653,59.35480782,43.36228524,8,8,,,,,,,,,,,,,
653.5,58.98177589,43.51466756,8,8,,,,,,,,,,,,,
654,60.50498957,44.1495939,8,8,,,,,,,,,,,,,
654.5,59.72783974,43.00672649,8,8,,,,,,,,,,,,,
655,59.57240977,43.1083147,8,8,,,,,,,,,,,,,
655.5,59.57240977,43.1083147,8,8,,,,,,,,,,,,,
656,59.47915179,43.00672649,8,8,,,,,,,,,,,,,
656.5,58.57765798,43.00672649,8,8,,,,,,,,,,,,,
657,59.57240977,43.00672649,8,8,,,,,,,,,,,,,
657.5,59.47915179,42.62577069,8,8,,,,,,,,,,,,,
658,59.69675374,43.1083147,8,8,,,,,,,,,,,,,
658.5,59.79001172,43.92102042,8,8,,,,,,,,,,,,,
659,59.19937785,43.08291765,8,8,,,,,,,,,,,,,
659.5,59.63458176,43.00672649,8,8,,,,,,,,,,,,,
660,58.91960391,43.66704988,8,8,,,,,,,,,,,,,
660.5,59.29263583,43.41307935,8,8,,,,,,,,,,,,,
661,59.29263583,43.1083147,8,8,,,,,,,,,,,,,
661.5,59.79001172,43.4384764,8,8,,,,,,,,,,,,,
662,60.31847361,44.1495939,8,8,,,,,,,,,,,,,
662.5,58.76417394,42.52418247,8,8,,,,,,,,,,,,,
663,59.72783974,42.87974122,8,8,,,,,,,,,,,,,
663.5,58.57765798,42.49878542,8,8,,,,,,,,,,,,,
664,59.63458176,43.18450586,8,8,,,,,,,,,,,,,
664.5,59.4480658,42.98132944,8,8,,,,,,,,,,,,,
665,59.79001172,43.18450586,8,8,,,,,,,,,,,,,
665.5,60.00761368,43.20990292,8,8,,,,,,,,,,,,,
666,59.63458176,42.98132944,8,8,,,,,,,,,,,,,
666.5,58.76417394,42.82894711,8,8,,,,,,,,,,,,,
667,59.57240977,43.18450586,8,8,,,,,,,,,,,,,
667.5,60.50498957,43.66704988,8,8,,,,,,,,,,,,,
668,59.47915179,43.1083147,8,8,,,,,,,,,,,,,
668.5,59.4480658,43.00672649,8,8,,,,,,,,,,,,,
669,59.10611987,42.27021194,8,8,,,,,,,,,,,,,
669.5,59.79001172,43.54006461,8,8,,,,,,,,,,,,,
670,60.19412964,44.25118211,8,8,,,,,,,,,,,,,
670.5,59.72783974,43.20990292,8,8,,,,,,,,,,,,,
671,59.60349576,43.41307935,8,8,,,,,,,,,,,,,
671.5,59.47915179,43.1083147,8,8,,,,,,,,,,,,,
672,59.63458176,43.92102042,8,8,,,,,,,,,,,,,
672.5,59.63458176,42.82894711,8,8,,,,,,,,,,,,,
673,60.31847361,43.54006461,8,8,,,,,,,,,,,,,
673.5,59.57240977,42.85434417,8,8,,,,,,,,,,,,,
674,59.60349576,43.54006461,8,8,,,,,,,,,,,,,
674.5,58.85743192,42.85434417,8,8,,,,,,,,,,,,,
675,59.57240977,43.20990292,8,8,,,,,,,,,,,,,
675.5,60.31847361,43.66704988,8,8,,,,,,,,,,,,,
676,59.72783974,43.51466756,8,8,,,,,,,,,,,,,
676.5,59.79001172,43.54006461,8,8,,,,,,,,,,,,,
677,59.69675374,43.20990292,8,8,,,,,,,,,,,,,
677.5,59.57240977,43.41307935,8,8,,,,,,,,,,,,,
678,59.35480782,43.36228524,8,8,,,,,,,,,,,,,
678.5,59.10611987,43.97181452,8,8,,,,,,,,,,,,,
679,60.3806456,43.66704988,8,8,,,,,,,,,,,,,
679.5,59.75892573,43.54006461,8,8,,,,,,,,,,,,,
680,59.72783974,43.36228524,8,8,,,,,,,,,,,,,
680.5,59.63458176,43.36228524,8,8,,,,,,,,,,,,,
681,59.60349576,43.41307935,8,8,,,,,,,,,,,,,
681.5,59.63458176,43.23529997,8,8,,,,,,,,,,,,,
682,60.69150553,43.41307935,8,8,,,,,,,,,,,,,
682.5,59.47915179,43.0575206,8,8,,,,,,,,,,,,,
683,59.29263583,44.25118211,8,8,,,,,,,,,,,,,
683.5,60.31847361,42.70196185,8,8,,,,,,,,,,,,,
684,59.4480658,43.18450586,8,8,,,,,,,,,,,,,
684.5,59.63458176,43.1083147,8,8,,,,,,,,,,,,,
685,59.4480658,43.33688818,8,8,,,,,,,,,,,,,
685.5,59.72783974,43.56546167,8,8,,,,,,,,,,,,,
686,59.35480782,43.1083147,8,8,,,,,,,,,,,,,
686.5,60.44281759,43.59085872,8,8,,,,,,,,,,,,,
687,59.47915179,43.54006461,8,8,,,,,,,,,,,,,
687.5,59.60349576,43.66704988,8,8,,,,,,,,,,,,,
688,59.35480782,43.33688818,8,8,,,,,,,,,,,,,
688.5,59.35480782,42.82894711,8,8,,,,,,,,,,,,,
689,60.16304365,44.25118211,8,8,,,,,,,,,,,,,
689.5,59.75892573,43.59085872,8,8,,,,,,,,,,,,,
690,60.16304365,43.54006461,8,8,,,,,,,,,,,,,
690.5,59.8832697,43.56546167,8,8,,,,,,,,,,,,,
691,59.63458176,42.95593238,8,8,,,,,,,,,,,,,
691.5,60.69150553,44.1495939,8,8,,,,,,,,,,,,,
692,59.29263583,42.70196185,8,8,,,,,,,,,,,,,
692.5,59.63458176,43.41307935,8,8,,,,,,,,,,,,,
693,60.81584951,43.92102042,8,8,,,,,,,,,,,,,
693.5,59.63458176,43.54006461,8,8,,,,,,,,,,,,,
694,59.79001172,43.36228524,8,8,,,,,,,,,,,,,
694.5,60.06978567,42.65116774,8,8,,,,,,,,,,,,,
695,60.13195765,43.8194322,8,8,,,,,,,,,,,,,
695.5,58.76417394,42.98132944,8,8,,,,,,,,,,,,,
696,59.63458176,43.46387345,8,8,,,,,,,,,,,,,
696.5,59.4480658,43.54006461,8,8,,,,,,,,,,,,,
697,59.57240977,43.54006461,8,8,,,,,,,,,,,,,
697.5,59.57240977,42.87974122,8,8,,,,,,,,,,,,,
698,60.28738762,43.59085872,8,8,,,,,,,,,,,,,
698.5,59.63458176,44.1495939,8,8,,,,,,,,,,,,,
699,58.79525993,43.54006461,8,8,,,,,,,,,,,,,
699.5,59.4480658,43.23529997,8,8,,,,,,,,,,,,,
700,59.4480658,43.54006461,8,8,,,,,,,,,,,,,
700.5,59.72783974,43.1083147,8,8,,,,,,,,,,,,,
701,59.60349576,43.71784399,8,8,,,,,,,,,,,,,
701.5,59.79001172,43.59085872,8,8,,,,,,,,,,,,,
702,59.75892573,43.23529997,8,8,,,,,,,,,,,,,
702.5,60.8780215,44.25118211,8,8,,,,,,,,,,,,,
703,59.72783974,43.79403515,8,8,,,,,,,,,,,,,
703.5,59.47915179,43.59085872,8,8,,,,,,,,,,,,,
704,59.79001172,43.00672649,8,8,,,,,,,,,,,,,
704.5,59.47915179,44.12419684,8,8,,,,,,,,,,,,,
705,59.79001172,43.00672649,8,8,,,,,,,,,,,,,
705.5,61.09562345,44.1495939,8,8,,,,,,,,,,,,,
706,60.28738762,43.92102042,8,8,,,,,,,,,,,,,
706.5,59.60349576,43.18450586,8,8,,,,,,,,,,,,,
707,60.25630163,43.8194322,8,8,,,,,,,,,,,,,
707.5,58.85743192,42.87974122,8,8,,,,,,,,,,,,,
708,59.72783974,43.59085872,8,8,,,,,,,,,,,,,
708.5,59.35480782,42.70196185,8,8,,,,,,,,,,,,,
709,59.72783974,43.66704988,8,8,,,,,,,,,,,,,
709.5,59.75892573,43.54006461,8,8,,,,,,,,,,,,,
710,59.63458176,43.66704988,8,8,,,,,,,,,,,,,
710.5,58.88851791,43.51466756,8,8,,,,,,,,,,,,,
711,59.57240977,43.00672649,8,8,,,,,,,,,,,,,
711.5,59.57240977,43.97181452,8,8,,,,,,,,,,,,,
712,60.03869967,43.1083147,8,8,,,,,,,,,,,,,
712.5,59.69675374,43.8194322,8,8,,,,,,,,,,,,,
713,59.72783974,43.69244693,8,8,,,,,,,,,,,,,
713.5,59.47915179,43.54006461,8,8,,,,,,,,,,,,,
714,59.57240977,43.59085872,8,8,,,,,,,,,,,,,
714.5,59.57240977,44.1495939,8,8,,,,,,,,,,,,,
715,59.57240977,43.59085872,8,8,,,,,,,,,,,,,
715.5,59.57240977,43.41307935,8,8,,,,,,,,,,,,,
716,59.63458176,43.59085872,8,8,,,,,,,,,,,,,
716.5,59.57240977,43.54006461,8,8,,,,,,,,,,,,,
717,60.19412964,43.92102042,8,8,,,,,,,,,,,,,
717.5,59.72783974,43.8194322,8,8,,,,,,,,,,,,,
718,59.4480658,43.00672649,8,8,,,,,,,,,,,,,
718.5,59.4480658,43.92102042,8,8,,,,,,,,,,,,,
719,59.47915179,43.89562336,8,8,,,,,,,,,,,,,
719.5,59.4480658,43.59085872,8,8,,,,,,,,,,,,,
720,58.79525993,43.66704988,8,8,,,,,,,,,,,,,
720.5,59.4480658,43.46387345,8,8,,,,,,,,,,,,,
721,59.47915179,43.8194322,8,8,,,,,,,,,,,,,
721.5,59.35480782,43.76863809,8,8,,,,,,,,,,,,,
722,58.88851791,43.46387345,8,8,,,,,,,,,,,,,
722.5,59.57240977,43.69244693,8,8,,,,,,,,,,,,,
723,59.72783974,43.69244693,8,8,,,,,,,,,,,,,
723.5,59.29263583,43.8194322,8,8,,,,,,,,,,,,,
724,59.29263583,43.23529997,8,8,,,,,,,,,,,,,
724.5,58.79525993,43.71784399,8,8,,,,,,,,,,,,,
725,59.60349576,43.56546167,8,8,,,,,,,,,,,,,
725.5,60.44281759,43.59085872,8,8,,,,,,,,,,,,,
726,58.91960391,42.82894711,8,8,,,,,,,,,,,,,
726.5,58.88851791,43.08291765,8,8,,,,,,,,,,,,,
727,59.72783974,43.92102042,8,8,,,,,,,,,,,,,
727.5,59.47915179,43.54006461,8,8,,,,,,,,,,,,,
728,59.75892573,43.76863809,8,8,,,,,,,,,,,,,
728.5,59.10611987,43.97181452,8,8,,,,,,,,,,,,,
729,59.57240977,43.8194322,8,8,,,,,,,,,,,,,
729.5,60.81584951,44.40356443,8,8,,,,,,,,,,,,,
730,58.79525993,42.70196185,8,8,,,,,,,,,,,,,
730.5,59.72783974,43.76863809,8,8,,,,,,,,,,,,,
731,60.00761368,43.8194322,8,8,,,,,,,,,,,,,
731.5,59.29263583,43.00672649,8,8,,,,,,,,,,,,,
732,60.25630163,43.71784399,8,8,,,,,,,,,,,,,
732.5,59.69675374,43.76863809,8,8,,,,,,,,,,,,,
733,59.63458176,44.02260863,8,8,,,,,,,,,,,,,
733.5,59.63458176,43.56546167,8,8,,,,,,,,,,,,,
734,59.60349576,43.87022631,8,8,,,,,,,,,,,,,
734.5,59.4480658,43.92102042,8,8,,,,,,,,,,,,,
735,59.75892573,43.92102042,8,8,,,,,,,,,,,,,
735.5,59.47915179,43.76863809,8,8,,,,,,,,,,,,,
736,59.4480658,44.40356443,8,8,,,,,,,,,,,,,
736.5,60.19412964,44.86071139,8,8,,,,,,,,,,,,,
737,60.81584951,44.25118211,8,8,,,,,,,,,,,,,
737.5,59.63458176,43.89562336,8,8,,,,,,,,,,,,,
738,58.85743192,43.00672649,8,8,,,,,,,,,,,,,
738.5,59.63458176,43.69244693,8,8,,,,,,,,,,,,,
739,58.79525993,43.69244693,8,8,,,,,,,,,,,,,
739.5,59.4480658,43.69244693,8,8,,,,,,,,,,,,,
740,58.91960391,43.46387345,8,8,,,,,,,,,,,,,
740.5,61.00236547,44.1495939,8,8,,,,,,,,,,,,,
741,60.19412964,43.97181452,8,8,,,,,,,,,,,,,
741.5,59.75892573,44.04800568,8,8,,,,,,,,,,,,,
742,60.28738762,44.02260863,8,8,,,,,,,,,,,,,
742.5,59.4480658,44.50515265,8,8,,,,,,,,,,,,,
743,59.4480658,43.97181452,8,8,,,,,,,,,,,,,
743.5,59.79001172,43.51466756,8,8,,,,,,,,,,,,,
744,59.4169798,43.66704988,8,8,,,,,,,,,,,,,
744.5,59.4480658,43.92102042,8,8,,,,,,,,,,,,,
745,59.57240977,43.69244693,8,8,,,,,,,,,,,,,
745.5,59.60349576,43.76863809,8,8,,,,,,,,,,,,,
746,60.16304365,43.76863809,8,8,,,,,,,,,,,,,
746.5,60.47390358,43.8194322,8,8,,,,,,,,,,,,,
747,59.47915179,43.66704988,8,8,,,,,,,,,,,,,
747.5,59.10611987,43.76863809,8,8,,,,,,,,,,,,,
748,59.4480658,43.89562336,8,8,,,,,,,,,,,,,
748.5,58.76417394,43.41307935,8,8,,,,,,,,,,,,,
749,60.47390358,44.25118211,8,8,,,,,,,,,,,,,
749.5,59.57240977,43.8194322,8,8,,,,,,,,,,,,,
750,59.4480658,44.04800568,8,8,,,,,,,,,,,,,
750.5,60.25630163,44.07340274,8,8,,,,,,,,,,,,,
751,59.75892573,43.89562336,8,8,,,,,,,,,,,,,
751.5,59.4480658,43.66704988,8,8,,,,,,,,,,,,,
752,58.91960391,43.66704988,8,8,,,,,,,,,,,,,
752.5,59.57240977,43.92102042,8,8,,,,,,,,,,,,,
753,59.4480658,43.69244693,8,8,,,,,,,,,,,,,
753.5,59.4480658,43.92102042,8,8,,,,,,,,,,,,,
754,59.47915179,43.69244693,8,8,,,,,,,,,,,,,
754.5,58.79525993,43.0575206,8,8,,,,,,,,,,,,,
755,59.4480658,43.76863809,8,8,,,,,,,,,,,,,
755.5,59.4480658,43.89562336,8,8,,,,,,,,,,,,,
756,59.35480782,43.97181452,8,8,,,,,,,,,,,,,
756.5,59.47915179,43.36228524,8,8,,,,,,,,,,,,,
757,58.85743192,43.97181452,8,8,,,,,,,,,,,,,
757.5,59.57240977,43.69244693,8,8,,,,,,,,,,,,,
758,59.57240977,43.97181452,8,8,,,,,,,,,,,,,
758.5,59.63458176,43.97181452,8,8,,,,,,,,,,,,,
759,60.31847361,44.75912318,8,8,,,,,,,,,,,,,
759.5,59.4169798,43.89562336,8,8,,,,,,,,,,,,,
760,59.29263583,43.92102042,8,8,,,,,,,,,,,,,
760.5,59.4480658,44.04800568,8,8,,,,,,,,,,,,,
761,59.60349576,44.32737327,8,8,,,,,,,,,,,,,
761.5,59.72783974,44.1495939,8,8,,,,,,,,,,,,,
762,58.79525993,42.87974122,8,8,,,,,,,,,,,,,
762.5,59.4480658,44.1495939,8,8,,,,,,,,,,,,,
763,59.47915179,44.12419684,8,8,,,,,,,,,,,,,
763.5,59.63458176,44.04800568,8,8,,,,,,,,,,,,,
764,59.23046384,44.17499095,8,8,,,,,,,,,,,,,
764.5,59.63458176,43.79403515,8,8,,,,,,,,,,,,,
765,59.57240977,43.8194322,8,8,,,,,,,,,,,,,
765.5,58.91960391,43.15910881,8,8,,,,,,,,,,,,,
766,59.4169798,43.92102042,8,8,,,,,,,,,,,,,
766.5,59.29263583,43.89562336,8,8,,,,,,,,,,,,,
767,59.47915179,44.12419684,8,8,,,,,,,,,,,,,
767.5,59.35480782,43.76863809,8,8,,,,,,,,,,,,,
768,60.44281759,44.5305497,8,8,,,,,,,,,,,,,
768.5,59.23046384,43.1083147,8,8,,,,,,,,,,,,,
769,58.67091596,43.59085872,8,8,,,,,,,,,,,,,
769.5,59.47915179,43.97181452,8,8,,,,,,,,,,,,,
770,59.4480658,43.79403515,8,8,,,,,,,,,,,,,
770.5,59.01286189,43.00672649,8,8,,,,,,,,,,,,,
771,59.85218371,44.1495939,8,8,,,,,,,,,,,,,
771.5,59.57240977,44.88610845,8,8,,,,,,,,,,,,,
772,59.4480658,43.97181452,8,8,,,,,,,,,,,,,
772.5,59.4480658,43.89562336,8,8,,,,,,,,,,,,,
773,59.4480658,44.12419684,8,8,,,,,,,,,,,,,
773.5,59.4169798,43.41307935,8,8,,,,,,,,,,,,,
774,60.44281759,44.1495939,8,8,,,,,,,,,,,,,
774.5,59.29263583,43.23529997,8,8,,,,,,,,,,,,,
775,59.47915179,43.89562336,8,8,,,,,,,,,,,,,
775.5,58.39114202,43.54006461,8,8,,,,,,,,,,,,,
776,59.47915179,43.8194322,8,8,,,,,,,,,,,,,
776.5,60.13195765,44.5305497,8,8,,,,,,,,,,,,,
777,58.0181101,43.23529997,8,8,,,,,,,,,,,,,
777.5,59.04394788,44.12419684,8,8,,,,,,,,,,,,,
778,58.79525993,43.1083147,8,8,,,,,,,,,,,,,
778.5,58.73308795,43.76863809,8,8,,,,,,,,,,,,,
779,60.75367752,44.5305497,8,8,,,,,,,,,,,,,
779.5,58.60874397,43.56546167,8,8,,,,,,,,,,,,,
780,58.39114202,43.00672649,8,8,,,,,,,,,,,,,
780.5,59.35480782,44.1495939,8,8,,,,,,,,,,,,,
781,59.4169798,43.97181452,8,8,,,,,,,,,,,,,
781.5,59.4480658,43.76863809,8,8,,,,,,,,,,,,,
782,59.35480782,43.97181452,8,8,,,,,,,,,,,,,
782.5,59.47915179,43.0575206,8,8,,,,,,,,,,,,,
783,59.23046384,44.12419684,8,8,,,,,,,,,,,,,
783.5,59.23046384,43.97181452,8,8,,,,,,,,,,,,,
784,58.76417394,43.54006461,8,8,,,,,,,,,,,,,
784.5,60.00761368,43.31149113,8,8,,,,,,,,,,,,,
785,59.29263583,44.07340274,8,8,,,,,,,,,,,,,
785.5,59.4480658,44.12419684,8,8,,,,,,,,,,,,,
786,59.01286189,44.07340274,8,8,,,,,,,,,,,,,
786.5,59.72783974,44.25118211,8,8,,,,,,,,,,,,,
787,59.10611987,43.23529997,8,8,,,,,,,,,,,,,
787.5,60.19412964,44.40356443,8,8,,,,,,,,,,,,,
788,60.19412964,44.30197622,8,8,,,,,,,,,,,,,
788.5,59.4169798,43.36228524,8,8,,,,,,,,,,,,,
789,59.23046384,44.1495939,8,8,,,,,,,,,,,,,
789.5,58.23571205,43.41307935,8,8,,,,,,,,,,,,,
790,59.10611987,44.68293202,8,8,,,,,,,,,,,,,
790.5,59.10611987,43.56546167,8,8,,,,,,,,,,,,,
791,59.35480782,44.1495939,8,8,,,,,,,,,,,,,
791.5,59.04394788,44.30197622,8,8,,,,,,,,,,,,,
792,59.01286189,44.02260863,8,8,,,,,,,,,,,,,
792.5,58.79525993,43.54006461,8,8,,,,,,,,,,,,,
793,59.04394788,44.07340274,8,8,,,,,,,,,,,,,
793.5,58.4844,43.66704988,8,8,,,,,,,,,,,,,
794,59.35480782,43.8194322,8,8,,,,,,,,,,,,,
794.5,59.29263583,44.07340274,8,8,,,,,,,,,,,,,
795,59.29263583,43.79403515,8,8,,,,,,,,,,,,,
795.5,59.04394788,44.04800568,8,8,,,,,,,,,,,,,
796,60.3806456,44.50515265,8,8,,,,,,,,,,,,,
796.5,59.35480782,44.07340274,8,8,,,,,,,,,,,,,
797,59.29263583,43.8194322,8,8,,,,,,,,,,,,,
797.5,58.57765798,43.51466756,8,8,,,,,,,,,,,,,
798,59.23046384,43.92102042,8,8,,,,,,,,,,,,,
798.5,59.04394788,44.07340274,8,8,,,,,,,,,,,,,
799,58.04919609,43.1083147,8,8,,,,,,,,,,,,,
799.5,59.10611987,43.79403515,8,8,,,,,,,,,,,,,
800,59.01286189,43.92102042,8,8,,,,,,,,,,,,,
800.5,59.04394788,44.07340274,8,8,,,,,,,,,,,,,
801,59.60349576,44.04800568,8,8,,,,,,,,,,,,,
801.5,58.91960391,44.12419684,8,8,,,,,,,,,,,,,
802,59.01286189,43.89562336,8,8,,,,,,,,,,,,,
802.5,59.23046384,44.04800568,8,8,,,,,,,,,,,,,
803,58.20462606,43.97181452,8,8,,,,,,,,,,,,,
803.5,58.57765798,43.8194322,8,8,,,,,,,,,,,,,
804,58.67091596,43.76863809,8,8,,,,,,,,,,,,,
804.5,59.10611987,43.00672649,8,8,,,,,,,,,,,,,
805,58.23571205,43.1083147,8,8,,,,,,,,,,,,,
805.5,59.4480658,44.1495939,8,8,,,,,,,,,,,,,
806,60.28738762,44.5305497,8,8,,,,,,,,,,,,,
806.5,59.01286189,43.1083147,8,8,,,,,,,,,,,,,
807,59.10611987,43.92102042,8,8,,,,,,,,,,,,,
807.5,58.91960391,44.1495939,8,8,,,,,,,,,,,,,
808,59.63458176,44.42896149,8,8,,,,,,,,,,,,,
808.5,59.10611987,44.12419684,8,8,,,,,,,,,,,,,
809,59.32372182,44.98769666,8,8,,,,,,,,,,,,,
809.5,57.95593811,43.4384764,8,8,,,,,,,,,,,,,
810,60.03869967,43.59085872,8,8,,,,,,,,,,,,,
810.5,59.10611987,44.17499095,8,8,,,,,,,,,,,,,
811,59.63458176,44.88610845,8,8,,,,,,,,,,,,,
811.5,58.76417394,43.23529997,8,8,,,,,,,,,,,,,
812,59.57240977,44.1495939,8,8,,,,,,,,,,,,,
812.5,58.88851791,44.1495939,8,8,,,,,,,,,,,,,
813,59.79001172,44.58134381,8,8,,,,,,,,,,,,,
813.5,59.47915179,43.0575206,8,8,,,,,,,,,,,,,
814,59.10611987,44.60674086,8,8,,,,,,,,,,,,,
814.5,57.67616417,43.79403515,8,8,,,,,,,,,,,,,
815,58.23571205,43.1083147,8,8,,,,,,,,,,,,,
815.5,59.35480782,43.97181452,8,8,,,,,,,,,,,,,
816,58.79525993,43.79403515,8,8,,,,,,,,,,,,,
816.5,59.79001172,44.88610845,8,8,,,,,,,,,,,,,
817,58.91960391,44.47975559,8,8,,,,,,,,,,,,,
817.5,58.79525993,43.8194322,8,8,,,,,,,,,,,,,
818,59.29263583,44.22578506,8,8,,,,,,,,,,,,,
818.5,59.04394788,44.50515265,8,8,,,,,,,,,,,,,
819,59.79001172,43.00672649,8,8,,,,,,,,,,,,,
819.5,58.20462606,43.76863809,8,8,,,,,,,,,,,,,
820,59.10611987,44.5305497,8,8,,,,,,,,,,,,,
820.5,58.79525993,43.59085872,8,8,,,,,,,,,,,,,
821,57.83159413,43.41307935,8,8,,,,,,,,,,,,,
821.5,58.98177589,44.04800568,8,8,,,,,,,,,,,,,
822,58.88851791,43.97181452,8,8,,,,,,,,,,,,,
822.5,59.10611987,43.89562336,8,8,,,,,,,,,,,,,
823,58.85743192,44.1495939,8,8,,,,,,,,,,,,,
823.5,59.10611987,44.12419684,8,8,,,,,,,,,,,,,
824,58.67091596,41.99084435,8,8,,,,,,,,,,,,,
824.5,58.79525993,43.76863809,8,8,,,,,,,,,,,,,
825,59.10611987,45.2416672,8,8,,,,,,,,,,,,,
825.5,59.10611987,44.83531434,8,8,,,,,,,,,,,,,
826,58.67091596,44.47975559,8,8,,,,,,,,,,,,,
826.5,58.20462606,43.00672649,8,8,,,,,,,,,,,,,
827,58.79525993,43.1083147,8,8,,,,,,,,,,,,,
827.5,59.35480782,44.1495939,8,8,,,,,,,,,,,,,
828,58.51548599,44.07340274,8,8,,,,,,,,,,,,,
828.5,57.80050814,43.46387345,8,8,,,,,,,,,,,,,
829,58.51548599,43.8194322,8,8,,,,,,,,,,,,,
829.5,58.85743192,44.1495939,8,8,,,,,,,,,,,,,
830,58.73308795,43.97181452,8,8,,,,,,,,,,,,,
830.5,58.04919609,43.36228524,8,8,,,,,,,,,,,,,
831,58.73308795,43.69244693,8,8,,,,,,,,,,,,,
831.5,59.75892573,44.07340274,8,8,,,,,,,,,,,,,
832,58.57765798,43.00672649,8,8,,,,,,,,,,,,,
832.5,59.01286189,43.15910881,8,8,,,,,,,,,,,,,
833,58.39114202,43.0575206,8,8,,,,,,,,,,,,,
833.5,58.67091596,44.1495939,8,8,,,,,,,,,,,,,
834,58.91960391,43.89562336,8,8,,,,,,,,,,,,,
834.5,58.79525993,43.89562336,8,8,,,,,,,,,,,,,
835,58.79525993,43.92102042,8,8,,,,,,,,,,,,,
835.5,59.16829185,44.04800568,8,8,,,,,,,,,,,,,
836,59.29263583,44.1495939,8,8,,,,,,,,,,,,,
836.5,58.79525993,44.1495939,8,8,,,,,,,,,,,,,
837,58.14245407,43.54006461,8,8,,,,,,,,,,,,,
837.5,58.79525993,44.04800568,8,8,,,,,,,,,,,,,
838,58.39114202,43.18450586,8,8,,,,,,,,,,,,,
838.5,59.16829185,44.04800568,8,8,,,,,,,,,,,,,
839,59.60349576,43.79403515,8,8,,,,,,,,,,,,,
839.5,58.14245407,43.97181452,8,8,,,,,,,,,,,,,
840,58.79525993,43.92102042,8,8,,,,,,,,,,,,,
840.5,58.79525993,43.79403515,8,8,,,,,,,,,,,,,
841,58.85743192,43.69244693,8,8,,,,,,,,,,,,,
841.5,57.83159413,43.00672649,8,8,,,,,,,,,,,,,
842,58.79525993,43.79403515,8,8,,,,,,,,,,,,,
842.5,58.76417394,43.69244693,8,8,,,,,,,,,,,,,
843,58.79525993,43.59085872,8,8,,,,,,,,,,,,,
843.5,58.57765798,43.97181452,8,8,,,,,,,,,,,,,
844,58.39114202,43.00672649,8,8,,,,,,,,,,,,,
844.5,58.79525993,43.97181452,8,8,,,,,,,,,,,,,
845,59.04394788,43.8194322,8,8,,,,,,,,,,,,,
845.5,58.73308795,44.04800568,8,8,,,,,,,,,,,,,
846,58.76417394,44.40356443,8,8,,,,,,,,,,,,,
846.5,58.23571205,44.78452023,8,8,,,,,,,,,,,,,
847,59.01286189,44.30197622,8,8,,,,,,,,,,,,,
847.5,58.29788404,42.95593238,8,8,,,,,,,,,,,,,
848,58.67091596,43.76863809,8,8,,,,,,,,,,,,,
848.5,58.79525993,43.8194322,8,8,,,,,,,,,,,,,
849,59.79001172,43.89562336,8,8,,,,,,,,,,,,,
849.5,58.79525993,44.07340274,8,8,,,,,,,,,,,,,
850,58.76417394,44.17499095,8,8,,,,,,,,,,,,,
850.5,59.60349576,44.50515265,8,8,,,,,,,,,,,,,
851,58.98177589,43.08291765,8,8,,,,,,,,,,,,,
851.5,58.79525993,44.02260863,8,8,,,,,,,,,,,,,
852,58.57765798,43.8194322,8,8,,,,,,,,,,,,,
852.5,58.79525993,43.46387345,8,8,,,,,,,,,,,,,
853,57.61399218,43.00672649,8,8,,,,,,,,,,,,,
853.5,59.29263583,44.04800568,8,8,,,,,,,,,,,,,
854,58.79525993,43.92102042,8,8,,,,,,,,,,,,,
854.5,58.76417394,43.92102042,8,8,,,,,,,,,,,,,
855,58.57765798,43.89562336,8,8,,,,,,,,,,,,,
855.5,57.5207342,43.36228524,8,8,,,,,,,,,,,,,
856,58.79525993,43.66704988,8,8,,,,,,,,,,,,,
856.5,58.67091596,44.02260863,8,8,,,,,,,,,,,,,
857,58.36005602,43.97181452,8,8,,,,,,,,,,,,,
857.5,58.39114202,43.59085872,8,8,,,,,,,,,,,,,
858,57.95593811,43.76863809,8,8,,,,,,,,,,,,,
858.5,58.79525993,45.08928488,8,8,,,,,,,,,,,,,
859,58.91960391,44.30197622,8,8,,,,,,,,,,,,,
859.5,58.57765798,43.89562336,8,8,,,,,,,,,,,,,
860,58.4844,43.97181452,8,8,,,,,,,,,,,,,
860.5,58.36005602,42.49878542,8,8,,,,,,,,,,,,,
861,57.67616417,43.8194322,8,8,,,,,,,,,,,,,
861.5,58.57765798,43.56546167,8,8,,,,,,,,,,,,,
862,59.23046384,44.04800568,8,8,,,,,,,,,,,,,
862.5,57.36530423,43.0575206,8,8,,,,,,,,,,,,,
863,58.23571205,43.41307935,8,8,,,,,,,,,,,,,
863.5,57.45856221,43.18450586,8,8,,,,,,,,,,,,,
864,58.39114202,43.41307935,8,8,,,,,,,,,,,,,
864.5,57.67616417,44.40356443,8,8,,,,,,,,,,,,,
865,58.39114202,43.69244693,8,8,,,,,,,,,,,,,
865.5,57.67616417,43.23529997,8,8,,,,,,,,,,,,,
866,58.51548599,43.0575206,8,8,,,,,,,,,,,,,
866.5,57.36530423,43.0575206,8,8,,,,,,,,,,,,,
867,58.39114202,44.04800568,8,8,,,,,,,,,,,,,
867.5,58.32897003,43.36228524,8,8,,,,,,,,,,,,,
868,58.29788404,44.1495939,8,8,,,,,,,,,,,,,
868.5,58.76417394,43.15910881,8,8,,,,,,,,,,,,,
869,58.51548599,43.97181452,8,8,,,,,,,,,,,,,
869.5,57.39639023,43.1083147,8,8,,,,,,,,,,,,,
870,57.95593811,44.40356443,8,8,,,,,,,,,,,,,
870.5,58.67091596,43.8194322,8,8,,,,,,,,,,,,,
871,58.73308795,43.8194322,8,8,,,,,,,,,,,,,
871.5,59.19937785,43.20990292,8,8,,,,,,,,,,,,,
872,58.57765798,43.8194322,8,8,,,,,,,,,,,,,
872.5,58.73308795,43.97181452,8,8,,,,,,,,,,,,,
873,59.19937785,43.23529997,8,8,,,,,,,,,,,,,
873.5,58.29788404,43.8194322,8,8,,,,,,,,,,,,,
874,58.73308795,43.23529997,8,8,,,,,,,,,,,,,
874.5,58.14245407,43.89562336,8,8,,,,,,,,,,,,,
875,58.39114202,44.04800568,8,8,,,,,,,,,,,,,
875.5,58.57765798,43.76863809,8,8,,,,,,,,,,,,,
876,58.36005602,43.92102042,8,8,,,,,,,,,,,,,
876.5,58.4844,43.71784399,8,8,,,,,,,,,,,,,
877,58.32897003,44.1495939,8,8,,,,,,,,,,,,,
877.5,58.32897003,43.92102042,8,8,,,,,,,,,,,,,
878,58.36005602,43.97181452,8,8,,,,,,,,,,,,,
878.5,58.32897003,44.04800568,8,8,,,,,,,,,,,,,
879,58.36005602,43.54006461,8,8,,,,,,,,,,,,,
879.5,58.67091596,44.32737327,8,8,,,,,,,,,,,,,
880,57.5207342,43.4384764,8,8,,,,,,,,,,,,,
880.5,58.4844,43.97181452,8,8,,,,,,,,,,,,,
881,58.39114202,43.66704988,8,8,,,,,,,,,,,,,
881.5,58.76417394,44.1495939,8,8,,,,,,,,,,,,,
882,58.36005602,43.8194322,8,8,,,,,,,,,,,,,
882.5,58.85743192,43.00672649,8,8,,,,,,,,,,,,,
883,58.23571205,43.97181452,8,8,,,,,,,,,,,,,
883.5,58.32897003,43.69244693,8,8,,,,,,,,,,,,,
884,58.32897003,43.92102042,8,8,,,,,,,,,,,,,
884.5,58.39114202,43.41307935,8,8,,,,,,,,,,,,,
885,58.39114202,43.8194322,8,8,,,,,,,,,,,,,
885.5,58.32897003,43.89562336,8,8,,,,,,,,,,,,,
886,59.47915179,44.1495939,8,8,,,,,,,,,,,,,
886.5,58.39114202,44.04800568,8,8,,,,,,,,,,,,,
887,58.20462606,43.8194322,8,8,,,,,,,,,,,,,
887.5,58.23571205,43.92102042,8,8,,,,,,,,,,,,,
888,58.08028208,43.89562336,8,8,,,,,,,,,,,,,
888.5,58.23571205,43.87022631,8,8,,,,,,,,,,,,,
889,58.04919609,44.07340274,8,8,,,,,,,,,,,,,
889.5,58.79525993,44.02260863,8,8,,,,,,,,,,,,,
890,58.04919609,44.1495939,8,8,,,,,,,,,,,,,
890.5,57.67616417,44.17499095,8,8,,,,,,,,,,,,,
891,58.32897003,43.59085872,8,8,,,,,,,,,,,,,
891.5,58.67091596,44.98769666,8,8,,,,,,,,,,,,,
892,58.36005602,43.8194322,8,8,,,,,,,,,,,,,
892.5,58.39114202,44.07340274,8,8,,,,,,,,,,,,,
893,58.36005602,43.97181452,8,8,,,,,,,,,,,,,
893.5,58.23571205,44.07340274,8,8,,,,,,,,,,,,,
894,58.32897003,44.04800568,8,8,,,,,,,,,,,,,
894.5,58.85743192,44.60674086,8,8,,,,,,,,,,,,,
895,57.89376612,43.59085872,8,8,,,,,,,,,,,,,
895.5,58.23571205,43.66704988,8,8,,,,,,,,,,,,,
896,58.04919609,43.97181452,8,8,,,,,,,,,,,,,
896.5,58.04919609,43.92102042,8,8,,,,,,,,,,,,,
897,57.64507817,43.76863809,8,8,,,,,,,,,,,,,
897.5,59.04394788,43.92102042,8,8,,,,,,,,,,,,,
898,58.20462606,44.68293202,8,8,,,,,,,,,,,,,
898.5,57.89376612,43.8194322,8,8,,,,,,,,,,,,,
899,58.91960391,43.56546167,8,8,,,,,,,,,,,,,
899.5,58.04919609,43.66704988,10,4,,,,,,,,,,,,,
900,57.92485211,43.8194322,10.04999979,4,,,,,,,,,,,,,
900.5,58.0181101,44.02260863,10.09999833,4,,,,,,,,,,,,,
901,58.36005602,43.89562336,10.14999438,4,,,,,,,,,,,,,
901.5,58.85743192,44.32737327,10.19998667,4,,,,,,,,,,,,,
902,57.36530423,42.95593238,10.24997396,4,,,,,,,,,,,,,
902.5,58.20462606,43.69244693,10.299955,4,,,,,,,,,,,,,
903,57.45856221,44.83531434,10.34992855,4,,,,,,,,,,,,,
903.5,57.39639023,43.89562336,10.39989334,4,,,,,,,,,,,,,
904,58.39114202,43.51466756,10.44984814,4,,,,,,,,,,,,,
904.5,57.80050814,43.89562336,10.49979169,4,,,,,,,,,,,,,
905,57.36530423,43.0575206,10.54972275,4,,,,,,,,,,,,,
905.5,57.83159413,43.92102042,10.59964006,4,,,,,,,,,,,,,
906,57.89376612,43.66704988,10.64954239,4,,,,,,,,,,,,,
906.5,57.36530423,42.39719721,10.69942847,4,,,,,,,,,,,,,
907,58.4844,43.92102042,10.74929707,4,,,,,,,,,,,,,
907.5,57.67616417,43.66704988,10.79914694,4,,,,,,,,,,,,,
908,57.64507817,43.69244693,10.84897683,4,,,,,,,,,,,,,
908.5,58.79525993,44.07340274,10.89878549,4,,,,,,,,,,,,,
909,56.99227231,43.41307935,10.94857169,4,,,,,,,,,,,,,
909.5,57.33421824,43.08291765,10.99833417,4,,,,,,,,,,,,,
910,58.67091596,44.32737327,11.04807169,4,,,,,,,,,,,,,
910.5,58.20462606,44.07340274,11.09778301,4,,,,,,,,,,,,,
911,58.04919609,43.79403515,11.14746688,4,,,,,,,,,,,,,
911.5,58.08028208,43.8194322,11.19712207,4,,,,,,,,,,,,,
912,57.67616417,43.8194322,11.24674733,4,,,,,,,,,,,,,
912.5,57.83159413,43.69244693,11.29634143,4,,,,,,,,,,,,,
913,58.76417394,44.02260863,11.34590311,4,,,,,,,,,,,,,
913.5,58.04919609,43.76863809,11.39543115,4,,,,,,,,,,,,,
914,57.89376612,43.97181452,11.4449243,4,,,,,,,,,,,,,
914.5,57.08553029,43.76863809,11.49438132,4,,,,,,,,,,,,,
915,57.48964821,43.54006461,11.54380099,4,,,,,,,,,,,,,
915.5,58.08028208,42.70196185,11.59318207,4,,,,,,,,,,,,,
916,57.89376612,43.76863809,11.64252331,4,,,,,,,,,,,,,
916.5,57.20987426,43.54006461,11.69182349,4,,,,,,,,,,,,,
917,56.96118632,43.41307935,11.74108138,4,,,,,,,,,,,,,
917.5,58.60874397,43.92102042,11.79029573,4,,,,,,,,,,,,,
918,57.83159413,43.76863809,11.83946534,4,,,,,,,,,,,,,
918.5,58.14245407,43.8194322,11.88858895,4,,,,,,,,,,,,,
919,58.0181101,43.79403515,11.93766535,4,,,,,,,,,,,,,
919.5,58.79525993,44.93690256,11.98669331,4,,,,,,,,,,,,,
920,57.61399218,43.97181452,12.0356716,4,,,,,,,,,,,,,
920.5,58.0181101,44.02260863,12.084599,4,,,,,,,,,,,,,
921,56.99227231,43.1083147,12.13347428,4,,,,,,,,,,,,,
921.5,58.4844,44.12419684,12.18229623,4,,,,,,,,,,,,,
922,57.58290619,43.18450586,12.23106362,4,,,,,,,,,,,,,
922.5,58.57765798,44.1495939,12.27977524,4,,,,,,,,,,,,,
923,57.89376612,43.8194322,12.32842986,4,,,,,,,,,,,,,
923.5,57.20987426,43.8194322,12.37702626,4,,,,,,,,,,,,,
924,58.29788404,43.8194322,12.42556325,4,,,,,,,,,,,,,
924.5,57.67616417,43.1083147,12.47403959,4,,,,,,,,,,,,,
925,58.57765798,43.20990292,12.52245409,4,,,,,,,,,,,,,
925.5,57.89376612,43.79403515,12.57080552,4,,,,,,,,,,,,,
926,57.5207342,43.8194322,12.61909268,4,,,,,,,,,,,,,
926.5,57.83159413,43.79403515,12.66731437,4,,,,,,,,,,,,,
927,58.57765798,43.08291765,12.71546937,4,,,,,,,,,,,,,
927.5,58.98177589,44.1495939,12.76355649,4,,,,,,,,,,,,,
928,56.77467036,43.00672649,12.81157451,4,,,,,,,,,,,,,
928.5,57.67616417,43.54006461,12.85952225,4,,,,,,,,,,,,,
929,57.64507817,43.66704988,12.9073985,4,,,,,,,,,,,,,
929.5,56.68141238,43.00672649,12.95520207,4,,,,,,,,,,,,,
930,58.79525993,43.8194322,13.00293175,4,,,,,,,,,,,,,
930.5,58.04919609,44.1495939,13.05058636,4,,,,,,,,,,,,,
931,57.24096026,43.00672649,13.09816471,4,,,,,,,,,,,,,
931.5,57.89376612,43.69244693,13.14566561,4,,,,,,,,,,,,,
932,58.67091596,44.04800568,13.19308786,4,,,,,,,,,,,,,
932.5,57.39639023,42.82894711,13.24043028,4,,,,,,,,,,,,,
933,57.83159413,43.41307935,13.2876917,4,,,,,,,,,,,,,
933.5,57.64507817,43.54006461,13.33487092,4,,,,,,,,,,,,,
934,57.61399218,43.66704988,13.38196677,4,,,,,,,,,,,,,
934.5,58.85743192,43.36228524,13.42897807,4,,,,,,,,,,,,,
935,57.39639023,43.59085872,13.47590365,4,,,,,,,,,,,,,
935.5,57.58290619,43.46387345,13.52274233,4,,,,,,,,,,,,,
936,58.32897003,43.46387345,13.56949294,4,,,,,,,,,,,,,
936.5,58.39114202,44.50515265,13.61615432,4,,,,,,,,,,,,,
937,57.36530423,43.56546167,13.66272529,4,,,,,,,,,,,,,
937.5,58.20462606,44.42896149,13.70920469,4,,,,,,,,,,,,,
938,57.83159413,43.8194322,13.75559137,4,,,,,,,,,,,,,
938.5,57.48964821,43.59085872,13.80188415,4,,,,,,,,,,,,,
939,58.20462606,43.54006461,13.84808189,4,,,,,,,,,,,,,
939.5,57.89376612,44.32737327,13.89418342,4,,,,,,,,,,,,,
940,57.39639023,42.52418247,13.9401876,4,,,,,,,,,,,,,
940.5,57.5207342,43.46387345,13.98609328,4,,,,,,,,,,,,,
941,57.39639023,43.0575206,14.0318993,4,,,,,,,,,,,,,
941.5,57.64507817,43.79403515,14.07760453,4,,,,,,,,,,,,,
942,57.36530423,44.1495939,14.12320782,4,,,,,,,,,,,,,
942.5,57.5207342,42.70196185,14.16870802,4,,,,,,,,,,,,,
943,58.39114202,43.56546167,14.21410401,4,,,,,,,,,,,,,
943.5,57.45856221,43.59085872,14.25939465,4,,,,,,,,,,,,,
944,57.39639023,43.71784399,14.3045788,4,,,,,,,,,,,,,
944.5,57.17878827,43.54006461,14.34965534,4,,,,,,,,,,,,,
945,57.64507817,43.54006461,14.39462314,4,,,,,,,,,,,,,
945.5,57.39639023,43.56546167,14.43948107,4,,,,,,,,,,,,,
946,57.39639023,43.56546167,14.48422801,4,,,,,,,,,,,,,
946.5,57.39639023,43.51466756,14.52886285,4,,,,,,,,,,,,,
947,57.48964821,43.41307935,14.57338447,4,,,,,,,,,,,,,
947.5,57.36530423,43.46387345,14.61779176,4,,,,,,,,,,,,,
948,57.24096026,43.54006461,14.66208359,4,,,,,,,,,,,,,
948.5,57.39639023,43.41307935,14.70625888,4,,,,,,,,,,,,,
949,57.33421824,42.62577069,14.75031651,4,,,,,,,,,,,,,
949.5,57.24096026,42.98132944,14.79425539,4,,,,,,,,,,,,,
950,57.58290619,43.54006461,14.8380744,4,,,,,,,,,,,,,
950.5,58.0181101,43.36228524,14.88177247,4,,,,,,,,,,,,,
951,58.0181101,42.3464031,14.92534849,4,,,,,,,,,,,,,
951.5,57.39639023,43.66704988,14.96880138,4,,,,,,,,,,,,,
952,57.92485211,44.1495939,15.01213005,4,,,,,,,,,,,,,
952.5,56.61924039,43.0575206,15.05533341,4,,,,,,,,,,,,,
953,57.36530423,43.66704988,15.09841039,4,,,,,,,,,,,,,
953.5,57.24096026,43.1083147,15.14135992,4,,,,,,,,,,,,,
954,57.24096026,43.56546167,15.18418091,4,,,,,,,,,,,,,
954.5,57.33421824,43.41307935,15.22687229,4,,,,,,,,,,,,,
955,56.80575635,43.20990292,15.269433,4,,,,,,,,,,,,,
955.5,57.36530423,43.54006461,15.31186198,4,,,,,,,,,,,,,
956,57.39639023,43.33688818,15.35415816,4,,,,,,,,,,,,,
956.5,56.68141238,42.80355006,15.39632049,4,,,,,,,,,,,,,
957,57.48964821,43.66704988,15.43834791,4,,,,,,,,,,,,,
957.5,57.17878827,42.82894711,15.48023937,4,,,,,,,,,,,,,
958,57.33421824,43.23529997,15.52199382,4,,,,,,,,,,,,,
958.5,56.77467036,42.47338837,15.56361023,4,,,,,,,,,,,,,
959,59.23046384,43.1083147,15.60508754,4,,,,,,,,,,,,,
959.5,57.33421824,42.70196185,15.64642473,4,,,,,,,,,,,,,
960,57.24096026,43.46387345,15.68762076,4,,,,,,,,,,,,,
960.5,57.11661628,43.0575206,15.7286746,4,,,,,,,,,,,,,
961,56.77467036,43.36228524,15.76958522,4,,,,,,,,,,,,,
961.5,57.36530423,43.54006461,15.81035161,4,,,,,,,,,,,,,
962,56.99227231,43.33688818,15.85097273,4,,,,,,,,,,,,,
962.5,56.68141238,43.00672649,15.89144758,4,,,,,,,,,,,,,
963,56.5570684,43.51466756,15.93177514,4,,,,,,,,,,,,,
963.5,56.99227231,42.95593238,15.97195441,4,,,,,,,,,,,,,
964,57.17878827,43.41307935,16.01198439,4,,,,,,,,,,,,,
964.5,57.24096026,42.82894711,16.05186406,4,,,,,,,,,,,,,
965,57.20987426,43.23529997,16.09159243,4,,,,,,,,,,,,,
965.5,57.20987426,43.18450586,16.13116852,4,,,,,,,,,,,,,
966,56.99227231,43.41307935,16.17059133,4,,,,,,,,,,,,,
966.5,57.08553029,43.18450586,16.20985987,4,,,,,,,,,,,,,
967,56.80575635,43.15910881,16.24897317,4,,,,,,,,,,,,,
967.5,56.68141238,43.18450586,16.28793024,4,,,,,,,,,,,,,
968,56.99227231,42.95593238,16.32673012,4,,,,,,,,,,,,,
968.5,57.08553029,43.18450586,16.36537182,4,,,,,,,,,,,,,
969,56.96118632,43.20990292,16.4038544,4,,,,,,,,,,,,,
969.5,56.99227231,43.23529997,16.44217687,4,,,,,,,,,,,,,
970,56.05969251,42.70196185,16.4803383,4,,,,,,,,,,,,,
970.5,57.33421824,43.97181452,16.51833771,4,,,,,,,,,,,,,
971,56.37055244,43.8194322,16.55617417,4,,,,,,,,,,,,,
971.5,56.27729446,43.08291765,16.59384672,4,,,,,,,,,,,,,
972,57.80050814,43.36228524,16.63135443,4,,,,,,,,,,,,,
972.5,57.61399218,43.8194322,16.66869635,4,,,,,,,,,,,,,
973,56.74358436,43.1083147,16.70587156,4,,,,,,,,,,,,,
973.5,58.14245407,43.59085872,16.74287912,4,,,,,,,,,,,,,
974,56.99227231,43.0575206,16.7797181,4,,,,,,,,,,,,,
974.5,56.0907785,42.49878542,16.8163876,4,,,,,,,,,,,,,
975,56.18403648,43.97181452,16.85288669,4,,,,,,,,,,,,,
975.5,57.39639023,42.39719721,16.88921445,4,,,,,,,,,,,,,
976,56.68141238,43.36228524,16.92536999,4,,,,,,,,,,,,,
976.5,57.11661628,44.07340274,16.96135239,4,,,,,,,,,,,,,
977,57.36530423,43.20990292,16.99716075,4,,,,,,,,,,,,,
977.5,57.08553029,43.23529997,17.03279419,4,,,,,,,,,,,,,
978,56.0907785,43.00672649,17.06825181,4,,,,,,,,,,,,,
978.5,57.45856221,43.23529997,17.10353272,4,,,,,,,,,,,,,
979,56.93010032,43.1083147,17.13863605,4,,,,,,,,,,,,,
979.5,56.93010032,43.36228524,17.17356091,4,,,,,,,,,,,,,
980,56.74358436,43.0575206,17.20830643,4,,,,,,,,,,,,,
980.5,57.39639023,43.54006461,17.24287174,4,,,,,,,,,,,,,
981,56.37055244,42.70196185,17.27725599,4,,,,,,,,,,,,,
981.5,56.05969251,42.52418247,17.3114583,4,,,,,,,,,,,,,
982,57.39639023,43.41307935,17.34547782,4,,,,,,,,,,,,,
982.5,57.80050814,42.52418247,17.37931371,4,,,,,,,,,,,,,
983,56.77467036,43.1083147,17.41296512,4,,,,,,,,,,,,,
983.5,56.27729446,43.0575206,17.4464312,4,,,,,,,,,,,,,
984,56.52598241,43.0575206,17.47971112,4,,,,,,,,,,,,,
984.5,56.52598241,43.76863809,17.51280405,4,,,,,,,,,,,,,
985,57.24096026,43.46387345,17.54570916,4,,,,,,,,,,,,,
985.5,56.49489641,43.08291765,17.57842563,4,,,,,,,,,,,,,
986,56.65032638,43.08291765,17.61095264,4,,,,,,,,,,,,,
986.5,56.89901433,43.00672649,17.64328937,4,,,,,,,,,,,,,
987,57.39639023,44.1495939,17.67543502,4,,,,,,,,,,,,,
987.5,56.80575635,42.70196185,17.70738879,4,,,,,,,,,,,,,
988,56.77467036,43.15910881,17.73914987,4,,,,,,,,,,,,,
988.5,56.99227231,43.0575206,17.77071748,4,,,,,,,,,,,,,
989,56.5570684,43.08291765,17.80209081,4,,,,,,,,,,,,,
989.5,56.77467036,42.98132944,17.8332691,4,,,,,,,,,,,,,
990,56.05969251,41.88925614,17.86425155,4,,,,,,,,,,,,,
990.5,56.77467036,43.20990292,17.8950374,4,,,,,,,,,,,,,
991,56.61924039,43.0575206,17.92562587,4,,,,,,,,,,,,,
991.5,56.74358436,43.08291765,17.9560162,4,,,,,,,,,,,,,
992,56.5570684,43.33688818,17.98620763,4,,,,,,,,,,,,,
992.5,56.61924039,43.18450586,18.01619941,4,,,,,,,,,,,,,
993,56.80575635,43.00672649,18.04599078,4,,,,,,,,,,,,,
993.5,55.84209055,42.87974122,18.075581,4,,,,,,,,,,,,,
994,56.40163843,43.08291765,18.10496934,4,,,,,,,,,,,,,
994.5,56.68141238,42.87974122,18.13415505,4,,,,,,,,,,,,,
995,56.49489641,42.65116774,18.1631374,4,,,,,,,,,,,,,
995.5,56.68141238,43.1083147,18.19191568,4,,,,,,,,,,,,,
996,56.65032638,43.00672649,18.22048916,4,,,,,,,,,,,,,
996.5,57.67616417,43.41307935,18.24885713,4,,,,,,,,,,,,,
997,56.27729446,43.97181452,18.27701888,4,,,,,,,,,,,,,
997.5,56.77467036,42.98132944,18.3049737,4,,,,,,,,,,,,,
998,56.68141238,42.98132944,18.3327209,4,,,,,,,,,,,,,
998.5,56.5570684,42.37180015,18.36025979,4,,,,,,,,,,,,,
999,56.74358436,42.65116774,18.38758966,4,,,,,,,,,,,,,
999.5,56.65032638,42.85434417,18.41470985,4,,,,,,,,,,,,,
1000,56.65032638,43.54006461,18.44161967,4,,,,,,,,,,,,,
1000.5,56.74358436,43.00672649,18.46831845,4,,,,,,,,,,,,,
1001,56.68141238,42.87974122,18.49480552,4,,,,,,,,,,,,,
1001.5,56.21512247,42.49878542,18.52108022,4,,,,,,,,,,,,,
1002,55.96643453,43.00672649,18.54714189,4,,,,,,,,,,,,,
1002.5,56.77467036,41.99084435,18.57298989,4,,,,,,,,,,,,,
1003,55.96643453,43.00672649,18.59862356,4,,,,,,,,,,,,,
1003.5,56.5570684,42.98132944,18.62404227,4,,,,,,,,,,,,,
1004,57.48964821,43.15910881,18.64924538,4,,,,,,,,,,,,,
1004.5,56.49489641,43.00672649,18.67423226,4,,,,,,,,,,,,,
1005,56.65032638,42.87974122,18.69900228,4,,,,,,,,,,,,,
1005.5,56.24620847,43.54006461,18.72355482,4,,,,,,,,,,,,,
1006,57.39639023,43.1083147,18.74788928,4,,,,,,,,,,,,,
1006.5,55.93534853,42.62577069,18.77200504,4,,,,,,,,,,,,,
1007,56.49489641,43.54006461,18.7959015,4,,,,,,,,,,,,,
1007.5,56.61924039,43.00672649,18.81957807,4,,,,,,,,,,,,,
1008,56.61924039,42.62577069,18.84303414,4,,,,,,,,,,,,,
1008.5,56.61924039,43.00672649,18.86626914,4,,,,,,,,,,,,,
1009,56.27729446,42.82894711,18.88928249,4,,,,,,,,,,,,,
1009.5,57.17878827,42.44799131,18.9120736,4,,,,,,,,,,,,,
1010,56.05969251,42.87974122,18.93464191,4,,,,,,,,,,,,,
1010.5,56.68141238,43.23529997,18.95698686,4,,,,,,,,,,,,,
1011,56.61924039,42.62577069,18.97910788,4,,,,,,,,,,,,,
1011.5,55.90426254,42.16862372,19.00100442,4,,,,,,,,,,,,,
1012,56.93010032,43.0575206,19.02267594,4,,,,,,,,,,,,,
1012.5,56.65032638,43.20990292,19.04412189,4,,,,,,,,,,,,,
1013,56.5570684,42.87974122,19.06534174,4,,,,,,,,,,,,,
1013.5,57.5207342,43.59085872,19.08633496,4,,,,,,,,,,,,,
1014,56.65032638,42.98132944,19.10710102,4,,,,,,,,,,,,,
1014.5,56.65032638,43.15910881,19.1276394,4,,,,,,,,,,,,,
1015,56.65032638,42.27021194,19.14794959,4,,,,,,,,,,,,,
1015.5,56.61924039,42.98132944,19.16803109,4,,,,,,,,,,,,,
1016,56.61924039,43.00672649,19.18788338,4,,,,,,,,,,,,,
1016.5,56.96118632,43.69244693,19.20750598,4,,,,,,,,,,,,,
1017,55.93534853,42.62577069,19.22689839,4,,,,,,,,,,,,,
1017.5,56.99227231,42.75275595,19.24606012,4,,,,,,,,,,,,,
1018,56.65032638,43.46387345,19.26499071,4,,,,,,,,,,,,,
1018.5,55.77991856,42.85434417,19.28368967,4,,,,,,,,,,,,,
1019,55.40688664,42.62577069,19.30215654,4,,,,,,,,,,,,,
1019.5,56.68141238,43.00672649,19.32039086,4,,,,,,,,,,,,,
1020,56.37055244,43.08291765,19.33839217,4,,,,,,,,,,,,,
1020.5,56.24620847,42.98132944,19.35616002,4,,,,,,,,,,,,,
1021,56.93010032,43.1083147,19.37369396,4,,,,,,,,,,,,,
1021.5,56.65032638,43.00672649,19.39099356,4,,,,,,,,,,,,,
1022,56.99227231,43.1083147,19.40805839,4,,,,,,,,,,,,,
1022.5,56.61924039,43.00672649,19.42488802,4,,,,,,,,,,,,,
1023,56.74358436,42.82894711,19.44148203,4,,,,,,,,,,,,,
1023.5,56.49489641,43.00672649,19.45783999,4,,,,,,,,,,,,,
1024,56.49489641,43.1083147,19.47396152,4,,,,,,,,,,,,,
1024.5,57.33421824,43.59085872,19.48984619,4,,,,,,,,,,,,,
1025,56.49489641,42.82894711,19.50549362,4,,,,,,,,,,,,,
1025.5,57.11661628,42.11782962,19.52090342,4,,,,,,,,,,,,,
1026,55.96643453,43.41307935,19.53607519,4,,,,,,,,,,,,,
1026.5,55.25145668,42.47338837,19.55100856,4,,,,,,,,,,,,,
1027,56.27729446,42.52418247,19.56570315,4,,,,,,,,,,,,,
1027.5,57.17878827,43.41307935,19.5801586,4,,,,,,,,,,,,,
1028,55.90426254,42.49878542,19.59437455,4,,,,,,,,,,,,,
1028.5,56.24620847,42.80355006,19.60835064,4,,,,,,,,,,,,,
1029,56.40163843,42.82894711,19.62208652,4,,,,,,,,,,,,,
1029.5,57.17878827,41.81306497,19.63558185,4,,,,,,,,,,,,,
1030,55.25145668,42.16862372,19.6488363,4,,,,,,,,,,,,,
1030.5,56.40163843,42.87974122,19.66184952,4,,,,,,,,,,,,,
1031,56.37055244,42.75275595,19.67462119,4,,,,,,,,,,,,,
1031.5,56.61924039,42.80355006,19.687151,4,,,,,,,,,,,,,
1032,56.65032638,43.89562336,19.69943863,4,,,,,,,,,,,,,
1032.5,56.68141238,43.69244693,19.71148378,4,,,,,,,,,,,,,
1033,57.24096026,42.82894711,19.72328614,4,,,,,,,,,,,,,
1033.5,56.37055244,42.62577069,19.73484542,4,,,,,,,,,,,,,
1034,55.93534853,42.52418247,19.74616132,4,,,,,,,,,,,,,
1034.5,56.12186449,43.69244693,19.75723358,4,,,,,,,,,,,,,
1035,55.50014462,41.86385908,19.7680619,4,,,,,,,,,,,,,
1035.5,57.11661628,43.00672649,19.77864602,4,,,,,,,,,,,,,
1036,55.81100456,42.49878542,19.78898568,4,,,,,,,,,,,,,
1036.5,57.24096026,43.18450586,19.79908061,4,,,,,,,,,,,,,
1037,57.17878827,42.95593238,19.80893057,4,,,,,,,,,,,,,
1037.5,56.12186449,41.81306497,19.8185353,4,,,,,,,,,,,,,
1038,56.5570684,42.80355006,19.82789457,4,,,,,,,,,,,,,
1038.5,56.21512247,42.80355006,19.83700815,4,,,,,,,,,,,,,
1039,56.0907785,43.08291765,19.8458758,4,,,,,,,,,,,,,
1039.5,56.24620847,42.57497658,19.8544973,4,,,,,,,,,,,,,
1040,55.84209055,42.04163846,19.86287244,4,,,,,,,,,,,,,
1040.5,56.5570684,42.80355006,19.87100101,4,,,,,,,,,,,,,
1041,55.84209055,42.39719721,19.87888281,4,,,,,,,,,,,,,
1041.5,55.90426254,42.52418247,19.88651763,4,,,,,,,,,,,,,
1042,56.40163843,42.37180015,19.89390529,4,,,,,,,,,,,,,
1042.5,56.12186449,42.80355006,19.9010456,4,,,,,,,,,,,,,
1043,56.27729446,42.65116774,19.90793839,4,,,,,,,,,,,,,
1043.5,56.12186449,42.52418247,19.91458348,4,,,,,,,,,,,,,
1044,55.37580065,42.29560899,19.92098071,4,,,,,,,,,,,,,
1044.5,56.27729446,42.65116774,19.92712991,4,,,,,,,,,,,,,
1045,56.40163843,42.70196185,19.93303093,4,,,,,,,,,,,,,
1045.5,56.37055244,43.59085872,19.93868363,4,,,,,,,,,,,,,
1046,55.5934026,42.21941783,19.94408787,4,,,,,,,,,,,,,
1046.5,56.49489641,42.49878542,19.9492435,4,,,,,,,,,,,,,
1047,56.12186449,43.41307935,19.9541504,4,,,,,,,,,,,,,
1047.5,57.45856221,43.41307935,19.95880845,4,,,,,,,,,,,,,
1048,56.21512247,42.82894711,19.96321752,4,,,,,,,,,,,,,
1048.5,56.24620847,42.98132944,19.96737752,4,,,,,,,,,,,,,
1049,56.37055244,42.82894711,19.97128833,4,,,,,,,,,,,,,
1049.5,56.12186449,42.87974122,19.97494987,4,,,,,,,,,,,,,
1050,56.0907785,42.62577069,19.97836202,4,,,,,,,,,,,,,
1050.5,56.24620847,42.65116774,19.98152472,4,,,,,,,,,,,,,
1051,55.96643453,42.75275595,19.98443789,4,,,,,,,,,,,,,
1051.5,56.61924039,42.95593238,19.98710144,4,,,,,,,,,,,,,
1052,56.12186449,42.95593238,19.98951531,4,,,,,,,,,,,,,
1052.5,56.37055244,42.70196185,19.99167945,4,,,,,,,,,,,,,
1053,57.08553029,43.66704988,19.9935938,4,,,,,,,,,,,,,
1053.5,55.25145668,41.99084435,19.99525831,4,,,,,,,,,,,,,
1054,56.18403648,43.18450586,19.99667293,4,,,,,,,,,,,,,
1054.5,56.21512247,42.52418247,19.99783764,4,,,,,,,,,,,,,
1055,56.27729446,42.70196185,19.99875241,4,,,,,,,,,,,,,
1055.5,56.49489641,42.7273589,19.9994172,4,,,,,,,,,,,,,
1056,55.09602671,43.23529997,19.99983201,4,,,,,,,,,,,,,
1056.5,55.96643453,42.82894711,19.99999683,4,,,,,,,,,,,,,
1057,55.77991856,42.62577069,19.99991165,4,,,,,,,,,,,,,
1057.5,56.27729446,42.52418247,19.99957646,4,,,,,,,,,,,,,
1058,56.21512247,42.62577069,19.9989913,4,,,,,,,,,,,,,
1058.5,56.49489641,42.27021194,19.99815615,4,,,,,,,,,,,,,
1059,57.45856221,43.51466756,19.99707105,4,,,,,,,,,,,,,
1059.5,55.22037068,41.94005024,19.99573603,4,,,,,,,,,,,,,
1060,55.96643453,42.39719721,19.99415111,4,,,,,,,,,,,,,
1060.5,56.0907785,42.52418247,19.99231634,4,,,,,,,,,,,,,
1061,56.24620847,42.49878542,19.99023177,4,,,,,,,,,,,,,
1061.5,56.40163843,42.70196185,19.98789743,4,,,,,,,,,,,,,
1062,56.37055244,42.62577069,19.98531341,4,,,,,,,,,,,,,
1062.5,56.5570684,43.69244693,19.98247974,4,,,,,,,,,,,,,
1063,56.21512247,42.80355006,19.97939652,4,,,,,,,,,,,,,
1063.5,55.53123062,41.86385908,19.97606381,4,,,,,,,,,,,,,
1064,56.65032638,42.65116774,19.9724817,4,,,,,,,,,,,,,
1064.5,57.39639023,43.00672649,19.96865028,4,,,,,,,,,,,,,
1065,56.24620847,42.49878542,19.96456965,4,,,,,,,,,,,,,
1065.5,56.27729446,42.44799131,19.9602399,4,,,,,,,,,,,,,
1066,55.93534853,42.49878542,19.95566114,4,,,,,,,,,,,,,
1066.5,56.89901433,43.8194322,19.9508335,4,,,,,,,,,,,,,
1067,56.40163843,42.65116774,19.94575708,4,,,,,,,,,,,,,
1067.5,56.68141238,42.75275595,19.94043202,4,,,,,,,,,,,,,
1068,56.24620847,42.65116774,19.93485845,4,,,,,,,,,,,,,
1068.5,56.40163843,42.65116774,19.92903651,4,,,,,,,,,,,,,
1069,56.37055244,42.65116774,19.92296634,4,,,,,,,,,,,,,
1069.5,55.96643453,41.86385908,19.9166481,4,,,,,,,,,,,,,
1070,56.27729446,42.3464031,19.91008195,4,,,,,,,,,,,,,
1070.5,55.34471466,41.86385908,19.90326804,4,,,,,,,,,,,,,
1071,56.24620847,42.21941783,19.89620655,4,,,,,,,,,,,,,
1071.5,56.24620847,42.70196185,19.88889766,4,,,,,,,,,,,,,
1072,55.53123062,42.27021194,19.88134155,4,,,,,,,,,,,,,
1072.5,56.40163843,42.52418247,19.8735384,4,,,,,,,,,,,,,
1073,56.96118632,44.12419684,19.86548841,4,,,,,,,,,,,,,
1073.5,56.99227231,43.23529997,19.85719179,4,,,,,,,,,,,,,
1074,57.11661628,41.99084435,19.84864874,4,,,,,,,,,,,,,
1074.5,56.24620847,43.00672649,19.83985947,4,,,,,,,,,,,,,
1075,56.21512247,42.70196185,19.83082421,4,,,,,,,,,,,,,
1075.5,56.21512247,42.49878542,19.82154317,4,,,,,,,,,,,,,
1076,56.5570684,42.57497658,19.8120166,4,,,,,,,,,,,,,
1076.5,56.5570684,42.47338837,19.80224473,4,,,,,,,,,,,,,
1077,56.68141238,42.37180015,19.7922278,4,,,,,,,,,,,,,
1077.5,55.96643453,41.76227087,19.78196607,4,,,,,,,,,,,,,
1078,55.37580065,42.21941783,19.77145979,4,,,,,,,,,,,,,
1078.5,56.27729446,42.39719721,19.76070922,4,,,,,,,,,,,,,
1079,56.0907785,42.65116774,19.74971464,4,,,,,,,,,,,,,
1079.5,56.12186449,42.52418247,19.73847631,4,,,,,,,,,,,,,
1080,56.05969251,41.53369739,19.72699452,4,,,,,,,,,,,,,
1080.5,56.21512247,42.65116774,19.71526956,4,,,,,,,,,,,,,
1081,56.12186449,42.57497658,19.70330171,4,,,,,,,,,,,,,
1081.5,56.27729446,42.39719721,19.69109129,4,,,,,,,,,,,,,
1082,56.40163843,42.57497658,19.67863859,4,,,,,,,,,,,,,
1082.5,56.24620847,42.52418247,19.66594392,4,,,,,,,,,,,,,
1083,56.40163843,42.62577069,19.6530076,4,,,,,,,,,,,,,
1083.5,56.40163843,41.94005024,19.63982996,4,,,,,,,,,,,,,
1084,56.99227231,43.20990292,19.62641133,4,,,,,,,,,,,,,
1084.5,56.24620847,42.27021194,19.61275203,4,,,,,,,,,,,,,
1085,56.12186449,42.3464031,19.59885242,4,,,,,,,,,,,,,
1085.5,56.21512247,42.82894711,19.58471283,4,,,,,,,,,,,,,
1086,56.49489641,41.94005024,19.57033363,4,,,,,,,,,,,,,
1086.5,56.27729446,42.39719721,19.55571517,4,,,,,,,,,,,,,
1087,55.25145668,42.27021194,19.54085782,4,,,,,,,,,,,,,
1087.5,55.84209055,43.1083147,19.52576194,4,,,,,,,,,,,,,
1088,57.20987426,43.00672649,19.51042793,4,,,,,,,,,,,,,
1088.5,57.48964821,43.46387345,19.49485615,4,,,,,,,,,,,,,
1089,56.21512247,42.16862372,19.479047,4,,,,,,,,,,,,,
1089.5,56.0907785,42.62577069,19.46300088,4,,,,,,,,,,,,,
1090,56.24620847,42.16862372,19.44671818,4,,,,,,,,,,,,,
1090.5,56.68141238,42.70196185,19.43019931,4,,,,,,,,,,,,,
1091,56.27729446,42.52418247,19.41344469,4,,,,,,,,,,,,,
1091.5,55.71774658,42.39719721,19.39645474,4,,,,,,,,,,,,,
1092,56.27729446,42.29560899,19.37922987,4,,,,,,,,,,,,,
1092.5,55.81100456,41.53369739,19.36177052,4,,,,,,,,,,,,,
1093,56.27729446,41.86385908,19.34407713,4,,,,,,,,,,,,,
1093.5,57.33421824,42.80355006,19.32615014,4,,,,,,,,,,,,,
1094,56.21512247,42.47338837,19.30798999,4,,,,,,,,,,,,,
1094.5,56.40163843,42.52418247,19.28959715,4,,,,,,,,,,,,,
1095,55.77991856,42.47338837,19.27097207,4,,,,,,,,,,,,,
1095.5,55.84209055,41.6352856,19.25211521,4,,,,,,,,,,,,,
1096,56.61924039,42.82894711,19.23302705,4,,,,,,,,,,,,,
1096.5,56.37055244,42.47338837,19.21370806,4,,,,,,,,,,,,,
1097,55.40688664,41.99084435,19.19415873,4,,,,,,,,,,,,,
1097.5,56.18403648,42.47338837,19.17437955,4,,,,,,,,,,,,,
1098,56.27729446,42.57497658,19.15437101,4,,,,,,,,,,,,,
1098.5,57.39639023,43.0575206,19.13413361,4,,,,,,,,,,,,,
1099,56.27729446,42.47338837,19.11366786,4,,,,,,,,,,,,,
1099.5,55.93534853,42.39719721,19.09297427,4,,,,,,,,,,,,,
1100,56.24620847,42.57497658,19.07205335,4,,,,,,,,,,,,,
1100.5,56.0907785,42.52418247,19.05090563,4,,,,,,,,,,,,,
1101,56.21512247,42.44799131,19.02953164,4,,,,,,,,,,,,,
1101.5,55.15819869,42.11782962,19.00793192,4,,,,,,,,,,,,,
1102,56.24620847,42.39719721,18.98610699,4,,,,,,,,,,,,,
1102.5,57.39639023,43.23529997,18.96405741,4,,,,,,,,,,,,,
1103,56.27729446,42.0162414,18.94178373,4,,,,,,,,,,,,,
1103.5,56.27729446,42.52418247,18.91928651,4,,,,,,,,,,,,,
1104,56.21512247,42.39719721,18.8965663,4,,,,,,,,,,,,,
1104.5,56.21512247,42.65116774,18.87362369,4,,,,,,,,,,,,,
1105,56.12186449,42.62577069,18.85045923,4,,,,,,,,,,,,,
1105.5,56.37055244,42.57497658,18.82707351,4,,,,,,,,,,,,,
1106,57.11661628,42.87974122,18.80346711,4,,,,,,,,,,,,,
1106.5,56.49489641,42.70196185,18.77964063,4,,,,,,,,,,,,,
1107,55.96643453,43.18450586,18.75559466,4,,,,,,,,,,,,,
1107.5,55.5934026,43.41307935,18.7313298,4,,,,,,,,,,,,,
1108,56.5570684,42.62577069,18.70684665,4,,,,,,,,,,,,,
1108.5,56.27729446,42.47338837,18.68214583,4,,,,,,,,,,,,,
1109,56.24620847,42.37180015,18.65722797,4,,,,,,,,,,,,,
1109.5,56.65032638,41.78766792,18.63209367,4,,,,,,,,,,,,,
1110,57.11661628,42.70196185,18.60674357,4,,,,,,,,,,,,,
1110.5,56.49489641,42.27021194,18.5811783,4,,,,,,,,,,,,,
1111,56.68141238,42.70196185,18.5553985,4,,,,,,,,,,,,,
1111.5,56.27729446,42.39719721,18.52940482,4,,,,,,,,,,,,,
1112,56.27729446,42.47338837,18.5031979,4,,,,,,,,,,,,,
1112.5,56.5570684,42.44799131,18.4767784,4,,,,,,,,,,,,,
1113,55.53123062,43.00672649,18.45014699,4,,,,,,,,,,,,,
1113.5,56.52598241,42.39719721,18.42330432,4,,,,,,,,,,,,,
1114,56.27729446,42.52418247,18.39625107,4,,,,,,,,,,,,,
1114.5,55.96643453,41.88925614,18.36898791,4,,,,,,,,,,,,,
1115,56.21512247,42.47338837,18.34151553,4,,,,,,,,,,,,,
1115.5,56.5570684,42.39719721,18.31383461,4,,,,,,,,,,,,,
1116,56.49489641,42.44799131,18.28594584,4,,,,,,,,,,,,,
1116.5,56.74358436,42.49878542,18.25784993,4,,,,,,,,,,,,,
1117,56.49489641,42.49878542,18.22954757,4,,,,,,,,,,,,,
1117.5,55.5934026,42.70196185,18.20103948,4,,,,,,,,,,,,,
1118,56.49489641,42.52418247,18.17232635,4,,,,,,,,,,,,,
1118.5,56.27729446,42.62577069,18.14340892,4,,,,,,,,,,,,,
1119,56.21512247,41.73687381,18.11428791,4,,,,,,,,,,,,,
1119.5,55.96643453,43.51466756,18.08496404,4,,,,,,,,,,,,,
1120,56.49489641,42.52418247,18.05543804,4,,,,,,,,,,,,,
1120.5,56.65032638,42.52418247,18.02571066,4,,,,,,,,,,,,,
1121,56.37055244,41.86385908,17.99578264,4,,,,,,,,,,,,,
1121.5,57.24096026,42.47338837,17.96565472,4,,,,,,,,,,,,,
1122,56.96118632,42.95593238,17.93532766,4,,,,,,,,,,,,,
1122.5,56.05969251,42.39719721,17.90480222,4,,,,,,,,,,,,,
1123,56.40163843,42.47338837,17.87407916,4,,,,,,,,,,,,,
1123.5,55.93534853,43.00672649,17.84315925,4,,,,,,,,,,,,,
1124,56.99227231,41.86385908,17.81204326,4,,,,,,,,,,,,,
1124.5,56.68141238,43.51466756,17.78073197,4,,,,,,,,,,,,,
1125,56.65032638,42.39719721,17.74922616,4,,,,,,,,,,,,,
1125.5,56.68141238,43.4384764,17.71752662,4,,,,,,,,,,,,,
1126,56.65032638,42.57497658,17.68563414,4,,,,,,,,,,,,,
1126.5,55.50014462,41.81306497,17.65354953,4,,,,,,,,,,,,,
1127,56.40163843,42.44799131,17.62127357,4,,,,,,,,,,,,,
1127.5,56.37055244,42.87974122,17.58880708,4,,,,,,,,,,,,,
1128,57.45856221,42.98132944,17.55615087,4,,,,,,,,,,,,,
1128.5,56.37055244,42.47338837,17.52330576,4,,,,,,,,,,,,,
1129,56.5570684,42.65116774,17.49027257,4,,,,,,,,,,,,,
1129.5,55.40688664,41.81306497,17.45705212,4,,,,,,,,,,,,,
1130,56.37055244,42.95593238,17.42364525,4,,,,,,,,,,,,,
1130.5,56.89901433,42.27021194,17.39005278,4,,,,,,,,,,,,,
1131,56.68141238,42.39719721,17.35627556,4,,,,,,,,,,,,,
1131.5,56.49489641,42.52418247,17.32231444,4,,,,,,,,,,,,,
1132,56.99227231,43.00672649,17.28817026,4,,,,,,,,,,,,,
1132.5,56.49489641,42.49878542,17.25384387,4,,,,,,,,,,,,,
1133,56.65032638,42.47338837,17.21933614,4,,,,,,,,,,,,,
1133.5,56.21512247,42.57497658,17.18464793,4,,,,,,,,,,,,,
1134,56.80575635,42.39719721,17.1497801,4,,,,,,,,,,,,,
1134.5,56.27729446,42.80355006,17.11473353,4,,,,,,,,,,,,,
1135,57.36530423,43.23529997,17.07950909,4,,,,,,,,,,,,,
1135.5,56.52598241,42.39719721,17.04410766,4,,,,,,,,,,,,,
1136,56.68141238,42.52418247,17.00853013,4,,,,,,,,,,,,,
1136.5,56.77467036,41.99084435,16.97277738,4,,,,,,,,,,,,,
1137,56.99227231,43.1083147,16.93685032,4,,,,,,,,,,,,,
1137.5,56.52598241,42.52418247,16.90074984,4,,,,,,,,,,,,,
1138,56.24620847,41.86385908,16.86447683,4,,,,,,,,,,,,,
1138.5,56.49489641,43.00672649,16.82803222,4,,,,,,,,,,,,,
1139,57.17878827,42.29560899,16.7914169,4,,,,,,,,,,,,,
1139.5,56.61924039,42.47338837,16.75463181,4,,,,,,,,,,,,,
1140,56.5570684,42.39719721,16.71767784,4,,,,,,,,,,,,,
1140.5,56.80575635,42.27021194,16.68055593,4,,,,,,,,,,,,,
1141,57.36530423,43.54006461,16.64326701,4,,,,,,,,,,,,,
1141.5,56.99227231,42.52418247,16.60581201,4,,,,,,,,,,,,,
1142,56.5570684,42.52418247,16.56819187,4,,,,,,,,,,,,,
1142.5,56.93010032,43.1083147,16.53040752,4,,,,,,,,,,,,,
1143,57.36530423,43.00672649,16.49245991,4,,,,,,,,,,,,,
1143.5,56.40163843,42.62577069,16.45434998,4,,,,,,,,,,,,,
1144,56.65032638,42.3464031,16.4160787,4,,,,,,,,,,,,,
1144.5,56.74358436,42.39719721,16.37764702,4,,,,,,,,,,,,,
1145,56.96118632,43.23529997,16.3390559,4,,,,,,,,,,,,,
1145.5,56.61924039,42.57497658,16.3003063,4,,,,,,,,,,,,,
1146,56.74358436,42.14322667,16.26139919,4,,,,,,,,,,,,,
1146.5,56.65032638,41.88925614,16.22233555,4,,,,,,,,,,,,,
1147,56.74358436,42.47338837,16.18311635,4,,,,,,,,,,,,,
1147.5,57.33421824,41.78766792,16.14374258,4,,,,,,,,,,,,,
1148,56.68141238,43.0575206,16.10421521,4,,,,,,,,,,,,,
1148.5,57.36530423,42.82894711,16.06453523,4,,,,,,,,,,,,,
1149,56.21512247,43.00672649,16.02470365,4,,,,,,,,,,,,,
1149.5,56.65032638,42.47338837,15.98472144,4,,,,,,,,,,,,,
1150,56.65032638,42.70196185,15.94458962,4,,,,,,,,,,,,,
1150.5,56.65032638,42.47338837,15.90430918,4,,,,,,,,,,,,,
1151,55.77991856,41.86385908,15.86388114,4,,,,,,,,,,,,,
1151.5,56.49489641,41.73687381,15.8233065,4,,,,,,,,,,,,,
1152,56.74358436,42.47338837,15.78258627,4,,,,,,,,,,,,,
1152.5,56.80575635,42.39719721,15.74172148,4,,,,,,,,,,,,,
1153,55.34471466,41.86385908,15.70071315,4,,,,,,,,,,,,,
1153.5,56.24620847,41.33052096,15.6595623,4,,,,,,,,,,,,,
1154,56.37055244,43.1083147,15.61826997,4,,,,,,,,,,,,,
1154.5,56.65032638,42.47338837,15.57683717,4,,,,,,,,,,,,,
1155,56.5570684,42.52418247,15.53526496,4,,,,,,,,,,,,,
1155.5,57.45856221,43.59085872,15.49355436,4,,,,,,,,,,,,,
1156,56.68141238,42.44799131,15.45170643,4,,,,,,,,,,,,,
1156.5,56.77467036,42.65116774,15.4097222,4,,,,,,,,,,,,,
1157,56.24620847,42.65116774,15.36760273,4,,,,,,,,,,,,,
1157.5,56.80575635,42.70196185,15.32534908,4,,,,,,,,,,,,,
1158,56.93010032,43.1083147,15.28296228,4,,,,,,,,,,,,,
1158.5,56.93010032,42.62577069,15.24044342,4,,,,,,,,,,,,,
1159,56.96118632,42.27021194,15.19779354,4,,,,,,,,,,,,,
1159.5,56.99227231,42.70196185,15.15501372,4,,,,,,,,,,,,,
1160,56.27729446,41.45750623,15.11210502,4,,,,,,,,,,,,,
1160.5,56.80575635,42.39719721,15.06906852,4,,,,,,,,,,,,,
1161,56.80575635,42.11782962,15.0259053,4,,,,,,,,,,,,,
1161.5,57.11661628,43.18450586,14.98261642,4,,,,,,,,,,,,,
1162,56.96118632,42.27021194,14.93920299,4,,,,,,,,,,,,,
1162.5,57.45856221,41.68607971,14.89566607,4,,,,,,,,,,,,,
1163,56.74358436,42.49878542,14.85200676,4,,,,,,,,,,,,,
1163.5,56.5570684,42.47338837,14.80822615,4,,,,,,,,,,,,,
1164,56.99227231,42.04163846,14.76432534,4,,,,,,,,,,,,,
1164.5,56.74358436,42.82894711,14.72030541,4,,,,,,,,,,,,,
1165,56.27729446,41.88925614,14.67616748,4,,,,,,,,,,,,,
1165.5,56.99227231,42.47338837,14.63191265,4,,,,,,,,,,,,,
1166,57.95593811,42.98132944,14.58754202,4,,,,,,,,,,,,,
1166.5,57.83159413,43.00672649,14.5430567,4,,,,,,,,,,,,,
1167,56.27729446,42.39719721,14.4984578,4,,,,,,,,,,,,,
1167.5,56.77467036,42.62577069,14.45374645,4,,,,,,,,,,,,,
1168,57.58290619,42.39719721,14.40892374,4,,,,,,,,,,,,,
1168.5,57.61399218,41.10194748,14.36399082,4,,,,,,,,,,,,,
1169,57.39639023,42.27021194,14.3189488,4,,,,,,,,,,,,,
1169.5,56.77467036,42.52418247,14.2737988,4,,,,,,,,,,,,,
1170,57.20987426,42.87974122,14.22854196,4,,,,,,,,,,,,,
1170.5,57.61399218,42.70196185,14.18317941,4,,,,,,,,,,,,,
1171,57.11661628,42.47338837,14.13771227,4,,,,,,,,,,,,,
1171.5,56.99227231,41.86385908,14.0921417,4,,,,,,,,,,,,,
1172,57.89376612,43.56546167,14.04646882,4,,,,,,,,,,,,,
1172.5,57.45856221,43.08291765,14.00069478,4,,,,,,,,,,,,,
1173,56.99227231,42.39719721,13.95482072,4,,,,,,,,,,,,,
1173.5,56.80575635,42.39719721,13.90884779,4,,,,,,,,,,,,,
1174,57.17878827,42.52418247,13.86277714,4,,,,,,,,,,,,,
1174.5,57.17878827,42.39719721,13.81660992,4,,,,,,,,,,,,,
1175,56.96118632,42.37180015,13.77034729,4,,,,,,,,,,,,,
1175.5,57.45856221,42.65116774,13.72399039,4,,,,,,,,,,,,,
1176,57.95593811,42.80355006,13.6775404,4,,,,,,,,,,,,,
1176.5,56.18403648,42.49878542,13.63099847,4,,,,,,,,,,,,,
1177,56.99227231,42.62577069,13.58436577,4,,,,,,,,,,,,,
1177.5,56.65032638,41.86385908,13.53764345,4,,,,,,,,,,,,,
1178,56.74358436,42.52418247,13.4908327,4,,,,,,,,,,,,,
1178.5,57.11661628,42.57497658,13.44393467,4,,,,,,,,,,,,,
1179,57.67616417,42.65116774,13.39695055,4,,,,,,,,,,,,,
1179.5,56.27729446,42.0162414,13.3498815,4,,,,,,,,,,,,,
1180,56.12186449,42.09243256,13.30272871,4,,,,,,,,,,,,,
1180.5,56.99227231,42.52418247,13.25549335,4,,,,,,,,,,,,,
1181,57.39639023,43.51466756,13.2081766,4,,,,,,,,,,,,,
1181.5,57.33421824,42.49878542,13.16077964,4,,,,,,,,,,,,,
1182,58.14245407,43.00672649,13.11330367,4,,,,,,,,,,,,,
1182.5,58.04919609,42.47338837,13.06574986,4,,,,,,,,,,,,,
1183,55.93534853,41.86385908,13.01811941,4,,,,,,,,,,,,,
1183.5,57.39639023,42.87974122,12.97041351,4,,,,,,,,,,,,,
1184,57.89376612,42.87974122,12.92263335,4,,,,,,,,,,,,,
1184.5,56.27729446,41.66068265,12.87478012,4,,,,,,,,,,,,,
1185,57.24096026,42.75275595,12.82685503,4,,,,,,,,,,,,,
1185.5,58.29788404,43.0575206,12.77885926,4,,,,,,,,,,,,,
1186,56.65032638,41.53369739,12.73079402,4,,,,,,,,,,,,,
1186.5,57.89376612,42.70196185,12.68266051,4,,,,,,,,,,,,,
1187,57.33421824,42.47338837,12.63445993,4,,,,,,,,,,,,,
1187.5,57.24096026,42.62577069,12.5861935,4,,,,,,,,,,,,,
1188,56.49489641,42.04163846,12.5378624,4,,,,,,,,,,,,,
1188.5,57.36530423,42.87974122,12.48946787,4,,,,,,,,,,,,,
1189,57.17878827,42.52418247,12.44101109,4,,,,,,,,,,,,,
1189.5,57.33421824,42.65116774,12.39249329,4,,,,,,,,,,,,,
1190,57.89376612,41.88925614,12.34391568,4,,,,,,,,,,,,,
1190.5,56.21512247,41.3051239,12.29527947,4,,,,,,,,,,,,,
1191,57.89376612,41.66068265,12.24658588,4,,,,,,,,,,,,,
1191.5,56.80575635,42.47338837,12.19783612,4,,,,,,,,,,,,,
1192,57.17878827,42.04163846,12.14903142,4,,,,,,,,,,,,,
1192.5,57.36530423,42.39719721,12.10017299,4,,,,,,,,,,,,,
1193,56.65032638,42.39719721,12.05126206,4,,,,,,,,,,,,,
1193.5,56.77467036,42.62577069,12.00229985,4,,,,,,,,,,,,,
1194,57.61399218,43.66704988,11.95328758,4,,,,,,,,,,,,,
1194.5,57.39639023,42.70196185,11.90422647,4,,,,,,,,,,,,,
1195,57.39639023,42.49878542,11.85511777,4,,,,,,,,,,,,,
1195.5,57.33421824,42.57497658,11.80596268,4,,,,,,,,,,,,,
1196,57.45856221,42.27021194,11.75676244,4,,,,,,,,,,,,,
1196.5,57.39639023,42.3464031,11.70751829,4,,,,,,,,,,,,,
1197,57.39639023,42.65116774,11.65823145,4,,,,,,,,,,,,,
1197.5,57.36530423,42.47338837,11.60890315,4,,,,,,,,,,,,,
1198,56.5570684,42.0162414,11.55953463,4,,,,,,,,,,,,,
1198.5,57.36530423,42.52418247,11.51012712,4,,,,,,,,,,,,,
1199,57.48964821,42.85434417,11.46068186,4,,,,,,,,,,,,,
1199.5,58.88851791,43.79403515,11.41120008,4,,,,,,,,,,,,,
1200,57.36530423,42.82894711,11.36168302,4,,,,,,,,,,,,,
1200.5,58.20462606,43.00672649,11.31213192,4,,,,,,,,,,,,,
1201,57.48964821,42.70196185,11.26254802,4,,,,,,,,,,,,,
1201.5,57.61399218,42.70196185,11.21293255,4,,,,,,,,,,,,,
1202,57.33421824,42.70196185,11.16328676,4,,,,,,,,,,,,,
1202.5,57.39639023,42.82894711,11.11361189,4,,,,,,,,,,,,,
1203,57.39639023,42.75275595,11.06390917,4,,,,,,,,,,,,,
1203.5,57.45856221,42.49878542,11.01417986,4,,,,,,,,,,,,,
1204,57.39639023,42.70196185,10.9644252,4,,,,,,,,,,,,,
1204.5,56.65032638,41.86385908,10.91464642,4,,,,,,,,,,,,,
1205,56.68141238,42.49878542,10.86484478,4,,,,,,,,,,,,,
1205.5,57.39639023,42.49878542,10.81502152,4,,,,,,,,,,,,,
1206,57.48964821,42.3464031,10.76517788,4,,,,,,,,,,,,,
1206.5,57.45856221,41.88925614,10.71531511,4,,,,,,,,,,,,,
1207,57.64507817,42.52418247,10.66543446,4,,,,,,,,,,,,,
1207.5,57.45856221,42.62577069,10.61553717,4,,,,,,,,,,,,,
1208,57.48964821,42.75275595,10.5656245,4,,,,,,,,,,,,,
1208.5,57.24096026,42.04163846,10.51569768,4,,,,,,,,,,,,,
1209,57.39639023,42.65116774,10.46575798,4,,,,,,,,,,,,,
1209.5,56.68141238,42.27021194,10.41580662,4,,,,,,,,,,,,,
1210,57.36530423,43.18450586,10.36584488,4,,,,,,,,,,,,,
1210.5,57.64507817,42.52418247,10.31587398,4,,,,,,,,,,,,,
1211,57.64507817,42.65116774,10.26589519,4,,,,,,,,,,,,,
1211.5,57.48964821,42.98132944,10.21590976,4,,,,,,,,,,,,,
1212,57.48964821,42.52418247,10.16591892,4,,,,,,,,,,,,,
1212.5,57.24096026,41.6352856,10.11592394,4,,,,,,,,,,,,,
1213,57.45856221,42.75275595,10.06592606,4,,,,,,,,,,,,,
1213.5,58.79525993,43.0575206,10.01592653,4,,,,,,,,,,,,,
1214,57.5207342,42.62577069,9.965926602,4,,,,,,,,,,,,,
1214.5,56.65032638,42.0162414,9.915927526,4,,,,,,,,,,,,,
1215,58.23571205,43.33688818,9.865930553,4,,,,,,,,,,,,,
1215.5,57.61399218,42.70196185,9.815936931,4,,,,,,,,,,,,,
1216,57.45856221,42.65116774,9.76594791,4,,,,,,,,,,,,,
1216.5,57.61399218,42.39719721,9.715964741,4,,,,,,,,,,,,,
1217,57.92485211,43.18450586,9.665988673,4,,,,,,,,,,,,,
1217.5,58.0181101,42.75275595,9.616020955,4,,,,,,,,,,,,,
1218,57.45856221,42.75275595,9.566062836,4,,,,,,,,,,,,,
1218.5,57.61399218,42.52418247,9.516115566,4,,,,,,,,,,,,,
1219,57.61399218,42.70196185,9.466180393,4,,,,,,,,,,,,,
1219.5,58.4844,42.62577069,9.416258566,4,,,,,,,,,,,,,
1220,57.36530423,42.0162414,9.366351332,4,,,,,,,,,,,,,
1220.5,56.96118632,41.76227087,9.316459939,4,,,,,,,,,,,,,
1221,57.67616417,42.62577069,9.266585634,4,,,,,,,,,,,,,
1221.5,57.36530423,42.49878542,9.216729665,4,,,,,,,,,,,,,
1222,56.99227231,42.70196185,9.166893278,4,,,,,,,,,,,,,
1222.5,57.39639023,42.0162414,9.117077718,4,,,,,,,,,,,,,
1223,58.0181101,42.82894711,9.067284231,4,,,,,,,,,,,,,
1223.5,58.79525993,42.98132944,9.017514063,4,,,,,,,,,,,,,
1224,57.45856221,41.81306497,8.967768456,4,,,,,,,,,,,,,
1224.5,58.51548599,43.54006461,8.918048655,4,,,,,,,,,,,,,
1225,57.39639023,42.70196185,8.868355902,4,,,,,,,,,,,,,
1225.5,57.64507817,42.87974122,8.818691441,4,,,,,,,,,,,,,
1226,57.64507817,42.82894711,8.769056512,4,,,,,,,,,,,,,
1226.5,57.5207342,42.62577069,8.719452357,4,,,,,,,,,,,,,
1227,58.39114202,42.95593238,8.669880216,4,,,,,,,,,,,,,
1227.5,57.5207342,42.62577069,8.620341327,4,,,,,,,,,,,,,
1228,58.04919609,43.15910881,8.57083693,4,,,,,,,,,,,,,
1228.5,57.83159413,42.75275595,8.521368262,4,,,,,,,,,,,,,
1229,56.74358436,41.53369739,8.47193656,4,,,,,,,,,,,,,
1229.5,58.0181101,42.65116774,8.422543059,4,,,,,,,,,,,,,
1230,57.5207342,42.44799131,8.373188994,4,,,,,,,,,,,,,
1230.5,57.17878827,41.81306497,8.3238756,4,,,,,,,,,,,,,
1231,58.20462606,43.41307935,8.274604108,4,,,,,,,,,,,,,
1231.5,57.83159413,42.70196185,8.225375752,4,,,,,,,,,,,,,
1232,57.95593811,41.99084435,8.176191761,4,,,,,,,,,,,,,
1232.5,57.83159413,42.75275595,8.127053365,4,,,,,,,,,,,,,
1233,57.80050814,42.70196185,8.077961792,4,,,,,,,,,,,,,
1233.5,57.89376612,42.75275595,8.028918271,4,,,,,,,,,,,,,
1234,58.04919609,42.52418247,7.979924026,4,,,,,,,,,,,,,
1234.5,57.89376612,42.87974122,7.930980283,4,,,,,,,,,,,,,
1235,58.51548599,43.76863809,7.882088266,4,,,,,,,,,,,,,
1235.5,59.29263583,43.56546167,7.833249196,4,,,,,,,,,,,,,
1236,58.14245407,42.82894711,7.784464295,4,,,,,,,,,,,,,
1236.5,59.16829185,43.23529997,7.735734782,4,,,,,,,,,,,,,
1237,57.95593811,42.98132944,7.687061876,4,,,,,,,,,,,,,
1237.5,58.23571205,43.79403515,7.638446793,4,,,,,,,,,,,,,
1238,57.39639023,42.62577069,7.589890749,4,,,,,,,,,,,,,
1238.5,58.14245407,42.82894711,7.541394957,4,,,,,,,,,,,,,
1239,58.91960391,43.00672649,7.492960631,4,,,,,,,,,,,,,
1239.5,58.14245407,42.21941783,7.44458898,4,,,,,,,,,,,,,
1240,57.89376612,42.82894711,7.396281214,4,,,,,,,,,,,,,
1240.5,58.23571205,42.65116774,7.348038541,4,,,,,,,,,,,,,
1241,56.77467036,42.3464031,7.299862167,4,,,,,,,,,,,,,
1241.5,58.85743192,43.69244693,7.251753297,4,,,,,,,,,,,,,
1242,57.5207342,42.04163846,7.203713132,4,,,,,,,,,,,,,
1242.5,58.23571205,42.70196185,7.155742875,4,,,,,,,,,,,,,
1243,58.39114202,41.86385908,7.107843723,4,,,,,,,,,,,,,
1243.5,58.57765798,42.95593238,7.060016876,4,,,,,,,,,,,,,
1244,58.20462606,42.37180015,7.012263528,4,,,,,,,,,,,,,
1244.5,58.04919609,42.70196185,6.964584873,4,,,,,,,,,,,,,
1245,58.32897003,42.70196185,6.916982103,4,,,,,,,,,,,,,
1245.5,57.83159413,42.70196185,6.869456409,4,,,,,,,,,,,,,
1246,57.39639023,42.04163846,6.822008978,4,,,,,,,,,,,,,
1246.5,58.79525993,41.88925614,6.774640997,4,,,,,,,,,,,,,
1247,58.08028208,42.85434417,6.727353649,4,,,,,,,,,,,,,
1247.5,58.32897003,43.46387345,6.680148118,4,,,,,,,,,,,,,
1248,58.20462606,43.00672649,6.633025582,4,,,,,,,,,,,,,
1248.5,58.39114202,43.00672649,6.585987221,4,,,,,,,,,,,,,
1249,58.23571205,42.95593238,6.53903421,4,,,,,,,,,,,,,
1249.5,58.29788404,42.87974122,6.492167723,4,,,,,,,,,,,,,
1250,58.23571205,42.52418247,6.445388932,4,,,,,,,,,,,,,
1250.5,58.14245407,42.87974122,6.398699005,4,,,,,,,,,,,,,
1251,58.91960391,43.1083147,6.352099111,4,,,,,,,,,,,,,
1251.5,58.04919609,42.57497658,6.305590415,4,,,,,,,,,,,,,
1252,58.57765798,42.98132944,6.259174078,4,,,,,,,,,,,,,
1252.5,58.23571205,42.87974122,6.212851262,4,,,,,,,,,,,,,
1253,58.73308795,43.56546167,6.166623124,4,,,,,,,,,,,,,
1253.5,58.67091596,42.85434417,6.120490821,4,,,,,,,,,,,,,
1254,58.14245407,43.00672649,6.074455505,4,,,,,,,,,,,,,
1254.5,58.453314,42.98132944,6.028518327,4,,,,,,,,,,,,,
1255,58.85743192,42.37180015,5.982680436,4,,,,,,,,,,,,,
1255.5,58.79525993,42.70196185,5.936942979,4,,,,,,,,,,,,,
1256,57.39639023,42.65116774,5.891307097,4,,,,,,,,,,,,,
1256.5,58.39114202,43.89562336,5.845773932,4,,,,,,,,,,,,,
1257,57.45856221,42.47338837,5.800344623,4,,,,,,,,,,,,,
1257.5,58.36005602,43.59085872,5.755020305,4,,,,,,,,,,,,,
1258,58.88851791,42.95593238,5.709802111,4,,,,,,,,,,,,,
1258.5,58.23571205,41.53369739,5.664691172,4,,,,,,,,,,,,,
1259,58.51548599,43.0575206,5.619688616,4,,,,,,,,,,,,,
1259.5,58.57765798,43.00672649,5.574795567,4,,,,,,,,,,,,,
1260,58.51548599,42.80355006,5.530013148,4,,,,,,,,,,,,,
1260.5,58.51548599,42.82894711,5.485342478,4,,,,,,,,,,,,,
1261,58.57765798,43.51466756,5.440784675,4,,,,,,,,,,,,,
1261.5,59.57240977,43.56546167,5.396340852,4,,,,,,,,,,,,,
1262,59.4169798,43.20990292,5.35201212,4,,,,,,,,,,,,,
1262.5,59.4169798,43.4384764,5.307799587,4,,,,,,,,,,,,,
1263,58.57765798,43.00672649,5.263704359,4,,,,,,,,,,,,,
1263.5,58.32897003,43.00672649,5.219727539,4,,,,,,,,,,,,,
1264,58.51548599,43.00672649,5.175870225,4,,,,,,,,,,,,,
1264.5,58.79525993,43.08291765,5.132133513,4,,,,,,,,,,,,,
1265,57.39639023,42.75275595,5.088518499,4,,,,,,,,,,,,,
1265.5,58.79525993,42.09243256,5.045026271,4,,,,,,,,,,,,,
1266,58.67091596,42.87974122,5.001657917,4,,,,,,,,,,,,,
1266.5,58.51548599,42.62577069,4.958414521,4,,,,,,,,,,,,,
1267,58.57765798,42.98132944,4.915297165,4,,,,,,,,,,,,,
1267.5,58.67091596,42.98132944,4.872306926,4,,,,,,,,,,,,,
1268,59.04394788,43.20990292,4.82944488,4,,,,,,,,,,,,,
1268.5,59.57240977,43.41307935,4.786712096,4,,,,,,,,,,,,,
1269,58.67091596,43.00672649,4.744109645,4,,,,,,,,,,,,,
1269.5,57.80050814,41.88925614,4.701638591,4,,,,,,,,,,,,,
1270,58.57765798,43.00672649,4.659299995,4,,,,,,,,,,,,,
1270.5,58.4844,43.00672649,4.617094917,4,,,,,,,,,,,,,
1271,58.85743192,42.95593238,4.575024411,4,,,,,,,,,,,,,
1271.5,58.73308795,43.00672649,4.533089529,4,,,,,,,,,,,,,
1272,58.57765798,42.70196185,4.49129132,4,,,,,,,,,,,,,
1272.5,58.20462606,41.99084435,4.449630828,4,,,,,,,,,,,,,
1273,58.79525993,43.1083147,4.408109095,4,,,,,,,,,,,,,
1273.5,58.79525993,42.98132944,4.366727159,4,,,,,,,,,,,,,
1274,57.89376612,42.62577069,4.325486055,4,,,,,,,,,,,,,
1274.5,59.57240977,42.98132944,4.284386813,4,,,,,,,,,,,,,
1275,59.4169798,42.98132944,4.243430461,4,,,,,,,,,,,,,
1275.5,58.85743192,42.98132944,4.202618023,4,,,,,,,,,,,,,
1276,59.10611987,43.76863809,4.161950519,4,,,,,,,,,,,,,
1276.5,58.57765798,42.80355006,4.121428966,4,,,,,,,,,,,,,
1277,58.79525993,43.00672649,4.081054377,4,,,,,,,,,,,,,
1277.5,59.4169798,43.0575206,4.040827762,4,,,,,,,,,,,,,
1278,58.73308795,42.80355006,4.000750125,4,,,,,,,,,,,,,
1278.5,60.19412964,43.59085872,3.96082247,4,,,,,,,,,,,,,
1279,59.47915179,43.23529997,3.921045793,4,,,,,,,,,,,,,
1279.5,57.48964821,42.49878542,3.881421091,4,,,,,,,,,,,,,
1280,58.79525993,43.00672649,3.841949352,4,,,,,,,,,,,,,
1280.5,58.88851791,43.1083147,3.802631564,4,,,,,,,,,,,,,
1281,58.57765798,43.00672649,3.76346871,4,,,,,,,,,,,,,
1281.5,57.36530423,42.21941783,3.724461769,4,,,,,,,,,,,,,
1282,58.79525993,43.0575206,3.685611716,4,,,,,,,,,,,,,
1282.5,58.67091596,43.23529997,3.646919523,4,,,,,,,,,,,,,
1283,58.76417394,42.37180015,3.608386156,4,,,,,,,,,,,,,
1283.5,58.51548599,43.00672649,3.570012579,4,,,,,,,,,,,,,
1284,58.76417394,43.1083147,3.531799752,4,,,,,,,,,,,,,
1284.5,57.89376612,42.95593238,3.493748629,4,,,,,,,,,,,,,
1285,59.29263583,43.92102042,3.455860163,4,,,,,,,,,,,,,
1285.5,58.57765798,42.52418247,3.418135299,4,,,,,,,,,,,,,
1286,59.23046384,43.51466756,3.380574982,4,,,,,,,,,,,,,
1286.5,58.91960391,43.0575206,3.34318015,4,,,,,,,,,,,,,
1287,59.01286189,43.23529997,3.305951738,4,,,,,,,,,,,,,
1287.5,58.76417394,43.08291765,3.268890677,4,,,,,,,,,,,,,
1288,58.79525993,42.95593238,3.231997893,4,,,,,,,,,,,,,
1288.5,58.88851791,43.00672649,3.195274309,4,,,,,,,,,,,,,
1289,58.85743192,42.95593238,3.158720843,4,,,,,,,,,,,,,
1289.5,58.76417394,43.33688818,3.122338408,4,,,,,,,,,,,,,
1290,58.79525993,43.0575206,3.086127915,4,,,,,,,,,,,,,
1290.5,58.88851791,43.0575206,3.050090268,4,,,,,,,,,,,,,
1291,59.10611987,43.00672649,3.014226368,4,,,,,,,,,,,,,
1291.5,59.04394788,43.00672649,2.978537113,4,,,,,,,,,,,,,
1292,59.35480782,43.18450586,2.943023393,4,,,,,,,,,,,,,
1292.5,58.85743192,43.00672649,2.907686098,4,,,,,,,,,,,,,
1293,59.04394788,43.00672649,2.87252611,4,,,,,,,,,,,,,
1293.5,58.91960391,43.41307935,2.837544309,4,,,,,,,,,,,,,
1294,58.79525993,43.15910881,2.802741568,4,,,,,,,,,,,,,
1294.5,58.79525993,43.00672649,2.768118759,4,,,,,,,,,,,,,
1295,58.79525993,42.98132944,2.733676747,4,,,,,,,,,,,,,
1295.5,58.88851791,43.00672649,2.699416392,4,,,,,,,,,,,,,
1296,59.29263583,43.59085872,2.665338551,4,,,,,,,,,,,,,
1296.5,57.67616417,42.39719721,2.631444076,4,,,,,,,,,,,,,
1297,58.23571205,42.75275595,2.597733815,4,,,,,,,,,,,,,
1297.5,59.04394788,43.08291765,2.564208611,4,,,,,,,,,,,,,
1298,59.04394788,43.20990292,2.5308693,4,,,,,,,,,,,,,
1298.5,59.10611987,43.00672649,2.497716718,4,,,,,,,,,,,,,
1299,59.23046384,43.23529997,2.464751692,4,,,,,,,,,,,,,
1299.5,59.75892573,43.36228524,2.431975047,4,,,,,,,,,,,,,
1300,58.23571205,42.27021194,2.399387602,4,,,,,,,,,,,,,
1300.5,58.79525993,43.15910881,2.366990172,4,,,,,,,,,,,,,
1301,59.79001172,43.69244693,2.334783567,4,,,,,,,,,,,,,
1301.5,59.72783974,43.20990292,2.302768592,4,,,,,,,,,,,,,
1302,59.01286189,43.15910881,2.270946048,4,,,,,,,,,,,,,
1302.5,58.36005602,42.82894711,2.239316729,4,,,,,,,,,,,,,
1303,59.63458176,43.18450586,2.207881427,4,,,,,,,,,,,,,
1303.5,58.79525993,43.18450586,2.176640928,4,,,,,,,,,,,,,
1304,58.51548599,43.51466756,2.145596012,4,,,,,,,,,,,,,
1304.5,58.04919609,42.98132944,2.114747456,4,,,,,,,,,,,,,
1305,58.91960391,43.66704988,2.08409603,4,,,,,,,,,,,,,
1305.5,58.85743192,43.1083147,2.053642502,4,,,,,,,,,,,,,
1306,58.85743192,42.62577069,2.023387633,4,,,,,,,,,,,,,
1306.5,59.57240977,43.51466756,1.993332178,4,,,,,,,,,,,,,
1307,59.10611987,43.23529997,1.96347689,4,,,,,,,,,,,,,
1307.5,59.29263583,43.08291765,1.933822514,4,,,,,,,,,,,,,
1308,59.04394788,43.33688818,1.904369792,4,,,,,,,,,,,,,
1308.5,59.04394788,43.20990292,1.875119461,4,,,,,,,,,,,,,
1309,59.04394788,43.15910881,1.846072251,4,,,,,,,,,,,,,
1309.5,58.73308795,42.82894711,1.817228889,4,,,,,,,,,,,,,
1310,59.04394788,43.20990292,1.788590096,4,,,,,,,,,,,,,
1310.5,59.4480658,43.18450586,1.760156588,4,,,,,,,,,,,,,
1311,59.29263583,43.23529997,1.731929075,4,,,,,,,,,,,,,
1311.5,59.23046384,43.1083147,1.703908264,4,,,,,,,,,,,,,
1312,59.4480658,43.33688818,1.676094854,4,,,,,,,,,,,,,
1312.5,59.10611987,43.54006461,1.648489542,4,,,,,,,,,,,,,
1313,58.79525993,43.97181452,1.621093017,4,,,,,,,,,,,,,
1313.5,58.73308795,42.80355006,1.593905964,4,,,,,,,,,,,,,
1314,59.4169798,42.3464031,1.566929064,4,,,,,,,,,,,,,
1314.5,60.19412964,43.59085872,1.540162989,4,,,,,,,,,,,,,
1315,59.10611987,43.36228524,1.51360841,4,,,,,,,,,,,,,
1315.5,60.13195765,43.54006461,1.487265991,4,,,,,,,,,,,,,
1316,58.32897003,42.27021194,1.461136389,4,,,,,,,,,,,,,
1316.5,59.4480658,43.18450586,1.435220258,4,,,,,,,,,,,,,
1317,59.01286189,43.20990292,1.409518247,4,,,,,,,,,,,,,
1317.5,59.29263583,43.0575206,1.384030997,4,,,,,,,,,,,,,
1318,59.19937785,43.0575206,1.358759146,4,,,,,,,,,,,,,
1318.5,59.04394788,43.23529997,1.333703325,4,,,,,,,,,,,,,
1319,58.32897003,42.57497658,1.308864162,4,,,,,,,,,,,,,
1319.5,59.23046384,43.18450586,1.284242276,4,,,,,,,,,,,,,
1320,59.4480658,43.31149113,1.259838284,4,,,,,,,,,,,,,
1320.5,58.88851791,43.1083147,1.235652795,4,,,,,,,,,,,,,
1321,58.29788404,43.00672649,1.211686415,4,,,,,,,,,,,,,
1321.5,58.79525993,43.00672649,1.187939742,4,,,,,,,,,,,,,
1322,58.60874397,43.36228524,1.16441337,4,,,,,,,,,,,,,
1322.5,59.04394788,43.23529997,1.141107887,4,,,,,,,,,,,,,
1323,59.4480658,43.33688818,1.118023876,4,,,,,,,,,,,,,
1323.5,59.4169798,43.41307935,1.095161914,4,,,,,,,,,,,,,
1324,59.10611987,42.98132944,1.072522573,4,,,,,,,,,,,,,
1324.5,59.47915179,43.18450586,1.050106418,4,,,,,,,,,,,,,
1325,58.79525993,43.00672649,1.02791401,4,,,,,,,,,,,,,
1325.5,58.76417394,42.95593238,1.005945903,4,,,,,,,,,,,,,
1326,58.76417394,43.66704988,0.984202648,4,,,,,,,,,,,,,
1326.5,59.19937785,43.31149113,0.962684786,4,,,,,,,,,,,,,
1327,59.35480782,43.76863809,0.941392858,4,,,,,,,,,,,,,
1327.5,59.32372182,43.54006461,0.920327394,4,,,,,,,,,,,,,
1328,59.35480782,43.00672649,0.899488921,4,,,,,,,,,,,,,
1328.5,60.19412964,42.87974122,0.878877961,4,,,,,,,,,,,,,
1329,59.4169798,43.18450586,0.858495028,4,,,,,,,,,,,,,
1329.5,59.63458176,43.54006461,0.838340633,4,,,,,,,,,,,,,
1330,58.39114202,42.57497658,0.818415278,4,,,,,,,,,,,,,
1330.5,59.29263583,42.39719721,0.798719462,4,,,,,,,,,,,,,
1331,58.39114202,43.00672649,0.779253679,4,,,,,,,,,,,,,
1331.5,59.72783974,44.1495939,0.760018413,4,,,,,,,,,,,,,
1332,60.19412964,43.79403515,0.741014146,4,,,,,,,,,,,,,
1332.5,59.72783974,43.23529997,0.722241354,4,,,,,,,,,,,,,
1333,60.00761368,43.36228524,0.703700505,4,,,,,,,,,,,,,
1333.5,59.23046384,42.80355006,0.685392062,4,,,,,,,,,,,,,
1334,59.19937785,43.46387345,0.667316485,4,,,,,,,,,,,,,
1334.5,58.67091596,42.85434417,0.649474224,4,,,,,,,,,,,,,
1335,59.35480782,43.41307935,0.631865726,4,,,,,,,,,,,,,
1335.5,59.29263583,43.51466756,0.614491431,4,,,,,,,,,,,,,
1336,59.29263583,43.36228524,0.597351773,4,,,,,,,,,,,,,
1336.5,59.4480658,43.54006461,0.580447181,4,,,,,,,,,,,,,
1337,59.35480782,43.00672649,0.563778077,4,,,,,,,,,,,,,
1337.5,58.39114202,42.70196185,0.547344878,4,,,,,,,,,,,,,
1338,58.79525993,42.39719721,0.531147995,4,,,,,,,,,,,,,
1338.5,59.19937785,42.98132944,0.515187833,4,,,,,,,,,,,,,
1339,59.47915179,43.4384764,0.499464791,4,,,,,,,,,,,,,
1339.5,59.4480658,43.18450586,0.483979261,4,,,,,,,,,,,,,
1340,59.16829185,43.56546167,0.468731632,4,,,,,,,,,,,,,
1340.5,60.16304365,44.1495939,0.453722283,4,,,,,,,,,,,,,
1341,59.10611987,42.82894711,0.438951592,4,,,,,,,,,,,,,
1341.5,59.4169798,43.00672649,0.424419926,4,,,,,,,,,,,,,
1342,59.4169798,43.1083147,0.410127648,4,,,,,,,,,,,,,
1342.5,59.4480658,43.08291765,0.396075118,4,,,,,,,,,,,,,
1343,59.29263583,42.87974122,0.382262684,4,,,,,,,,,,,,,
1343.5,59.4480658,43.89562336,0.368690694,4,,,,,,,,,,,,,
1344,60.13195765,43.56546167,0.355359486,4,,,,,,,,,,,,,
1344.5,59.57240977,42.49878542,0.342269394,4,,,,,,,,,,,,,
1345,59.23046384,43.00672649,0.329420744,4,,,,,,,,,,,,,
1345.5,59.47915179,43.92102042,0.316813858,4,,,,,,,,,,,,,
1346,60.00761368,44.1495939,0.304449052,4,,,,,,,,,,,,,
1346.5,58.60874397,43.18450586,0.292326633,4,,,,,,,,,,,,,
1347,58.57765798,42.47338837,0.280446906,4,,,,,,,,,,,,,
1347.5,60.31847361,43.97181452,0.268810168,4,,,,,,,,,,,,,
1348,58.85743192,43.23529997,0.257416708,4,,,,,,,,,,,,,
1348.5,59.4169798,43.41307935,0.246266813,4,,,,,,,,,,,,,
1349,59.47915179,43.56546167,0.23536076,4,,,,,,,,,,,,,
1349.5,60.06978567,43.71784399,6,12,,,,,,,,,,,,,
1350,59.4480658,43.41307935,6,12,,,,,,,,,,,,,
1350.5,59.4480658,43.1083147,6,12,,,,,,,,,,,,,
1351,59.4480658,43.59085872,6,12,,,,,,,,,,,,,
1351.5,60.28738762,43.69244693,6,12,,,,,,,,,,,,,
1352,59.35480782,44.1495939,6,12,,,,,,,,,,,,,
1352.5,59.47915179,43.4384764,6,12,,,,,,,,,,,,,
1353,59.4480658,43.54006461,6,12,,,,,,,,,,,,,
1353.5,59.47915179,43.89562336,6,12,,,,,,,,,,,,,
1354,59.57240977,43.66704988,6,12,,,,,,,,,,,,,
1354.5,59.57240977,43.0575206,6,12,,,,,,,,,,,,,
1355,58.51548599,42.87974122,6,12,,,,,,,,,,,,,
1355.5,60.00761368,43.66704988,6,12,,,,,,,,,,,,,
1356,59.72783974,43.79403515,6,12,,,,,,,,,,,,,
1356.5,59.57240977,43.56546167,6,12,,,,,,,,,,,,,
1357,59.75892573,43.41307935,6,12,,,,,,,,,,,,,
1357.5,59.63458176,43.4384764,6,12,,,,,,,,,,,,,
1358,59.60349576,43.54006461,6,12,,,,,,,,,,,,,
1358.5,59.57240977,43.20990292,6,12,,,,,,,,,,,,,
1359,59.79001172,43.18450586,6,12,,,,,,,,,,,,,
1359.5,59.4480658,42.87974122,6,12,,,,,,,,,,,,,
1360,59.10611987,43.41307935,6,12,,,,,,,,,,,,,
1360.5,59.60349576,43.46387345,6,12,,,,,,,,,,,,,
1361,59.23046384,43.46387345,6,12,,,,,,,,,,,,,
1361.5,59.60349576,43.51466756,6,12,,,,,,,,,,,,,
1362,58.79525993,44.40356443,6,12,,,,,,,,,,,,,
1362.5,60.69150553,44.07340274,6,12,,,,,,,,,,,,,
1363,60.59824755,44.1495939,6,12,,,,,,,,,,,,,
1363.5,59.29263583,43.54006461,6,12,,,,,,,,,,,,,
1364,60.19412964,43.20990292,6,12,,,,,,,,,,,,,
1364.5,59.4480658,42.98132944,6,12,,,,,,,,,,,,,
1365,58.73308795,42.39719721,6,12,,,,,,,,,,,,,
1365.5,58.85743192,43.69244693,6,12,,,,,,,,,,,,,
1366,59.60349576,43.1083147,6,12,,,,,,,,,,,,,
1366.5,58.91960391,43.20990292,6,12,,,,,,,,,,,,,
1367,59.4480658,43.51466756,6,12,,,,,,,,,,,,,
1367.5,59.4480658,43.41307935,6,12,,,,,,,,,,,,,
1368,59.60349576,42.98132944,6,12,,,,,,,,,,,,,
1368.5,59.75892573,44.07340274,6,12,,,,,,,,,,,,,
1369,60.72259153,44.1495939,6,12,,,,,,,,,,,,,
1369.5,59.4480658,43.46387345,6,12,,,,,,,,,,,,,
1370,58.76417394,43.54006461,6,12,,,,,,,,,,,,,
1370.5,59.60349576,43.46387345,6,12,,,,,,,,,,,,,
1371,59.47915179,43.76863809,6,12,,,,,,,,,,,,,
1371.5,59.72783974,43.56546167,6,12,,,,,,,,,,,,,
1372,59.4480658,42.85434417,6,12,,,,,,,,,,,,,
1372.5,59.4480658,43.41307935,6,12,,,,,,,,,,,,,
1373,58.85743192,43.1083147,6,12,,,,,,,,,,,,,
1373.5,59.4480658,43.46387345,6,12,,,,,,,,,,,,,
1374,59.4480658,43.59085872,6,12,,,,,,,,,,,,,
1374.5,59.75892573,43.54006461,6,12,,,,,,,,,,,,,
1375,60.13195765,43.51466756,6,12,,,,,,,,,,,,,
1375.5,58.91960391,43.97181452,6,12,,,,,,,,,,,,,
1376,59.57240977,43.1083147,6,12,,,,,,,,,,,,,
1376.5,59.60349576,43.8194322,6,12,,,,,,,,,,,,,
1377,59.4169798,43.54006461,6,12,,,,,,,,,,,,,
1377.5,59.60349576,43.54006461,6,12,,,,,,,,,,,,,
1378,59.63458176,43.89562336,6,12,,,,,,,,,,,,,
1378.5,60.62933355,44.1495939,6,12,,,,,,,,,,,,,
1379,60.75367752,43.66704988,6,12,,,,,,,,,,,,,
1379.5,60.00761368,43.00672649,6,12,,,,,,,,,,,,,
1380,59.75892573,43.56546167,6,12,,,,,,,,,,,,,
1380.5,59.01286189,43.76863809,6,12,,,,,,,,,,,,,
1381,59.4480658,43.00672649,6,12,,,,,,,,,,,,,
1381.5,60.69150553,43.92102042,6,12,,,,,,,,,,,,,
1382,59.72783974,43.8194322,6,12,,,,,,,,,,,,,
1382.5,59.23046384,43.33688818,6,12,,,,,,,,,,,,,
1383,60.00761368,43.08291765,6,12,,,,,,,,,,,,,
1383.5,60.19412964,42.39719721,6,12,,,,,,,,,,,,,
1384,59.79001172,43.54006461,6,12,,,,,,,,,,,,,
1384.5,60.00761368,43.56546167,6,12,,,,,,,,,,,,,
1385,59.10611987,43.66704988,6,12,,,,,,,,,,,,,
1385.5,59.4169798,43.36228524,6,12,,,,,,,,,,,,,
1386,59.75892573,43.71784399,6,12,,,,,,,,,,,,,
1386.5,59.47915179,43.59085872,6,12,,,,,,,,,,,,,
1387,60.31847361,44.1495939,6,12,,,,,,,,,,,,,
1387.5,59.8832697,43.59085872,6,12,,,,,,,,,,,,,
1388,59.63458176,43.76863809,6,12,,,,,,,,,,,,,
1388.5,59.72783974,43.54006461,6,12,,,,,,,,,,,,,
1389,59.75892573,43.59085872,6,12,,,,,,,,,,,,,
1389.5,59.10611987,43.41307935,6,12,,,,,,,,,,,,,
1390,59.9143557,43.59085872,6,12,,,,,,,,,,,,,
1390.5,60.00761368,43.54006461,6,12,,,,,,,,,,,,,
1391,59.72783974,43.66704988,6,12,,,,,,,,,,,,,
1391.5,59.72783974,43.54006461,6,12,,,,,,,,,,,,,
1392,59.79001172,43.41307935,6,12,,,,,,,,,,,,,
1392.5,59.8832697,43.71784399,6,12,,,,,,,,,,,,,
1393,60.16304365,42.47338837,6,12,,,,,,,,,,,,,
1393.5,59.79001172,43.54006461,6,12,,,,,,,,,,,,,
1394,59.79001172,43.59085872,6,12,,,,,,,,,,,,,
1394.5,59.75892573,43.59085872,6,12,,,,,,,,,,,,,
1395,59.72783974,43.59085872,6,12,,,,,,,,,,,,,
1395.5,60.50498957,44.50515265,6,12,,,,,,,,,,,,,
1396,60.00761368,43.41307935,6,12,,,,,,,,,,,,,
1396.5,60.50498957,43.71784399,6,12,,,,,,,,,,,,,
1397,60.03869967,43.97181452,6,12,,,,,,,,,,,,,
1397.5,58.91960391,43.56546167,6,12,,,,,,,,,,,,,
1398,60.06978567,43.79403515,6,12,,,,,,,,,,,,,
1398.5,60.00761368,44.47975559,6,12,,,,,,,,,,,,,
1399,60.06978567,43.79403515,6,12,,,,,,,,,,,,,
1399.5,59.9143557,43.76863809,6,12,,,,,,,,,,,,,
1400,59.4480658,43.33688818,6,12,,,,,,,,,,,,,
1400.5,59.4169798,43.54006461,6,12,,,,,,,,,,,,,
1401,60.03869967,43.56546167,6,12,,,,,,,,,,,,,
1401.5,60.00761368,43.8194322,6,12,,,,,,,,,,,,,
1402,59.79001172,43.89562336,6,12,,,,,,,,,,,,,
1402.5,60.81584951,44.40356443,6,12,,,,,,,,,,,,,
1403,60.69150553,44.86071139,6,12,,,,,,,,,,,,,
1403.5,59.72783974,43.79403515,6,12,,,,,,,,,,,,,
1404,59.79001172,43.20990292,6,12,,,,,,,,,,,,,
1404.5,59.04394788,43.8194322,6,12,,,,,,,,,,,,,
1405,60.16304365,43.76863809,6,12,,,,,,,,,,,,,
1405.5,59.57240977,43.79403515,6,12,,,,,,,,,,,,,
1406,60.16304365,44.04800568,6,12,,,,,,,,,,,,,
1406.5,59.69675374,43.00672649,6,12,,,,,,,,,,,,,
1407,59.79001172,43.76863809,6,12,,,,,,,,,,,,,
1407.5,60.00761368,43.8194322,6,12,,,,,,,,,,,,,
1408,59.85218371,43.1083147,6,12,,,,,,,,,,,,,
1408.5,60.13195765,43.97181452,6,12,,,,,,,,,,,,,
1409,60.8780215,43.69244693,6,12,,,,,,,,,,,,,
1409.5,59.79001172,43.97181452,6,12,,,,,,,,,,,,,
1410,60.44281759,44.83531434,6,12,,,,,,,,,,,,,
1410.5,59.9143557,43.69244693,6,12,,,,,,,,,,,,,
1411,61.18888143,45.11468193,6,12,,,,,,,,,,,,,
1411.5,60.97127948,44.25118211,6,12,,,,,,,,,,,,,
1412,60.13195765,43.89562336,6,12,,,,,,,,,,,,,
1412.5,60.13195765,43.97181452,6,12,,,,,,,,,,,,,
1413,60.75367752,44.17499095,6,12,,,,,,,,,,,,,
1413.5,59.10611987,43.51466756,6,12,,,,,,,,,,,,,
1414,58.88851791,43.4384764,6,12,,,,,,,,,,,,,
1414.5,60.50498957,42.87974122,6,12,,,,,,,,,,,,,
1415,60.00761368,43.8194322,6,12,,,,,,,,,,,,,
1415.5,60.06978567,44.04800568,6,12,,,,,,,,,,,,,
1416,59.10611987,43.89562336,6,12,,,,,,,,,,,,,
1416.5,60.25630163,44.68293202,6,12,,,,,,,,,,,,,
1417,60.69150553,44.12419684,6,12,,,,,,,,,,,,,
1417.5,60.00761368,44.1495939,6,12,,,,,,,,,,,,,
1418,60.81584951,44.1495939,6,12,,,,,,,,,,,,,
1418.5,60.16304365,44.02260863,6,12,,,,,,,,,,,,,
1419,59.75892573,44.68293202,6,12,,,,,,,,,,,,,
1419.5,60.31847361,44.5305497,6,12,,,,,,,,,,,,,
1420,60.47390358,44.68293202,6,12,,,,,,,,,,,,,
1420.5,60.06978567,44.07340274,6,12,,,,,,,,,,,,,
1421,60.13195765,44.07340274,6,12,,,,,,,,,,,,,
1421.5,60.25630163,43.41307935,6,12,,,,,,,,,,,,,
1422,60.16304365,43.8194322,6,12,,,,,,,,,,,,,
1422.5,60.16304365,43.18450586,6,12,,,,,,,,,,,,,
1423,60.13195765,44.07340274,6,12,,,,,,,,,,,,,
1423.5,60.19412964,43.54006461,6,12,,,,,,,,,,,,,
1424,60.16304365,43.23529997,6,12,,,,,,,,,,,,,
1424.5,60.16304365,43.97181452,6,12,,,,,,,,,,,,,
1425,59.47915179,43.92102042,6,12,,,,,,,,,,,,,
1425.5,60.47390358,44.40356443,6,12,,,,,,,,,,,,,
1426,61.00236547,44.78452023,6,12,,,,,,,,,,,,,
1426.5,60.19412964,44.07340274,6,12,,,,,,,,,,,,,
1427,60.19412964,44.1495939,6,12,,,,,,,,,,,,,
1427.5,60.16304365,44.17499095,6,12,,,,,,,,,,,,,
1428,61.3443114,44.58134381,6,12,,,,,,,,,,,,,
1428.5,59.4169798,43.76863809,6,12,,,,,,,,,,,,,
1429,60.19412964,44.1495939,6,12,,,,,,,,,,,,,
1429.5,60.06978567,44.1495939,6,12,,,,,,,,,,,,,
1430,60.44281759,44.07340274,6,12,,,,,,,,,,,,,
1430.5,59.10611987,43.41307935,6,12,,,,,,,,,,,,,
1431,60.06978567,44.32737327,6,12,,,,,,,,,,,,,
1431.5,60.19412964,43.76863809,6,12,,,,,,,,,,,,,
1432,60.16304365,44.22578506,6,12,,,,,,,,,,,,,
1432.5,60.19412964,44.30197622,6,12,,,,,,,,,,,,,
1433,60.69150553,44.88610845,6,12,,,,,,,,,,,,,
1433.5,58.79525993,43.54006461,6,12,,,,,,,,,,,,,
1434,60.13195765,44.1495939,6,12,,,,,,,,,,,,,
1434.5,59.9143557,44.17499095,6,12,,,,,,,,,,,,,
1435,60.75367752,43.89562336,6,12,,,,,,,,,,,,,
1435.5,60.75367752,44.25118211,6,12,,,,,,,,,,,,,
1436,59.32372182,44.5305497,6,12,,,,,,,,,,,,,
1436.5,60.16304365,43.54006461,6,12,,,,,,,,,,,,,
1437,60.8780215,44.86071139,6,12,,,,,,,,,,,,,
1437.5,60.50498957,44.04800568,6,12,,,,,,,,,,,,,
1438,60.00761368,43.79403515,6,12,,,,,,,,,,,,,
1438.5,59.23046384,43.66704988,6,12,,,,,,,,,,,,,
1439,59.63458176,44.17499095,6,12,,,,,,,,,,,,,
1439.5,60.19412964,44.1495939,6,12,,,,,,,,,,,,,
1440,60.13195765,44.32737327,6,12,,,,,,,,,,,,,
1440.5,60.25630163,45.2416672,6,12,,,,,,,,,,,,,
1441,60.03869967,44.40356443,6,12,,,,,,,,,,,,,
1441.5,60.16304365,44.22578506,6,12,,,,,,,,,,,,,
1442,60.3806456,44.68293202,6,12,,,,,,,,,,,,,
1442.5,60.75367752,44.22578506,6,12,,,,,,,,,,,,,
1443,60.06978567,43.69244693,6,12,,,,,,,,,,,,,
1443.5,59.10611987,43.56546167,6,12,,,,,,,,,,,,,
1444,60.8780215,45.36865246,6,12,,,,,,,,,,,,,
1444.5,60.06978567,43.76863809,6,12,,,,,,,,,,,,,
1445,60.19412964,44.32737327,6,12,,,,,,,,,,,,,
1445.5,60.19412964,44.22578506,6,12,,,,,,,,,,,,,
1446,60.31847361,44.40356443,6,12,,,,,,,,,,,,,
1446.5,60.25630163,44.1495939,6,12,,,,,,,,,,,,,
1447,60.25630163,43.76863809,6,12,,,,,,,,,,,,,
1447.5,60.13195765,44.25118211,6,12,,,,,,,,,,,,,
1448,60.03869967,44.12419684,6,12,,,,,,,,,,,,,
1448.5,60.13195765,44.40356443,6,12,,,,,,,,,,,,,
1449,60.19412964,44.30197622,6,12,,,,,,,,,,,,,
1449.5,60.16304365,44.22578506,6,12,,,,,,,,,,,,,
1450,60.28738762,44.25118211,6,12,,,,,,,,,,,,,
1450.5,60.06978567,44.22578506,6,12,,,,,,,,,,,,,
1451,60.16304365,44.47975559,6,12,,,,,,,,,,,,,
1451.5,60.19412964,44.32737327,6,12,,,,,,,,,,,,,
1452,59.63458176,45.2416672,6,12,,,,,,,,,,,,,
1452.5,60.19412964,43.66704988,6,12,,,,,,,,,,,,,
1453,60.16304365,45.2416672,6,12,,,,,,,,,,,,,
1453.5,60.25630163,45.34325541,6,12,,,,,,,,,,,,,
1454,60.16304365,44.04800568,6,12,,,,,,,,,,,,,
1454.5,60.69150553,44.30197622,6,12,,,,,,,,,,,,,
1455,60.28738762,44.5305497,6,12,,,,,,,,,,,,,
1455.5,60.00761368,44.47975559,6,12,,,,,,,,,,,,,
1456,60.25630163,44.1495939,6,12,,,,,,,,,,,,,
1456.5,60.44281759,44.50515265,6,12,,,,,,,,,,,,,
1457,60.19412964,44.22578506,6,12,,,,,,,,,,,,,
1457.5,60.19412964,44.40356443,6,12,,,,,,,,,,,,,
1458,60.00761368,44.37816738,6,12,,,,,,,,,,,,,
1458.5,60.13195765,44.42896149,6,12,,,,,,,,,,,,,
1459,60.16304365,44.47975559,6,12,,,,,,,,,,,,,
1459.5,60.13195765,44.47975559,6,12,,,,,,,,,,,,,
1460,60.28738762,44.17499095,6,12,,,,,,,,,,,,,
1460.5,59.4480658,44.98769666,6,12,,,,,,,,,,,,,
1461,60.16304365,44.22578506,6,12,,,,,,,,,,,,,
1461.5,60.31847361,45.31785836,6,12,,,,,,,,,,,,,
1462,61.00236547,44.50515265,6,12,,,,,,,,,,,,,
1462.5,61.15779544,44.25118211,6,12,,,,,,,,,,,,,
1463,60.06978567,44.32737327,6,12,,,,,,,,,,,,,
1463.5,60.06978567,44.25118211,6,12,,,,,,,,,,,,,
1464,60.06978567,43.8194322,6,12,,,,,,,,,,,,,
1464.5,60.19412964,44.40356443,6,12,,,,,,,,,,,,,
1465,60.19412964,44.58134381,6,12,,,,,,,,,,,,,
1465.5,59.01286189,43.8194322,6,12,,,,,,,,,,,,,
1466,60.19412964,44.73372613,6,12,,,,,,,,,,,,,
1466.5,60.16304365,44.47975559,6,12,,,,,,,,,,,,,
1467,60.16304365,45.19087309,6,12,,,,,,,,,,,,,
1467.5,60.50498957,44.60674086,6,12,,,,,,,,,,,,,
1468,60.00761368,44.5305497,6,12,,,,,,,,,,,,,
1468.5,60.19412964,44.65753497,6,12,,,,,,,,,,,,,
1469,61.03345146,45.21627014,6,12,,,,,,,,,,,,,
1469.5,60.16304365,44.60674086,6,12,,,,,,,,,,,,,
1470,60.16304365,44.07340274,6,12,,,,,,,,,,,,,
1470.5,59.79001172,44.75912318,6,12,,,,,,,,,,,,,
1471,60.13195765,44.68293202,6,12,,,,,,,,,,,,,
1471.5,61.00236547,45.31785836,6,12,,,,,,,,,,,,,
1472,60.13195765,44.40356443,6,12,,,,,,,,,,,,,
1472.5,60.19412964,44.5305497,6,12,,,,,,,,,,,,,
1473,60.00761368,44.50515265,6,12,,,,,,,,,,,,,
1473.5,59.32372182,44.17499095,6,12,,,,,,,,,,,,,
1474,60.16304365,44.60674086,6,12,,,,,,,,,,,,,
1474.5,59.75892573,44.1495939,6,12,,,,,,,,,,,,,
1475,60.19412964,44.83531434,6,12,,,,,,,,,,,,,
1475.5,60.06978567,44.75912318,6,12,,,,,,,,,,,,,
1476,60.90910749,45.67341711,6,12,,,,,,,,,,,,,
1476.5,59.9143557,44.37816738,6,12,,,,,,,,,,,,,
1477,61.00236547,45.2416672,6,12,,,,,,,,,,,,,
1477.5,59.60349576,43.41307935,6,12,,,,,,,,,,,,,
1478,60.06978567,44.93690256,6,12,,,,,,,,,,,,,
1478.5,60.19412964,44.60674086,6,12,,,,,,,,,,,,,
1479,60.16304365,44.75912318,6,12,,,,,,,,,,,,,
1479.5,60.47390358,44.88610845,6,12,,,,,,,,,,,,,
1480,61.28213941,44.5305497,6,12,,,,,,,,,,,,,
1480.5,60.90910749,45.31785836,6,12,,,,,,,,,,,,,
1481,60.19412964,44.58134381,6,12,,,,,,,,,,,,,
1481.5,60.00761368,44.07340274,6,12,,,,,,,,,,,,,
1482,59.9143557,44.60674086,6,12,,,,,,,,,,,,,
1482.5,59.9143557,44.68293202,6,12,,,,,,,,,,,,,
1483,60.06978567,44.73372613,6,12,,,,,,,,,,,,,
1483.5,60.19412964,44.32737327,6,12,,,,,,,,,,,,,
1484,59.9143557,44.75912318,6,12,,,,,,,,,,,,,
1484.5,60.19412964,44.60674086,6,12,,,,,,,,,,,,,
1485,59.72783974,44.75912318,6,12,,,,,,,,,,,,,
1485.5,59.63458176,44.40356443,6,12,,,,,,,,,,,,,
1486,61.03345146,45.31785836,6,12,,,,,,,,,,,,,
1486.5,60.03869967,44.68293202,6,12,,,,,,,,,,,,,
1487,59.47915179,44.65753497,6,12,,,,,,,,,,,,,
1487.5,58.85743192,44.12419684,6,12,,,,,,,,,,,,,
1488,59.72783974,44.68293202,6,12,,,,,,,,,,,,,
1488.5,59.72783974,44.25118211,6,12,,,,,,,,,,,,,
1489,59.63458176,44.68293202,6,12,,,,,,,,,,,,,
1489.5,59.8832697,44.78452023,6,12,,,,,,,,,,,,,
1490,60.97127948,45.31785836,6,12,,,,,,,,,,,,,
1490.5,59.79001172,44.78452023,6,12,,,,,,,,,,,,,
1491,59.8832697,44.83531434,6,12,,,,,,,,,,,,,
1491.5,60.00761368,44.68293202,6,12,,,,,,,,,,,,,
1492,59.9143557,44.50515265,6,12,,,,,,,,,,,,,
1492.5,59.9143557,44.78452023,6,12,,,,,,,,,,,,,
1493,59.63458176,44.83531434,6,12,,,,,,,,,,,,,
1493.5,59.72783974,44.68293202,6,12,,,,,,,,,,,,,
1494,61.18888143,45.39404952,6,12,,,,,,,,,,,,,
1494.5,60.16304365,44.83531434,6,12,,,,,,,,,,,,,
1495,60.16304365,45.72421121,6,12,,,,,,,,,,,,,
1495.5,60.16304365,44.78452023,6,12,,,,,,,,,,,,,
1496,58.88851791,44.40356443,6,12,,,,,,,,,,,,,
1496.5,59.60349576,43.79403515,6,12,,,,,,,,,,,,,
1497,60.44281759,44.78452023,6,12,,,,,,,,,,,,,
1497.5,60.00761368,44.93690256,6,12,,,,,,,,,,,,,
1498,60.90910749,45.39404952,6,12,,,,,,,,,,,,,
1498.5,60.19412964,45.39404952,6,12,,,,,,,,,,,,,
1499,59.04394788,44.12419684,6,12,,,,,,,,,,,,,
1499.5,59.72783974,44.5305497,6,12,,,,,,,,,,,,,
1500,60.75367752,44.78452023,6,12,,,,,,,,,,,,,
1500.5,59.75892573,45.03849077,6,12,,,,,,,,,,,,,
1501,60.16304365,44.83531434,6,12,,,,,,,,,,,,,
1501.5,60.16304365,44.78452023,6,12,,,,,,,,,,,,,
1502,59.85218371,44.5305497,6,12,,,,,,,,,,,,,
1502.5,59.79001172,44.73372613,6,12,,,,,,,,,,,,,
1503,59.9143557,44.73372613,6,12,,,,,,,,,,,,,
1503.5,59.01286189,44.1495939,6,12,,,,,,,,,,,,,
1504,59.10611987,44.88610845,6,12,,,,,,,,,,,,,
1504.5,59.4169798,43.54006461,6,12,,,,,,,,,,,,,
1505,59.01286189,45.85119648,6,12,,,,,,,,,,,,,
1505.5,59.4480658,45.2416672,6,12,,,,,,,,,,,,,
1506,59.75892573,44.93690256,6,12,,,,,,,,,,,,,
1506.5,60.13195765,44.83531434,6,12,,,,,,,,,,,,,
1507,59.10611987,43.76863809,6,12,,,,,,,,,,,,,
1507.5,60.81584951,45.11468193,6,12,,,,,,,,,,,,,
1508,59.72783974,44.88610845,6,12,,,,,,,,,,,,,
1508.5,59.29263583,44.88610845,6,12,,,,,,,,,,,,,
1509,59.72783974,44.75912318,6,12,,,,,,,,,,,,,
1509.5,59.75892573,44.25118211,6,12,,,,,,,,,,,,,
1510,59.79001172,44.75912318,6,12,,,,,,,,,,,,,
1510.5,60.19412964,45.85119648,6,12,,,,,,,,,,,,,
1511,59.10611987,44.83531434,6,12,,,,,,,,,,,,,
1511.5,59.72783974,44.83531434,6,12,,,,,,,,,,,,,
1512,58.85743192,44.25118211,6,12,,,,,,,,,,,,,
1512.5,59.4480658,43.97181452,6,12,,,,,,,,,,,,,
1513,59.35480782,43.97181452,6,12,,,,,,,,,,,,,
1513.5,59.8832697,44.98769666,6,12,,,,,,,,,,,,,
1514,59.60349576,44.75912318,6,12,,,,,,,,,,,,,
1514.5,59.79001172,44.78452023,6,12,,,,,,,,,,,,,
1515,60.13195765,44.93690256,6,12,,,,,,,,,,,,,
1515.5,59.63458176,44.93690256,6,12,,,,,,,,,,,,,
1516,59.63458176,45.08928488,6,12,,,,,,,,,,,,,
1516.5,59.75892573,44.88610845,6,12,,,,,,,,,,,,,
1517,59.57240977,44.83531434,6,12,,,,,,,,,,,,,
1517.5,60.50498957,44.88610845,6,12,,,,,,,,,,,,,
1518,59.57240977,44.12419684,6,12,,,,,,,,,,,,,
1518.5,60.19412964,44.83531434,6,12,,,,,,,,,,,,,
1519,60.25630163,44.68293202,6,12,,,,,,,,,,,,,
1519.5,59.57240977,44.58134381,6,12,,,,,,,,,,,,,
1520,59.63458176,44.98769666,6,12,,,,,,,,,,,,,
1520.5,59.29263583,44.12419684,6,12,,,,,,,,,,,,,
1521,60.44281759,44.98769666,6,12,,,,,,,,,,,,,
1521.5,59.4169798,44.75912318,6,12,,,,,,,,,,,,,
1522,58.85743192,44.68293202,6,12,,,,,,,,,,,,,
1522.5,59.63458176,44.73372613,6,12,,,,,,,,,,,,,
1523,58.98177589,45.39404952,6,12,,,,,,,,,,,,,
1523.5,59.57240977,44.78452023,6,12,,,,,,,,,,,,,
1524,58.91960391,44.83531434,6,12,,,,,,,,,,,,,
1524.5,59.79001172,44.68293202,6,12,,,,,,,,,,,,,
1525,59.75892573,44.86071139,6,12,,,,,,,,,,,,,
1525.5,59.01286189,45.31785836,6,12,,,,,,,,,,,,,
1526,59.47915179,44.78452023,6,12,,,,,,,,,,,,,
1526.5,58.76417394,44.1495939,6,12,,,,,,,,,,,,,
1527,58.57765798,44.17499095,6,12,,,,,,,,,,,,,
1527.5,58.51548599,44.42896149,6,12,,,,,,,,,,,,,
1528,59.60349576,45.39404952,6,12,,,,,,,,,,,,,
1528.5,59.72783974,44.60674086,6,12,,,,,,,,,,,,,
1529,59.72783974,43.59085872,6,12,,,,,,,,,,,,,
1529.5,60.50498957,45.47024068,6,12,,,,,,,,,,,,,
1530,59.23046384,44.75912318,6,12,,,,,,,,,,,,,
1530.5,58.76417394,44.65753497,6,12,,,,,,,,,,,,,
1531,60.03869967,44.83531434,6,12,,,,,,,,,,,,,
1531.5,59.47915179,44.68293202,6,12,,,,,,,,,,,,,
1532,59.4169798,44.58134381,6,12,,,,,,,,,,,,,
1532.5,60.31847361,45.03849077,6,12,,,,,,,,,,,,,
1533,59.4480658,44.75912318,6,12,,,,,,,,,,,,,
1533.5,60.19412964,45.34325541,6,12,,,,,,,,,,,,,
1534,59.35480782,45.2416672,6,12,,,,,,,,,,,,,
1534.5,59.57240977,44.78452023,6,12,,,,,,,,,,,,,
1535,59.47915179,45.21627014,6,12,,,,,,,,,,,,,
1535.5,60.19412964,45.39404952,6,12,,,,,,,,,,,,,
1536,59.57240977,45.14007898,6,12,,,,,,,,,,,,,
1536.5,59.60349576,45.03849077,6,12,,,,,,,,,,,,,
1537,59.35480782,44.83531434,6,12,,,,,,,,,,,,,
1537.5,59.57240977,46.02897586,6,12,,,,,,,,,,,,,
1538,59.69675374,45.11468193,6,12,,,,,,,,,,,,,
1538.5,59.4480658,44.88610845,6,12,,,,,,,,,,,,,
1539,60.16304365,44.93690256,6,12,,,,,,,,,,,,,
1539.5,59.4480658,44.88610845,6,12,,,,,,,,,,,,,
1540,60.31847361,46.3337405,6,12,,,,,,,,,,,,,
1540.5,59.19937785,44.32737327,6,12,,,,,,,,,,,,,
1541,60.69150553,45.21627014,6,12,,,,,,,,,,,,,
1541.5,59.63458176,44.78452023,6,12,,,,,,,,,,,,,
1542,59.35480782,44.98769666,6,12,,,,,,,,,,,,,
1542.5,58.39114202,45.85119648,6,12,,,,,,,,,,,,,
1543,59.29263583,45.44484363,6,12,,,,,,,,,,,,,
1543.5,59.57240977,44.98769666,6,12,,,,,,,,,,,,,
1544,59.57240977,45.11468193,6,12,,,,,,,,,,,,,
1544.5,60.28738762,45.2416672,6,12,,,,,,,,,,,,,
1545,59.4480658,45.19087309,6,12,,,,,,,,,,,,,
1545.5,59.4169798,44.93690256,6,12,,,,,,,,,,,,,
1546,60.72259153,45.44484363,6,12,,,,,,,,,,,,,
1546.5,59.23046384,44.75912318,6,12,,,,,,,,,,,,,
1547,59.9143557,45.34325541,6,12,,,,,,,,,,,,,
1547.5,58.20462606,44.22578506,6,12,,,,,,,,,,,,,
1548,58.57765798,44.1495939,6,12,,,,,,,,,,,,,
1548.5,59.29263583,45.19087309,6,12,,,,,,,,,,,,,
1549,58.23571205,44.32737327,6,12,,,,,,,,,,,,,
1549.5,59.29263583,44.93690256,6,12,,,,,,,,,,,,,
1550,59.4480658,44.88610845,6,12,,,,,,,,,,,,,
1550.5,59.19937785,44.86071139,6,12,,,,,,,,,,,,,
1551,58.79525993,44.50515265,6,12,,,,,,,,,,,,,
1551.5,58.51548599,45.54643184,6,12,,,,,,,,,,,,,
1552,58.73308795,44.50515265,6,12,,,,,,,,,,,,,
1552.5,59.23046384,44.93690256,6,12,,,,,,,,,,,,,
1553,58.76417394,44.07340274,6,12,,,,,,,,,,,,,
1553.5,59.10611987,45.19087309,6,12,,,,,,,,,,,,,
1554,59.23046384,45.03849077,6,12,,,,,,,,,,,,,
1554.5,59.72783974,45.19087309,6,12,,,,,,,,,,,,,
1555,59.04394788,45.11468193,6,12,,,,,,,,,,,,,
1555.5,59.35480782,44.98769666,6,12,,,,,,,,,,,,,
1556,59.04394788,44.98769666,6,12,,,,,,,,,,,,,
1556.5,59.19937785,44.37816738,6,12,,,,,,,,,,,,,
1557,59.4169798,45.19087309,6,12,,,,,,,,,,,,,
1557.5,59.19937785,45.82579943,6,12,,,,,,,,,,,,,
1558,59.19937785,45.08928488,6,12,,,,,,,,,,,,,
1558.5,59.10611987,44.83531434,6,12,,,,,,,,,,,,,
1559,59.19937785,44.75912318,6,12,,,,,,,,,,,,,
1559.5,59.69675374,44.5305497,6,12,,,,,,,,,,,,,
1560,58.79525993,45.59722595,6,12,,,,,,,,,,,,,
1560.5,59.04394788,44.93690256,6,12,,,,,,,,,,,,,
1561,58.98177589,44.86071139,6,12,,,,,,,,,,,,,
1561.5,59.10611987,44.42896149,6,12,,,,,,,,,,,,,
1562,58.23571205,44.17499095,6,12,,,,,,,,,,,,,
1562.5,60.00761368,45.69881416,6,12,,,,,,,,,,,,,
1563,59.10611987,45.08928488,6,12,,,,,,,,,,,,,
1563.5,59.23046384,45.08928488,6,12,,,,,,,,,,,,,
1564,59.10611987,45.14007898,6,12,,,,,,,,,,,,,
1564.5,59.10611987,45.2416672,6,12,,,,,,,,,,,,,
1565,59.32372182,44.68293202,6,12,,,,,,,,,,,,,
1565.5,59.04394788,45.11468193,6,12,,,,,,,,,,,,,
1566,59.47915179,44.93690256,6,12,,,,,,,,,,,,,
1566.5,58.14245407,44.75912318,6,12,,,,,,,,,,,,,
1567,59.10611987,45.11468193,6,12,,,,,,,,,,,,,
1567.5,59.10611987,44.88610845,6,12,,,,,,,,,,,,,
1568,59.19937785,45.11468193,6,12,,,,,,,,,,,,,
1568.5,59.01286189,45.21627014,6,12,,,,,,,,,,,,,
1569,58.98177589,45.31785836,6,12,,,,,,,,,,,,,
1569.5,58.85743192,44.73372613,6,12,,,,,,,,,,,,,
1570,58.91960391,45.31785836,6,12,,,,,,,,,,,,,
1570.5,58.85743192,44.88610845,6,12,,,,,,,,,,,,,
1571,59.10611987,45.21627014,6,12,,,,,,,,,,,,,
1571.5,59.29263583,45.19087309,6,12,,,,,,,,,,,,,
1572,59.04394788,44.78452023,6,12,,,,,,,,,,,,,
1572.5,59.10611987,44.88610845,6,12,,,,,,,,,,,,,
1573,59.01286189,45.03849077,6,12,,,,,,,,,,,,,
1573.5,58.04919609,45.85119648,6,12,,,,,,,,,,,,,
1574,58.04919609,44.1495939,6,12,,,,,,,,,,,,,
1574.5,57.95593811,44.04800568,6,12,,,,,,,,,,,,,
1575,59.4480658,45.82579943,6,12,,,,,,,,,,,,,
1575.5,58.79525993,44.93690256,6,12,,,,,,,,,,,,,
1576,59.04394788,44.75912318,6,12,,,,,,,,,,,,,
1576.5,57.89376612,44.12419684,6,12,,,,,,,,,,,,,
1577,58.79525993,44.17499095,6,12,,,,,,,,,,,,,
1577.5,58.91960391,45.69881416,6,12,,,,,,,,,,,,,
1578,58.79525993,44.98769666,6,12,,,,,,,,,,,,,
1578.5,60.06978567,45.92738764,6,12,,,,,,,,,,,,,
1579,57.83159413,44.58134381,6,12,,,,,,,,,,,,,
1579.5,58.14245407,44.25118211,6,12,,,,,,,,,,,,,
1580,59.57240977,45.14007898,6,12,,,,,,,,,,,,,
1580.5,58.85743192,45.54643184,6,12,,,,,,,,,,,,,
1581,58.91960391,44.68293202,6,12,,,,,,,,,,,,,
1581.5,58.04919609,44.50515265,6,12,,,,,,,,,,,,,
1582,58.76417394,45.19087309,6,12,,,,,,,,,,,,,
1582.5,58.85743192,44.83531434,6,12,,,,,,,,,,,,,
1583,58.57765798,45.2416672,6,12,,,,,,,,,,,,,
1583.5,58.67091596,44.40356443,6,12,,,,,,,,,,,,,
1584,58.79525993,44.93690256,6,12,,,,,,,,,,,,,
1584.5,58.91960391,45.03849077,6,12,,,,,,,,,,,,,
1585,57.64507817,43.97181452,6,12,,,,,,,,,,,,,
1585.5,58.79525993,44.58134381,6,12,,,,,,,,,,,,,
1586,58.23571205,44.68293202,6,12,,,,,,,,,,,,,
1586.5,59.79001172,45.67341711,6,12,,,,,,,,,,,,,
1587,58.67091596,44.98769666,6,12,,,,,,,,,,,,,
1587.5,59.72783974,45.31785836,6,12,,,,,,,,,,,,,
1588,58.79525993,44.88610845,6,12,,,,,,,,,,,,,
1588.5,59.75892573,45.31785836,6,12,,,,,,,,,,,,,
1589,58.57765798,45.03849077,6,12,,,,,,,,,,,,,
1589.5,58.79525993,45.03849077,6,12,,,,,,,,,,,,,
1590,58.85743192,44.98769666,6,12,,,,,,,,,,,,,
1590.5,59.19937785,44.07340274,6,12,,,,,,,,,,,,,
1591,58.79525993,45.03849077,6,12,,,,,,,,,,,,,
1591.5,58.76417394,44.93690256,6,12,,,,,,,,,,,,,
1592,58.76417394,45.03849077,6,12,,,,,,,,,,,,,
1592.5,58.79525993,44.83531434,6,12,,,,,,,,,,,,,
1593,58.51548599,44.1495939,6,12,,,,,,,,,,,,,
1593.5,58.79525993,44.93690256,6,12,,,,,,,,,,,,,
1594,58.73308795,44.75912318,6,12,,,,,,,,,,,,,
1594.5,58.76417394,44.83531434,6,12,,,,,,,,,,,,,
1595,58.73308795,44.68293202,6,12,,,,,,,,,,,,,
1595.5,59.63458176,45.69881416,6,12,,,,,,,,,,,,,
1596,58.76417394,44.60674086,6,12,,,,,,,,,,,,,
1596.5,58.73308795,45.08928488,6,12,,,,,,,,,,,,,
1597,58.67091596,44.93690256,6,12,,,,,,,,,,,,,
1597.5,59.35480782,45.19087309,6,12,,,,,,,,,,,,,
1598,59.79001172,45.34325541,6,12,,,,,,,,,,,,,
1598.5,58.79525993,44.83531434,6,12,,,,,,,,,,,,,
1599,58.79525993,44.93690256,6,12,,,,,,,,,,,,,
1599.5,57.89376612,44.88610845,6,12,,,,,,,,,,,,,
1600,58.85743192,45.11468193,6,12,,,,,,,,,,,,,
1600.5,59.19937785,44.88610845,6,12,,,,,,,,,,,,,
1601,59.04394788,45.08928488,6,12,,,,,,,,,,,,,
1601.5,57.61399218,45.9527847,6,12,,,,,,,,,,,,,
1602,59.4480658,45.19087309,6,12,,,,,,,,,,,,,
1602.5,59.63458176,45.59722595,6,12,,,,,,,,,,,,,
1603,58.73308795,44.17499095,6,12,,,,,,,,,,,,,
1603.5,57.33421824,43.89562336,6,12,,,,,,,,,,,,,
1604,59.35480782,44.17499095,6,12,,,,,,,,,,,,,
1604.5,59.04394788,44.37816738,6,12,,,,,,,,,,,,,
1605,58.76417394,45.2416672,6,12,,,,,,,,,,,,,
1605.5,58.32897003,45.11468193,6,12,,,,,,,,,,,,,
1606,58.79525993,44.68293202,6,12,,,,,,,,,,,,,
1606.5,58.23571205,45.11468193,6,12,,,,,,,,,,,,,
1607,58.39114202,44.98769666,6,12,,,,,,,,,,,,,
1607.5,58.57765798,44.68293202,6,12,,,,,,,,,,,,,
1608,58.32897003,44.86071139,6,12,,,,,,,,,,,,,
1608.5,58.36005602,44.83531434,6,12,,,,,,,,,,,,,
1609,58.91960391,44.86071139,6,12,,,,,,,,,,,,,
1609.5,58.79525993,45.92738764,6,12,,,,,,,,,,,,,
1610,58.39114202,45.11468193,6,12,,,,,,,,,,,,,
1610.5,58.36005602,44.83531434,6,12,,,,,,,,,,,,,
1611,58.453314,44.93690256,6,12,,,,,,,,,,,,,
1611.5,58.76417394,44.17499095,6,12,,,,,,,,,,,,,
1612,58.76417394,44.88610845,6,12,,,,,,,,,,,,,
1612.5,58.32897003,45.03849077,6,12,,,,,,,,,,,,,
1613,58.20462606,44.83531434,6,12,,,,,,,,,,,,,
1613.5,59.19937785,45.08928488,6,12,,,,,,,,,,,,,
1614,58.51548599,45.2416672,6,12,,,,,,,,,,,,,
1614.5,58.20462606,45.11468193,6,12,,,,,,,,,,,,,
1615,58.57765798,45.08928488,6,12,,,,,,,,,,,,,
1615.5,58.39114202,46.07976996,6,12,,,,,,,,,,,,,
1616,58.20462606,44.5305497,6,12,,,,,,,,,,,,,
1616.5,58.88851791,44.25118211,6,12,,,,,,,,,,,,,
1617,58.39114202,44.88610845,6,12,,,,,,,,,,,,,
1617.5,59.29263583,45.2416672,6,12,,,,,,,,,,,,,
1618,57.95593811,44.88610845,6,12,,,,,,,,,,,,,
1618.5,58.23571205,44.98769666,6,12,,,,,,,,,,,,,
1619,57.48964821,44.25118211,6,12,,,,,,,,,,,,,
1619.5,58.14245407,44.17499095,6,12,,,,,,,,,,,,,
1620,57.17878827,44.07340274,6,12,,,,,,,,,,,,,
1620.5,58.4844,44.1495939,6,12,,,,,,,,,,,,,
1621,57.64507817,44.1495939,6,12,,,,,,,,,,,,,
1621.5,58.20462606,44.98769666,6,12,,,,,,,,,,,,,
1622,58.39114202,44.93690256,6,12,,,,,,,,,,,,,
1622.5,58.73308795,45.49563773,6,12,,,,,,,,,,,,,
1623,58.76417394,44.40356443,6,12,,,,,,,,,,,,,
1623.5,58.14245407,45.08928488,6,12,,,,,,,,,,,,,
1624,58.04919609,44.68293202,6,12,,,,,,,,,,,,,
1624.5,57.95593811,44.83531434,6,12,,,,,,,,,,,,,
1625,58.76417394,44.65753497,6,12,,,,,,,,,,,,,
1625.5,57.48964821,43.97181452,6,12,,,,,,,,,,,,,
1626,58.04919609,44.86071139,6,12,,,,,,,,,,,,,
1626.5,58.08028208,45.19087309,6,12,,,,,,,,,,,,,
1627,57.95593811,45.03849077,6,12,,,,,,,,,,,,,
1627.5,57.95593811,44.98769666,6,12,,,,,,,,,,,,,
1628,58.04919609,45.2416672,6,12,,,,,,,,,,,,,
1628.5,58.04919609,44.73372613,6,12,,,,,,,,,,,,,
1629,57.89376612,45.19087309,6,12,,,,,,,,,,,,,
1629.5,57.76942215,45.08928488,6,12,,,,,,,,,,,,,
1630,57.39639023,45.34325541,6,12,,,,,,,,,,,,,
1630.5,58.0181101,44.88610845,6,12,,,,,,,,,,,,,
1631,58.04919609,44.98769666,6,12,,,,,,,,,,,,,
1631.5,57.5207342,44.60674086,6,12,,,,,,,,,,,,,
1632,58.23571205,44.78452023,6,12,,,,,,,,,,,,,
1632.5,58.14245407,45.2416672,6,12,,,,,,,,,,,,,
1633,57.80050814,45.82579943,6,12,,,,,,,,,,,,,
1633.5,58.39114202,45.03849077,6,12,,,,,,,,,,,,,
1634,58.0181101,44.07340274,6,12,,,,,,,,,,,,,
1634.5,57.39639023,44.12419684,6,12,,,,,,,,,,,,,
1635,58.04919609,44.98769666,6,12,,,,,,,,,,,,,
1635.5,57.89376612,45.11468193,6,12,,,,,,,,,,,,,
1636,58.04919609,44.83531434,6,12,,,,,,,,,,,,,
1636.5,58.04919609,44.93690256,6,12,,,,,,,,,,,,,
1637,58.76417394,45.90199059,6,12,,,,,,,,,,,,,
1637.5,57.83159413,44.86071139,6,12,,,,,,,,,,,,,
1638,57.67616417,45.01309372,6,12,,,,,,,,,,,,,
1638.5,57.92485211,44.40356443,6,12,,,,,,,,,,,,,
1639,57.95593811,45.03849077,6,12,,,,,,,,,,,,,
1639.5,57.80050814,44.93690256,6,12,,,,,,,,,,,,,
1640,57.58290619,44.98769666,6,12,,,,,,,,,,,,,
1640.5,57.67616417,44.88610845,6,12,,,,,,,,,,,,,
1641,57.61399218,44.32737327,6,12,,,,,,,,,,,,,
1641.5,57.39639023,45.11468193,6,12,,,,,,,,,,,,,
1642,57.5207342,44.22578506,6,12,,,,,,,,,,,,,
1642.5,58.79525993,45.54643184,6,12,,,,,,,,,,,,,
1643,57.80050814,45.11468193,6,12,,,,,,,,,,,,,
1643.5,57.89376612,44.83531434,6,12,,,,,,,,,,,,,
1644,57.64507817,44.88610845,6,12,,,,,,,,,,,,,
1644.5,57.95593811,45.08928488,6,12,,,,,,,,,,,,,
1645,57.80050814,44.98769666,6,12,,,,,,,,,,,,,
1645.5,57.67616417,44.98769666,6,12,,,,,,,,,,,,,
1646,58.39114202,44.98769666,6,12,,,,,,,,,,,,,
1646.5,57.95593811,44.83531434,6,12,,,,,,,,,,,,,
1647,58.23571205,45.47024068,6,12,,,,,,,,,,,,,
1647.5,58.04919609,44.78452023,6,12,,,,,,,,,,,,,
1648,57.83159413,44.68293202,6,12,,,,,,,,,,,,,
1648.5,57.80050814,45.21627014,6,12,,,,,,,,,,,,,
1649,57.67616417,44.75912318,6,12,,,,,,,,,,,,,
1649.5,57.83159413,45.03849077,6,12,,,,,,,,,,,,,
1650,57.39639023,44.75912318,6,12,,,,,,,,,,,,,
1650.5,58.57765798,45.21627014,6,12,,,,,,,,,,,,,
1651,58.79525993,45.34325541,6,12,,,,,,,,,,,,,
1651.5,57.48964821,45.19087309,6,12,,,,,,,,,,,,,
1652,58.0181101,44.5305497,6,12,,,,,,,,,,,,,
1652.5,58.08028208,44.88610845,6,12,,,,,,,,,,,,,
1653,57.45856221,44.78452023,6,12,,,,,,,,,,,,,
1653.5,57.64507817,44.78452023,6,12,,,,,,,,,,,,,
1654,57.58290619,44.65753497,6,12,,,,,,,,,,,,,
1654.5,58.14245407,45.08928488,6,12,,,,,,,,,,,,,
1655,57.39639023,44.40356443,6,12,,,,,,,,,,,,,
1655.5,57.45856221,44.68293202,6,12,,,,,,,,,,,,,
1656,57.39639023,44.50515265,6,12,,,,,,,,,,,,,
1656.5,57.83159413,45.39404952,6,12,,,,,,,,,,,,,
1657,57.48964821,45.11468193,6,12,,,,,,,,,,,,,
1657.5,58.57765798,44.37816738,6,12,,,,,,,,,,,,,
1658,56.80575635,44.65753497,6,12,,,,,,,,,,,,,
1658.5,57.5207342,44.78452023,6,12,,,,,,,,,,,,,
1659,57.45856221,44.75912318,6,12,,,,,,,,,,,,,
1659.5,57.39639023,44.68293202,6,12,,,,,,,,,,,,,
1660,57.45856221,44.60674086,6,12,,,,,,,,,,,,,
1660.5,58.79525993,45.54643184,6,12,,,,,,,,,,,,,
1661,57.89376612,45.92738764,6,12,,,,,,,,,,,,,
1661.5,56.74358436,43.97181452,6,12,,,,,,,,,,,,,
1662,57.39639023,44.93690256,6,12,,,,,,,,,,,,,
1662.5,57.39639023,45.34325541,6,12,,,,,,,,,,,,,
1663,56.74358436,43.8194322,6,12,,,,,,,,,,,,,
1663.5,57.39639023,44.58134381,6,12,,,,,,,,,,,,,
1664,57.5207342,44.86071139,6,12,,,,,,,,,,,,,
1664.5,57.24096026,44.83531434,6,12,,,,,,,,,,,,,
1665,57.45856221,44.40356443,6,12,,,,,,,,,,,,,
1665.5,58.32897003,45.2416672,6,12,,,,,,,,,,,,,
1666,57.36530423,45.11468193,6,12,,,,,,,,,,,,,
1666.5,56.93010032,45.39404952,6,12,,,,,,,,,,,,,
1667,56.74358436,44.68293202,6,12,,,,,,,,,,,,,
1667.5,57.36530423,44.68293202,6,12,,,,,,,,,,,,,
1668,56.5570684,45.31785836,6,12,,,,,,,,,,,,,
1668.5,57.5207342,45.34325541,6,12,,,,,,,,,,,,,
1669,57.24096026,45.49563773,6,12,,,,,,,,,,,,,
1669.5,57.39639023,44.83531434,6,12,,,,,,,,,,,,,
1670,58.36005602,45.90199059,6,12,,,,,,,,,,,,,
1670.5,57.80050814,45.72421121,6,12,,,,,,,,,,,,,
1671,58.20462606,45.44484363,6,12,,,,,,,,,,,,,
1671.5,57.39639023,44.93690256,6,12,,,,,,,,,,,,,
1672,56.96118632,45.03849077,6,12,,,,,,,,,,,,,
1672.5,57.39639023,44.83531434,6,12,,,,,,,,,,,,,
1673,57.24096026,44.78452023,6,12,,,,,,,,,,,,,
1673.5,57.17878827,44.98769666,6,12,,,,,,,,,,,,,
1674,57.33421824,44.83531434,6,12,,,,,,,,,,,,,
1674.5,57.39639023,45.11468193,6,12,,,,,,,,,,,,,
1675,56.65032638,43.97181452,6,12,,,,,,,,,,,,,
1675.5,57.36530423,44.47975559,6,12,,,,,,,,,,,,,
1676,57.11661628,45.19087309,6,12,,,,,,,,,,,,,
1676.5,57.39639023,45.44484363,6,12,,,,,,,,,,,,,
1677,57.89376612,45.67341711,6,12,,,,,,,,,,,,,
1677.5,57.36530423,44.98769666,6,12,,,,,,,,,,,,,
1678,57.17878827,44.65753497,6,12,,,,,,,,,,,,,
1678.5,57.17878827,44.65753497,6,12,,,,,,,,,,,,,
1679,57.36530423,44.1495939,6,12,,,,,,,,,,,,,
1679.5,57.33421824,44.60674086,6,12,,,,,,,,,,,,,
1680,57.36530423,44.73372613,6,12,,,,,,,,,,,,,
1680.5,57.33421824,44.68293202,6,12,,,,,,,,,,,,,
1681,56.49489641,43.76863809,6,12,,,,,,,,,,,,,
1681.5,57.17878827,44.68293202,6,12,,,,,,,,,,,,,
1682,57.39639023,44.58134381,6,12,,,,,,,,,,,,,
1682.5,56.93010032,44.73372613,6,12,,,,,,,,,,,,,
1683,56.12186449,44.68293202,6,12,,,,,,,,,,,,,
1683.5,55.93534853,44.1495939,6,12,,,,,,,,,,,,,
1684,57.24096026,44.02260863,6,12,,,,,,,,,,,,,
1684.5,56.5570684,44.32737327,6,12,,,,,,,,,,,,,
1685,57.08553029,44.88610845,6,12,,,,,,,,,,,,,
1685.5,56.61924039,44.73372613,6,12,,,,,,,,,,,,,
1686,56.93010032,44.50515265,6,12,,,,,,,,,,,,,
1686.5,56.37055244,43.15910881,6,12,,,,,,,,,,,,,
1687,57.17878827,44.32737327,6,12,,,,,,,,,,,,,
1687.5,57.11661628,44.60674086,6,12,,,,,,,,,,,,,
1688,57.11661628,44.25118211,6,12,,,,,,,,,,,,,
1688.5,56.77467036,45.49563773,6,12,,,,,,,,,,,,,
1689,57.89376612,44.83531434,6,12,,,,,,,,,,,,,
1689.5,57.11661628,44.68293202,6,12,,,,,,,,,,,,,
1690,56.0907785,45.74960827,6,12,,,,,,,,,,,,,
1690.5,57.39639023,44.83531434,6,12,,,,,,,,,,,,,
1691,56.99227231,44.75912318,6,12,,,,,,,,,,,,,
1691.5,56.93010032,44.73372613,6,12,,,,,,,,,,,,,
1692,56.80575635,44.25118211,6,12,,,,,,,,,,,,,
1692.5,56.68141238,44.73372613,6,12,,,,,,,,,,,,,
1693,57.33421824,44.40356443,6,12,,,,,,,,,,,,,
1693.5,56.05969251,44.1495939,6,12,,,,,,,,,,,,,
1694,57.83159413,45.31785836,6,12,,,,,,,,,,,,,
1694.5,56.65032638,44.68293202,6,12,,,,,,,,,,,,,
1695,57.5207342,45.49563773,6,12,,,,,,,,,,,,,
1695.5,57.95593811,44.75912318,6,12,,,,,,,,,,,,,
1696,56.68141238,44.58134381,6,12,,,,,,,,,,,,,
1696.5,56.5570684,44.60674086,6,12,,,,,,,,,,,,,
1697,56.99227231,44.22578506,6,12,,,,,,,,,,,,,
1697.5,56.80575635,44.68293202,6,12,,,,,,,,,,,,,
1698,56.80575635,44.50515265,6,12,,,,,,,,,,,,,
1698.5,56.77467036,44.50515265,6,12,,,,,,,,,,,,,
1699,56.74358436,44.65753497,6,12,,,,,,,,,,,,,
1699.5,57.5207342,45.39404952,6,12,,,,,,,,,,,,,
1700,56.96118632,45.21627014,6,12,,,,,,,,,,,,,
1700.5,56.68141238,44.68293202,6,12,,,,,,,,,,,,,
1701,55.93534853,44.1495939,6,12,,,,,,,,,,,,,
1701.5,56.68141238,44.32737327,6,12,,,,,,,,,,,,,
1702,56.68141238,44.1495939,6,12,,,,,,,,,,,,,
1702.5,56.65032638,43.8194322,6,12,,,,,,,,,,,,,
1703,56.74358436,44.40356443,6,12,,,,,,,,,,,,,
1703.5,56.68141238,44.30197622,6,12,,,,,,,,,,,,,
1704,56.89901433,44.60674086,6,12,,,,,,,,,,,,,
1704.5,55.96643453,44.50515265,6,12,,,,,,,,,,,,,
1705,56.77467036,44.1495939,6,12,,,,,,,,,,,,,
1705.5,56.40163843,44.60674086,6,12,,,,,,,,,,,,,
1706,57.64507817,45.47024068,6,12,,,,,,,,,,,,,
1706.5,56.5570684,44.5305497,6,12,,,,,,,,,,,,,
1707,56.68141238,44.60674086,6,12,,,,,,,,,,,,,
1707.5,55.81100456,44.40356443,6,12,,,,,,,,,,,,,
1708,56.68141238,44.50515265,6,12,,,,,,,,,,,,,
1708.5,56.65032638,44.40356443,6,12,,,,,,,,,,,,,
1709,55.81100456,44.07340274,6,12,,,,,,,,,,,,,
1709.5,56.5570684,44.73372613,6,12,,,,,,,,,,,,,
1710,56.61924039,44.65753497,6,12,,,,,,,,,,,,,
1710.5,56.74358436,44.5305497,6,12,,,,,,,,,,,,,
1711,56.27729446,44.73372613,6,12,,,,,,,,,,,,,
1711.5,56.68141238,44.68293202,6,12,,,,,,,,,,,,,
1712,56.33946645,44.73372613,6,12,,,,,,,,,,,,,
1712.5,56.18403648,44.58134381,6,12,,,,,,,,,,,,,
1713,56.27729446,44.02260863,6,12,,,,,,,,,,,,,
1713.5,56.37055244,44.1495939,6,12,,,,,,,,,,,,,
1714,55.77991856,44.04800568,6,12,,,,,,,,,,,,,
1714.5,56.5570684,44.47975559,6,12,,,,,,,,,,,,,
1715,56.49489641,44.65753497,6,12,,,,,,,,,,,,,
1715.5,56.68141238,44.60674086,6,12,,,,,,,,,,,,,
1716,55.93534853,44.17499095,6,12,,,,,,,,,,,,,
1716.5,57.39639023,45.03849077,6,12,,,,,,,,,,,,,
1717,56.27729446,44.5305497,6,12,,,,,,,,,,,,,
1717.5,56.24620847,44.47975559,6,12,,,,,,,,,,,,,
1718,56.27729446,44.47975559,6,12,,,,,,,,,,,,,
1718.5,56.49489641,44.47975559,6,12,,,,,,,,,,,,,
1719,56.5570684,44.37816738,6,12,,,,,,,,,,,,,
1719.5,57.11661628,44.83531434,6,12,,,,,,,,,,,,,
1720,56.24620847,44.5305497,6,12,,,,,,,,,,,,,
1720.5,55.84209055,44.25118211,6,12,,,,,,,,,,,,,
1721,56.49489641,44.37816738,6,12,,,,,,,,,,,,,
1721.5,56.37055244,44.68293202,6,12,,,,,,,,,,,,,
1722,56.37055244,44.25118211,6,12,,,,,,,,,,,,,
1722.5,56.12186449,44.17499095,6,12,,,,,,,,,,,,,
1723,57.08553029,43.76863809,6,12,,,,,,,,,,,,,
1723.5,56.37055244,44.5305497,6,12,,,,,,,,,,,,,
1724,56.65032638,45.2416672,6,12,,,,,,,,,,,,,
1724.5,57.36530423,44.50515265,6,12,,,,,,,,,,,,,
1725,56.27729446,44.22578506,6,12,,,,,,,,,,,,,
1725.5,56.24620847,44.25118211,6,12,,,,,,,,,,,,,
1726,56.37055244,44.32737327,6,12,,,,,,,,,,,,,
1726.5,56.49489641,44.37816738,6,12,,,,,,,,,,,,,
1727,55.93534853,44.5305497,6,12,,,,,,,,,,,,,
1727.5,56.05969251,43.56546167,6,12,,,,,,,,,,,,,
1728,56.27729446,44.25118211,6,12,,,,,,,,,,,,,
1728.5,55.22037068,44.1495939,6,12,,,,,,,,,,,,,
1729,56.0907785,44.37816738,6,12,,,,,,,,,,,,,
1729.5,55.34471466,44.32737327,6,12,,,,,,,,,,,,,
1730,56.0907785,44.25118211,6,12,,,,,,,,,,,,,
1730.5,56.24620847,44.25118211,6,12,,,,,,,,,,,,,
1731,56.65032638,44.68293202,6,12,,,,,,,,,,,,,
1731.5,56.12186449,44.50515265,6,12,,,,,,,,,,,,,
1732,56.12186449,44.40356443,6,12,,,,,,,,,,,,,
1732.5,57.36530423,45.14007898,6,12,,,,,,,,,,,,,
1733,54.72299479,43.0575206,6,12,,,,,,,,,,,,,
1733.5,56.77467036,44.40356443,6,12,,,,,,,,,,,,,
1734,54.87842475,44.04800568,6,12,,,,,,,,,,,,,
1734.5,56.12186449,44.65753497,6,12,,,,,,,,,,,,,
1735,55.93534853,44.32737327,6,12,,,,,,,,,,,,,
1735.5,55.5934026,44.22578506,6,12,,,,,,,,,,,,,
1736,55.96643453,44.37816738,6,12,,,,,,,,,,,,,
1736.5,56.12186449,44.25118211,6,12,,,,,,,,,,,,,
1737,55.96643453,44.17499095,6,12,,,,,,,,,,,,,
1737.5,56.05969251,44.32737327,6,12,,,,,,,,,,,,,
1738,55.46905863,44.04800568,6,12,,,,,,,,,,,,,
1738.5,56.27729446,44.1495939,6,12,,,,,,,,,,,,,
1739,56.68141238,45.31785836,6,12,,,,,,,,,,,,,
1739.5,55.96643453,44.30197622,6,12,,,,,,,,,,,,,
1740,55.96643453,44.68293202,6,12,,,,,,,,,,,,,
1740.5,56.80575635,45.03849077,6,12,,,,,,,,,,,,,
1741,56.0907785,45.11468193,6,12,,,,,,,,,,,,,
1741.5,56.05969251,44.5305497,6,12,,,,,,,,,,,,,
1742,55.96643453,44.22578506,6,12,,,,,,,,,,,,,
1742.5,55.93534853,44.32737327,6,12,,,,,,,,,,,,,
1743,55.93534853,44.30197622,6,12,,,,,,,,,,,,,
1743.5,55.93534853,43.89562336,6,12,,,,,,,,,,,,,
1744,55.96643453,44.1495939,6,12,,,,,,,,,,,,,
1744.5,56.24620847,44.83531434,6,12,,,,,,,,,,,,,
1745,55.96643453,43.97181452,6,12,,,,,,,,,,,,,
1745.5,55.96643453,44.1495939,6,12,,,,,,,,,,,,,
1746,55.5934026,44.17499095,6,12,,,,,,,,,,,,,
1746.5,55.71774658,44.47975559,6,12,,,,,,,,,,,,,
1747,55.96643453,44.32737327,6,12,,,,,,,,,,,,,
1747.5,56.52598241,44.5305497,6,12,,,,,,,,,,,,,
1748,55.96643453,43.92102042,6,12,,,,,,,,,,,,,
1748.5,56.37055244,44.60674086,6,12,,,,,,,,,,,,,
1749,55.50014462,44.22578506,6,12,,,,,,,,,,,,,
1749.5,55.5934026,43.23529997,6,12,,,,,,,,,,,,,
1750,55.96643453,44.93690256,6,12,,,,,,,,,,,,,
1750.5,55.93534853,44.40356443,6,12,,,,,,,,,,,,,
1751,55.06494071,44.30197622,6,12,,,,,,,,,,,,,
1751.5,56.27729446,44.1495939,6,12,,,,,,,,,,,,,
1752,55.84209055,44.30197622,6,12,,,,,,,,,,,,,
1752.5,54.62973681,43.76863809,6,12,,,,,,,,,,,,,
1753,55.5934026,44.30197622,6,12,,,,,,,,,,,,,
1753.5,55.22037068,44.1495939,6,12,,,,,,,,,,,,,
1754,55.77991856,44.22578506,6,12,,,,,,,,,,,,,
1754.5,55.37580065,43.23529997,6,12,,,,,,,,,,,,,
1755,55.77991856,44.25118211,6,12,,,,,,,,,,,,,
1755.5,55.96643453,44.02260863,6,12,,,,,,,,,,,,,
1756,55.71774658,43.97181452,6,12,,,,,,,,,,,,,
1756.5,55.71774658,44.22578506,6,12,,,,,,,,,,,,,
1757,54.87842475,43.46387345,6,12,,,,,,,,,,,,,
1757.5,55.53123062,44.1495939,6,12,,,,,,,,,,,,,
1758,55.77991856,44.98769666,6,12,,,,,,,,,,,,,
1758.5,56.12186449,44.17499095,6,12,,,,,,,,,,,,,
1759,55.77991856,43.69244693,6,12,,,,,,,,,,,,,
1759.5,55.34471466,44.17499095,6,12,,,,,,,,,,,,,
1760,55.53123062,44.1495939,6,12,,,,,,,,,,,,,
1760.5,56.12186449,44.1495939,6,12,,,,,,,,,,,,,
1761,55.77991856,43.76863809,6,12,,,,,,,,,,,,,
1761.5,55.46905863,43.54006461,6,12,,,,,,,,,,,,,
1762,55.40688664,44.1495939,6,12,,,,,,,,,,,,,
1762.5,55.40688664,43.76863809,6,12,,,,,,,,,,,,,
1763,55.96643453,44.30197622,6,12,,,,,,,,,,,,,
1763.5,55.71774658,43.97181452,6,12,,,,,,,,,,,,,
1764,55.53123062,44.1495939,6,12,,,,,,,,,,,,,
1764.5,54.56756482,43.97181452,6,12,,,,,,,,,,,,,
1765,55.53123062,44.1495939,6,12,,,,,,,,,,,,,
1765.5,55.15819869,42.82894711,6,12,,,,,,,,,,,,,
1766,55.53123062,43.79403515,6,12,,,,,,,,,,,,,
1766.5,55.28254267,44.1495939,6,12,,,,,,,,,,,,,
1767,56.65032638,43.87022631,6,12,,,,,,,,,,,,,
1767.5,55.40688664,44.1495939,6,12,,,,,,,,,,,,,
1768,55.40688664,44.1495939,6,12,,,,,,,,,,,,,
1768.5,55.22037068,43.59085872,6,12,,,,,,,,,,,,,
1769,55.25145668,43.8194322,6,12,,,,,,,,,,,,,
1769.5,55.50014462,43.8194322,6,12,,,,,,,,,,,,,
1770,55.37580065,44.07340274,6,12,,,,,,,,,,,,,
1770.5,54.81625277,43.97181452,6,12,,,,,,,,,,,,,
1771,55.93534853,45.19087309,6,12,,,,,,,,,,,,,
1771.5,55.25145668,44.22578506,6,12,,,,,,,,,,,,,
1772,56.0907785,43.23529997,6,12,,,,,,,,,,,,,
1772.5,54.50539283,43.23529997,6,12,,,,,,,,,,,,,
1773,55.34471466,44.07340274,6,12,,,,,,,,,,,,,
1773.5,55.71774658,44.22578506,6,12,,,,,,,,,,,,,
1774,56.05969251,43.8194322,6,12,,,,,,,,,,,,,
1774.5,54.50539283,44.75912318,6,12,,,,,,,,,,,,,
1775,56.5570684,44.17499095,6,12,,,,,,,,,,,,,
1775.5,54.38104886,43.54006461,6,12,,,,,,,,,,,,,
1776,55.5934026,44.1495939,6,12,,,,,,,,,,,,,
1776.5,56.12186449,44.32737327,6,12,,,,,,,,,,,,,
1777,55.15819869,44.12419684,6,12,,,,,,,,,,,,,
1777.5,55.22037068,43.8194322,6,12,,,,,,,,,,,,,
1778,54.62973681,43.66704988,6,12,,,,,,,,,,,,,
1778.5,55.37580065,44.04800568,6,12,,,,,,,,,,,,,
1779,55.84209055,44.37816738,6,12,,,,,,,,,,,,,
1779.5,55.28254267,43.54006461,6,12,,,,,,,,,,,,,
1780,55.15819869,44.17499095,6,12,,,,,,,,,,,,,
1780.5,55.25145668,44.32737327,6,12,,,,,,,,,,,,,
1781,55.00276873,44.40356443,6,12,,,,,,,,,,,,,
1781.5,54.56756482,43.89562336,6,12,,,,,,,,,,,,,
1782,55.34471466,44.12419684,6,12,,,,,,,,,,,,,
1782.5,55.28254267,44.12419684,6,12,,,,,,,,,,,,,
1783,55.09602671,43.41307935,6,12,,,,,,,,,,,,,
1783.5,56.12186449,44.73372613,6,12,,,,,,,,,,,,,
1784,55.25145668,44.1495939,6,12,,,,,,,,,,,,,
1784.5,55.06494071,43.97181452,6,12,,,,,,,,,,,,,
1785,55.90426254,44.1495939,6,12,,,,,,,,,,,,,
1785.5,54.84733876,43.97181452,6,12,,,,,,,,,,,,,
1786,54.78516677,43.18450586,6,12,,,,,,,,,,,,,
1786.5,55.25145668,43.8194322,6,12,,,,,,,,,,,,,
1787,54.78516677,44.04800568,6,12,,,,,,,,,,,,,
1787.5,55.15819869,43.08291765,6,12,,,,,,,,,,,,,
1788,55.06494071,43.69244693,6,12,,,,,,,,,,,,,
1788.5,54.97168273,43.79403515,6,12,,,,,,,,,,,,,
1789,55.25145668,44.25118211,6,12,,,,,,,,,,,,,
1789.5,55.77991856,44.78452023,6,12,,,,,,,,,,,,,
1790,55.28254267,45.03849077,6,12,,,,,,,,,,,,,
1790.5,54.10127492,43.8194322,6,12,,,,,,,,,,,,,
1791,54.38104886,43.89562336,6,12,,,,,,,,,,,,,
1791.5,55.09602671,43.23529997,6,12,,,,,,,,,,,,,
1792,56.18403648,44.83531434,6,12,,,,,,,,,,,,,
1792.5,55.50014462,44.02260863,6,12,,,,,,,,,,,,,
1793,55.06494071,43.97181452,6,12,,,,,,,,,,,,,
1793.5,54.87842475,44.1495939,6,12,,,,,,,,,,,,,
1794,55.25145668,43.79403515,6,12,,,,,,,,,,,,,
1794.5,55.50014462,43.59085872,6,12,,,,,,,,,,,,,
1795,54.53647883,42.98132944,6,12,,,,,,,,,,,,,
1795.5,54.84733876,43.97181452,6,12,,,,,,,,,,,,,
1796,54.6608228,43.92102042,6,12,,,,,,,,,,,,,
1796.5,54.87842475,43.92102042,6,12,,,,,,,,,,,,,
1797,53.97693094,43.41307935,6,12,,,,,,,,,,,,,
1797.5,55.96643453,44.60674086,6,12,,,,,,,,,,,,,
1798,54.6608228,43.92102042,6,12,,,,,,,,,,,,,
1798.5,53.94584495,43.59085872,6,12,,,,,,,,,,,,,
1799,53.85258697,43.59085872,6,12,,,,,,,,,,,,,
1799.5,54.56756482,44.17499095,10,12,,,,,,,,,,,,,
1800,55.84209055,44.04800568,10,12.03999983,,,,,,,,,,,,,
1800.5,55.96643453,44.07340274,10,12.07999867,,,,,,,,,,,,,
1801,54.56756482,44.12419684,10,12.1199955,,,,,,,,,,,,,
1801.5,54.50539283,43.8194322,10,12.15998933,,,,,,,,,,,,,
1802,54.81625277,43.97181452,10,12.19997917,,,,,,,,,,,,,
1802.5,54.81625277,43.97181452,10,12.239964,,,,,,,,,,,,,
1803,55.81100456,44.40356443,10,12.27994284,,,,,,,,,,,,,
1803.5,54.56756482,44.25118211,10,12.31991467,,,,,,,,,,,,,
1804,55.96643453,44.65753497,10,12.35987851,,,,,,,,,,,,,
1804.5,54.62973681,43.92102042,10,12.39983335,,,,,,,,,,,,,
1805,54.10127492,42.87974122,10,12.4397782,,,,,,,,,,,,,
1805.5,54.53647883,44.04800568,10,12.47971205,,,,,,,,,,,,,
1806,54.81625277,42.98132944,10,12.51963391,,,,,,,,,,,,,
1806.5,54.62973681,43.79403515,10,12.55954278,,,,,,,,,,,,,
1807,55.25145668,44.17499095,10,12.59943766,,,,,,,,,,,,,
1807.5,54.56756482,43.8194322,10,12.63931755,,,,,,,,,,,,,
1808,54.13236091,43.23529997,10,12.67918146,,,,,,,,,,,,,
1808.5,53.94584495,44.40356443,10,12.71902839,,,,,,,,,,,,,
1809,56.12186449,42.52418247,10,12.75885735,,,,,,,,,,,,,
1809.5,54.56756482,43.69244693,10,12.79866733,,,,,,,,,,,,,
1810,54.72299479,43.8194322,10,12.83845735,,,,,,,,,,,,,
1810.5,53.57281303,43.51466756,10,12.87822641,,,,,,,,,,,,,
1811,54.56756482,43.8194322,10,12.91797351,,,,,,,,,,,,,
1811.5,54.56756482,44.04800568,10,12.95769766,,,,,,,,,,,,,
1812,56.05969251,44.50515265,10,12.99739787,,,,,,,,,,,,,
1812.5,53.44846905,43.31149113,10,13.03707314,,,,,,,,,,,,,
1813,54.28779088,43.51466756,10,13.07672249,,,,,,,,,,,,,
1813.5,53.94584495,42.98132944,10,13.11634492,,,,,,,,,,,,,
1814,54.72299479,44.17499095,10,13.15593944,,,,,,,,,,,,,
1814.5,54.53647883,44.07340274,10,13.19550506,,,,,,,,,,,,,
1815,54.53647883,43.97181452,10,13.23504079,,,,,,,,,,,,,
1815.5,54.56756482,43.69244693,10,13.27454565,,,,,,,,,,,,,
1816,54.13236091,43.36228524,10,13.31401865,,,,,,,,,,,,,
1816.5,54.56756482,43.71784399,10,13.35345879,,,,,,,,,,,,,
1817,54.81625277,44.98769666,10,13.3928651,,,,,,,,,,,,,
1817.5,54.50539283,43.79403515,10,13.43223659,,,,,,,,,,,,,
1818,54.56756482,43.76863809,10,13.47157227,,,,,,,,,,,,,
1818.5,53.88367296,43.59085872,10,13.51087116,,,,,,,,,,,,,
1819,54.56756482,43.76863809,10,13.55013228,,,,,,,,,,,,,
1819.5,54.53647883,43.76863809,10,13.58935465,,,,,,,,,,,,,
1820,54.41213485,43.8194322,10,13.62853728,,,,,,,,,,,,,
1820.5,54.56756482,43.56546167,10,13.6676792,,,,,,,,,,,,,
1821,54.56756482,43.59085872,10,13.70677943,,,,,,,,,,,,,
1821.5,54.44322084,44.04800568,10,13.74583698,,,,,,,,,,,,,
1822,54.84733876,44.25118211,10,13.7848509,,,,,,,,,,,,,
1822.5,54.84733876,42.70196185,10,13.82382019,,,,,,,,,,,,,
1823,53.2308671,42.87974122,10,13.86274388,,,,,,,,,,,,,
1823.5,53.94584495,42.98132944,10,13.90162101,,,,,,,,,,,,,
1824,54.31887687,43.76863809,10,13.9404506,,,,,,,,,,,,,
1824.5,54.50539283,43.46387345,10,13.97923167,,,,,,,,,,,,,
1825,54.53647883,43.79403515,10,14.01796327,,,,,,,,,,,,,
1825.5,54.56756482,43.23529997,10,14.05664442,,,,,,,,,,,,,
1826,54.1634469,43.66704988,10,14.09527415,,,,,,,,,,,,,
1826.5,54.41213485,43.76863809,10,14.13385149,,,,,,,,,,,,,
1827,53.29303909,43.00672649,10,14.1723755,,,,,,,,,,,,,
1827.5,54.53647883,43.92102042,10,14.21084519,,,,,,,,,,,,,
1828,54.44322084,43.69244693,10,14.24925961,,,,,,,,,,,,,
1828.5,54.41213485,43.54006461,10,14.2876178,,,,,,,,,,,,,
1829,54.44322084,43.8194322,10,14.3259188,,,,,,,,,,,,,
1829.5,53.72824299,43.00672649,10,14.36416165,,,,,,,,,,,,,
1830,54.28779088,43.92102042,10,14.4023454,,,,,,,,,,,,,
1830.5,53.72824299,42.75275595,10,14.44046909,,,,,,,,,,,,,
1831,54.81625277,44.25118211,10,14.47853177,,,,,,,,,,,,,
1831.5,54.13236091,44.25118211,10,14.51653248,,,,,,,,,,,,,
1832,54.53647883,43.46387345,10,14.55447029,,,,,,,,,,,,,
1832.5,54.38104886,43.66704988,10,14.59234423,,,,,,,,,,,,,
1833,54.38104886,43.69244693,10,14.63015336,,,,,,,,,,,,,
1833.5,54.00801694,43.56546167,10,14.66789674,,,,,,,,,,,,,
1834,52.7645772,43.00672649,10,14.70557342,,,,,,,,,,,,,
1834.5,54.13236091,44.07340274,10,14.74318246,,,,,,,,,,,,,
1835,54.38104886,43.36228524,10,14.78072292,,,,,,,,,,,,,
1835.5,53.41738306,43.46387345,10,14.81819387,,,,,,,,,,,,,
1836,54.22561889,43.59085872,10,14.85559436,,,,,,,,,,,,,
1836.5,54.00801694,42.98132944,10,14.89292346,,,,,,,,,,,,,
1837,54.31887687,43.76863809,10,14.93018023,,,,,,,,,,,,,
1837.5,53.94584495,43.54006461,10,14.96736376,,,,,,,,,,,,,
1838,53.35521107,43.54006461,10,15.00447309,,,,,,,,,,,,,
1838.5,54.1634469,43.59085872,10,15.04150732,,,,,,,,,,,,,
1839,55.06494071,43.79403515,10,15.07846551,,,,,,,,,,,,,
1839.5,53.79041498,43.69244693,10,15.11534674,,,,,,,,,,,,,
1840,54.1634469,43.66704988,10,15.15215008,,,,,,,,,,,,,
1840.5,54.56756482,44.83531434,10,15.18887462,,,,,,,,,,,,,
1841,54.10127492,43.66704988,10,15.22551944,,,,,,,,,,,,,
1841.5,53.35521107,42.87974122,10,15.26208362,,,,,,,,,,,,,
1842,54.56756482,43.23529997,10,15.29856625,,,,,,,,,,,,,
1842.5,54.00801694,43.0575206,10,15.33496642,,,,,,,,,,,,,
1843,54.62973681,43.54006461,10,15.37128321,,,,,,,,,,,,,
1843.5,53.79041498,44.07340274,10,15.40751572,,,,,,,,,,,,,
1844,54.13236091,43.54006461,10,15.44366304,,,,,,,,,,,,,
1844.5,54.07018892,43.76863809,10,15.47972427,,,,,,,,,,,,,
1845,54.38104886,43.51466756,10,15.51569851,,,,,,,,,,,,,
1845.5,54.62973681,44.1495939,10,15.55158486,,,,,,,,,,,,,
1846,54.31887687,43.59085872,10,15.58738241,,,,,,,,,,,,,
1846.5,53.16869511,42.82894711,10,15.62309028,,,,,,,,,,,,,
1847,54.38104886,42.98132944,10,15.65870758,,,,,,,,,,,,,
1847.5,53.29303909,43.20990292,10,15.6942334,,,,,,,,,,,,,
1848,54.72299479,43.59085872,10,15.72966688,,,,,,,,,,,,,
1848.5,55.06494071,44.1495939,10,15.76500711,,,,,,,,,,,,,
1849,54.44322084,42.85434417,10,15.80025321,,,,,,,,,,,,,
1849.5,54.56756482,43.79403515,10,15.83540431,,,,,,,,,,,,,
1850,53.26195309,42.3464031,10,15.87045952,,,,,,,,,,,,,
1850.5,53.85258697,43.00672649,10,15.90541798,,,,,,,,,,,,,
1851,54.10127492,43.46387345,10,15.94027879,,,,,,,,,,,,,
1851.5,54.84733876,44.1495939,10,15.9750411,,,,,,,,,,,,,
1852,54.38104886,42.70196185,10,16.00970404,,,,,,,,,,,,,
1852.5,53.44846905,42.62577069,10,16.04426673,,,,,,,,,,,,,
1853,53.41738306,42.49878542,10,16.07872832,,,,,,,,,,,,,
1853.5,53.697157,43.46387345,10,16.11308793,,,,,,,,,,,,,
1854,53.97693094,43.20990292,10,16.14734472,,,,,,,,,,,,,
1854.5,55.34471466,44.1495939,10,16.18149783,,,,,,,,,,,,,
1855,53.79041498,42.87974122,10,16.2155464,,,,,,,,,,,,,
1855.5,53.85258697,43.41307935,10,16.24948958,,,,,,,,,,,,,
1856,53.97693094,43.56546167,10,16.28332653,,,,,,,,,,,,,
1856.5,54.00801694,43.54006461,10,16.31705639,,,,,,,,,,,,,
1857,54.62973681,43.97181452,10,16.35067833,,,,,,,,,,,,,
1857.5,53.16869511,43.41307935,10,16.38419149,,,,,,,,,,,,,
1858,54.31887687,43.54006461,10,16.41759506,,,,,,,,,,,,,
1858.5,54.00801694,43.51466756,10,16.45088818,,,,,,,,,,,,,
1859,53.66607101,43.54006461,10,16.48407004,,,,,,,,,,,,,
1859.5,55.06494071,44.04800568,10,16.51713979,,,,,,,,,,,,,
1860,53.97693094,43.54006461,10,16.55009661,,,,,,,,,,,,,
1860.5,54.00801694,43.79403515,10,16.58293968,,,,,,,,,,,,,
1861,54.38104886,43.54006461,10,16.61566818,,,,,,,,,,,,,
1861.5,53.13760912,43.08291765,10,16.64828128,,,,,,,,,,,,,
1862,53.85258697,43.4384764,10,16.68077818,,,,,,,,,,,,,
1862.5,54.00801694,43.54006461,10,16.71315806,,,,,,,,,,,,,
1863,54.62973681,42.98132944,10,16.74542011,,,,,,,,,,,,,
1863.5,53.66607101,43.0575206,10,16.77756353,,,,,,,,,,,,,
1864,54.84733876,44.1495939,10,16.80958751,,,,,,,,,,,,,
1864.5,54.56756482,42.70196185,10,16.84149125,,,,,,,,,,,,,
1865,53.97693094,43.36228524,10,16.87327395,,,,,,,,,,,,,
1865.5,53.79041498,42.62577069,10,16.90493482,,,,,,,,,,,,,
1866,53.97693094,43.33688818,10,16.93647306,,,,,,,,,,,,,
1866.5,53.79041498,43.41307935,10,16.9678879,,,,,,,,,,,,,
1867,54.10127492,43.66704988,10,16.99917853,,,,,,,,,,,,,
1867.5,53.16869511,43.00672649,10,17.03034419,,,,,,,,,,,,,
1868,54.13236091,43.54006461,10,17.06138409,,,,,,,,,,,,,
1868.5,54.38104886,43.54006461,10,17.09229746,,,,,,,,,,,,,
1869,54.1634469,43.41307935,10,17.12308352,,,,,,,,,,,,,
1869.5,54.10127492,43.46387345,10,17.1537415,,,,,,,,,,,,,
1870,53.94584495,43.56546167,10,17.18427064,,,,,,,,,,,,,
1870.5,53.88367296,43.46387345,10,17.21467017,,,,,,,,,,,,,
1871,54.28779088,43.46387345,10,17.24493933,,,,,,,,,,,,,
1871.5,54.00801694,42.85434417,10,17.27507738,,,,,,,,,,,,,
1872,53.94584495,43.00672649,10,17.30508354,,,,,,,,,,,,,
1872.5,54.10127492,43.00672649,10,17.33495708,,,,,,,,,,,,,
1873,54.56756482,43.89562336,10,17.36469725,,,,,,,,,,,,,
1873.5,54.31887687,43.56546167,10,17.39430329,,,,,,,,,,,,,
1874,53.66607101,43.0575206,10,17.42377448,,,,,,,,,,,,,
1874.5,53.29303909,42.82894711,10,17.45311008,,,,,,,,,,,,,
1875,54.10127492,43.69244693,10,17.48230935,,,,,,,,,,,,,
1875.5,54.10127492,43.56546167,10,17.51137156,,,,,,,,,,,,,
1876,53.94584495,43.00672649,10,17.54029599,,,,,,,,,,,,,
1876.5,53.94584495,43.54006461,10,17.56908191,,,,,,,,,,,,,
1877,53.13760912,43.1083147,10,17.5977286,,,,,,,,,,,,,
1877.5,53.66607101,43.08291765,10,17.62623535,,,,,,,,,,,,,
1878,54.00801694,43.51466756,10,17.65460145,,,,,,,,,,,,,
1878.5,54.97168273,44.17499095,10,17.68282618,,,,,,,,,,,,,
1879,53.88367296,43.41307935,10,17.71090884,,,,,,,,,,,,,
1879.5,53.97693094,44.07340274,10,17.73884873,,,,,,,,,,,,,
1880,53.16869511,43.97181452,10,17.76664514,,,,,,,,,,,,,
1880.5,53.94584495,43.56546167,10,17.79429739,,,,,,,,,,,,,
1881,53.97693094,43.54006461,10,17.82180479,,,,,,,,,,,,,
1881.5,53.94584495,43.08291765,10,17.84916664,,,,,,,,,,,,,
1882,53.72824299,43.46387345,10,17.87638226,,,,,,,,,,,,,
1882.5,53.85258697,43.20990292,10,17.90345097,,,,,,,,,,,,,
1883,53.94584495,43.56546167,10,17.93037209,,,,,,,,,,,,,
1883.5,53.72824299,42.87974122,10,17.95714496,,,,,,,,,,,,,
1884,54.00801694,43.4384764,10,17.9837689,,,,,,,,,,,,,
1884.5,54.56756482,43.41307935,10,18.01024324,,,,,,,,,,,,,
1885,54.62973681,43.92102042,10,18.03656733,,,,,,,,,,,,,
1885.5,53.97693094,43.1083147,10,18.0627405,,,,,,,,,,,,,
1886,53.94584495,43.23529997,10,18.08876211,,,,,,,,,,,,,
1886.5,53.41738306,42.95593238,10,18.1146315,,,,,,,,,,,,,
1887,54.10127492,43.54006461,10,18.14034802,,,,,,,,,,,,,
1887.5,53.97693094,43.33688818,10,18.16591103,,,,,,,,,,,,,
1888,53.29303909,42.52418247,10,18.1913199,,,,,,,,,,,,,
1888.5,54.87842475,43.89562336,10,18.21657398,,,,,,,,,,,,,
1889,54.00801694,42.98132944,10,18.24167265,,,,,,,,,,,,,
1889.5,53.97693094,43.89562336,10,18.26661528,,,,,,,,,,,,,
1890,54.10127492,43.59085872,10,18.29140124,,,,,,,,,,,,,
1890.5,53.79041498,44.1495939,10,18.31602992,,,,,,,,,,,,,
1891,53.97693094,43.00672649,10,18.34050069,,,,,,,,,,,,,
1891.5,53.04435114,43.00672649,10,18.36481296,,,,,,,,,,,,,
1892,54.28779088,43.23529997,10,18.38896611,,,,,,,,,,,,,
1892.5,54.1634469,43.41307935,10,18.41295953,,,,,,,,,,,,,
1893,54.10127492,44.04800568,10,18.43679262,,,,,,,,,,,,,
1893.5,54.31887687,43.76863809,10,18.4604648,,,,,,,,,,,,,
1894,54.81625277,43.97181452,10,18.48397547,,,,,,,,,,,,,
1894.5,54.07018892,43.97181452,10,18.50732404,,,,,,,,,,,,,
1895,54.13236091,43.51466756,10,18.53050992,,,,,,,,,,,,,
1895.5,54.07018892,43.41307935,10,18.55353255,,,,,,,,,,,,,
1896,54.00801694,43.56546167,10,18.57639133,,,,,,,,,,,,,
1896.5,54.10127492,44.40356443,10,18.59908571,,,,,,,,,,,,,
1897,53.94584495,43.46387345,10,18.62161511,,,,,,,,,,,,,
1897.5,54.94059674,43.8194322,10,18.64397896,,,,,,,,,,,,,
1898,54.97168273,44.22578506,10,18.66617672,,,,,,,,,,,,,
1898.5,54.44322084,43.66704988,10,18.68820783,,,,,,,,,,,,,
1899,53.72824299,43.41307935,10,18.71007173,,,,,,,,,,,,,
1899.5,54.13236091,43.46387345,10,18.73176788,,,,,,,,,,,,,
1900,53.88367296,43.66704988,10,18.75329573,,,,,,,,,,,,,
1900.5,54.00801694,43.54006461,10,18.77465476,,,,,,,,,,,,,
1901,55.22037068,43.97181452,10,18.79584441,,,,,,,,,,,,,
1901.5,53.35521107,43.51466756,10,18.81686418,,,,,,,,,,,,,
1902,54.28779088,43.56546167,10,18.83771352,,,,,,,,,,,,,
1902.5,54.10127492,42.82894711,10,18.85839191,,,,,,,,,,,,,
1903,54.13236091,43.41307935,10,18.87889885,,,,,,,,,,,,,
1903.5,54.00801694,43.59085872,10,18.89923382,,,,,,,,,,,,,
1904,54.10127492,43.54006461,10,18.9193963,,,,,,,,,,,,,
1904.5,55.06494071,43.41307935,10,18.9393858,,,,,,,,,,,,,
1905,54.53647883,44.30197622,10,18.95920182,,,,,,,,,,,,,
1905.5,53.16869511,43.4384764,10,18.97884386,,,,,,,,,,,,,
1906,54.38104886,43.4384764,10,18.99831143,,,,,,,,,,,,,
1906.5,54.10127492,43.46387345,10,19.01760403,,,,,,,,,,,,,
1907,53.85258697,43.51466756,10,19.0367212,,,,,,,,,,,,,
1907.5,54.07018892,43.8194322,10,19.05566246,,,,,,,,,,,,,
1908,53.44846905,43.33688818,10,19.07442732,,,,,,,,,,,,,
1908.5,54.10127492,44.22578506,10,19.09301532,,,,,,,,,,,,,
1909,54.44322084,43.51466756,10,19.11142599,,,,,,,,,,,,,
1909.5,55.28254267,44.1495939,10,19.12965888,,,,,,,,,,,,,
1910,54.87842475,42.82894711,10,19.14771353,,,,,,,,,,,,,
1910.5,54.10127492,43.54006461,10,19.16558949,,,,,,,,,,,,,
1911,54.56756482,43.76863809,10,19.1832863,,,,,,,,,,,,,
1911.5,54.28779088,43.54006461,10,19.20080354,,,,,,,,,,,,,
1912,54.41213485,43.56546167,10,19.21814075,,,,,,,,,,,,,
1912.5,54.56756482,43.51466756,10,19.23529752,,,,,,,,,,,,,
1913,54.50539283,43.36228524,10,19.2522734,,,,,,,,,,,,,
1913.5,54.07018892,42.52418247,10,19.26906797,,,,,,,,,,,,,
1914,54.31887687,43.36228524,10,19.28568082,,,,,,,,,,,,,
1914.5,55.40688664,43.18450586,10,19.30211152,,,,,,,,,,,,,
1915,53.16869511,42.70196185,10,19.31835968,,,,,,,,,,,,,
1915.5,54.1634469,43.41307935,10,19.33442487,,,,,,,,,,,,,
1916,54.87842475,43.56546167,10,19.3503067,,,,,,,,,,,,,
1916.5,54.13236091,43.41307935,10,19.36600478,,,,,,,,,,,,,
1917,54.56756482,44.12419684,10,19.38151871,,,,,,,,,,,,,
1917.5,54.31887687,43.69244693,10,19.3968481,,,,,,,,,,,,,
1918,54.56756482,43.00672649,10,19.41199257,,,,,,,,,,,,,
1918.5,55.84209055,44.65753497,10,19.42695174,,,,,,,,,,,,,
1919,54.38104886,43.59085872,10,19.44172523,,,,,,,,,,,,,
1919.5,54.62973681,43.54006461,10,19.45631269,,,,,,,,,,,,,
1920,54.53647883,43.59085872,10,19.47071373,,,,,,,,,,,,,
1920.5,54.6608228,43.59085872,10,19.48492801,,,,,,,,,,,,,
1921,55.34471466,43.79403515,10,19.49895517,,,,,,,,,,,,,
1921.5,53.697157,43.54006461,10,19.51279485,,,,,,,,,,,,,
1922,55.37580065,44.58134381,10,19.52644671,,,,,,,,,,,,,
1922.5,54.50539283,43.8194322,10,19.53991042,,,,,,,,,,,,,
1923,54.50539283,42.85434417,10,19.55318562,,,,,,,,,,,,,
1923.5,54.56756482,43.56546167,10,19.566272,,,,,,,,,,,,,
1924,54.56756482,43.59085872,10,19.57916921,,,,,,,,,,,,,
1924.5,54.56756482,43.56546167,10,19.59187695,,,,,,,,,,,,,
1925,55.25145668,44.17499095,10,19.6043949,,,,,,,,,,,,,
1925.5,54.53647883,43.69244693,10,19.61672273,,,,,,,,,,,,,
1926,56.0907785,43.51466756,10,19.62886015,,,,,,,,,,,,,
1926.5,53.88367296,43.76863809,10,19.64080684,,,,,,,,,,,,,
1927,55.40688664,43.51466756,10,19.65256252,,,,,,,,,,,,,
1927.5,54.38104886,43.36228524,10,19.66412688,,,,,,,,,,,,,
1928,54.81625277,43.51466756,10,19.67549964,,,,,,,,,,,,,
1928.5,53.85258697,42.82894711,10,19.68668051,,,,,,,,,,,,,
1929,54.56756482,43.51466756,10,19.69766922,,,,,,,,,,,,,
1929.5,55.93534853,43.79403515,10,19.70846548,,,,,,,,,,,,,
1930,55.96643453,44.25118211,10,19.71906904,,,,,,,,,,,,,
1930.5,54.81625277,43.59085872,10,19.72947961,,,,,,,,,,,,,
1931,54.38104886,42.65116774,10,19.73969695,,,,,,,,,,,,,
1931.5,54.31887687,43.18450586,10,19.7497208,,,,,,,,,,,,,
1932,55.00276873,43.69244693,10,19.75955091,,,,,,,,,,,,,
1932.5,53.85258697,44.47975559,10,19.76918702,,,,,,,,,,,,,
1933,54.6608228,43.59085872,10,19.77862891,,,,,,,,,,,,,
1933.5,55.84209055,43.8194322,10,19.78787633,,,,,,,,,,,,,
1934,54.6608228,43.54006461,10,19.79692906,,,,,,,,,,,,,
1934.5,55.28254267,44.32737327,10,19.80578686,,,,,,,,,,,,,
1935,55.06494071,43.56546167,10,19.81444952,,,,,,,,,,,,,
1935.5,55.00276873,43.76863809,10,19.82291682,,,,,,,,,,,,,
1936,54.6608228,43.56546167,10,19.83118854,,,,,,,,,,,,,
1936.5,54.62973681,43.54006461,10,19.83926449,,,,,,,,,,,,,
1937,55.00276873,43.59085872,10,19.84714446,,,,,,,,,,,,,
1937.5,56.05969251,43.0575206,10,19.85482824,,,,,,,,,,,,,
1938,55.25145668,43.54006461,10,19.86231566,,,,,,,,,,,,,
1938.5,54.56756482,43.41307935,10,19.86960652,,,,,,,,,,,,,
1939,54.84733876,43.59085872,10,19.87670064,,,,,,,,,,,,,
1939.5,55.22037068,43.23529997,10,19.88359784,,,,,,,,,,,,,
1940,55.06494071,43.59085872,10,19.89029795,,,,,,,,,,,,,
1940.5,55.28254267,43.56546167,10,19.89680081,,,,,,,,,,,,,
1941,55.81100456,44.5305497,10,19.90310624,,,,,,,,,,,,,
1941.5,56.21512247,44.22578506,10,19.9092141,,,,,,,,,,,,,
1942,56.49489641,44.22578506,10,19.91512423,,,,,,,,,,,,,
1942.5,55.06494071,43.71784399,10,19.92083648,,,,,,,,,,,,,
1943,54.72299479,44.32737327,10,19.92635071,,,,,,,,,,,,,
1943.5,54.50539283,42.98132944,10,19.93166679,,,,,,,,,,,,,
1944,55.25145668,43.71784399,10,19.93678457,,,,,,,,,,,,,
1944.5,54.6608228,42.70196185,10,19.94170393,,,,,,,,,,,,,
1945,55.06494071,44.17499095,10,19.94642475,,,,,,,,,,,,,
1945.5,54.28779088,42.95593238,10,19.95094691,,,,,,,,,,,,,
1946,55.22037068,42.62577069,10,19.95527029,,,,,,,,,,,,,
1946.5,55.96643453,43.89562336,10,19.9593948,,,,,,,,,,,,,
1947,54.53647883,44.37816738,10,19.96332032,,,,,,,,,,,,,
1947.5,55.96643453,43.89562336,10,19.96704676,,,,,,,,,,,,,
1948,54.31887687,42.87974122,10,19.97057402,,,,,,,,,,,,,
1948.5,55.53123062,43.92102042,10,19.97390202,,,,,,,,,,,,,
1949,55.37580065,43.59085872,10,19.97703067,,,,,,,,,,,,,
1949.5,55.5934026,43.51466756,10,19.97995989,,,,,,,,,,,,,
1950,55.34471466,43.59085872,10,19.98268962,,,,,,,,,,,,,
1950.5,55.53123062,43.76863809,10,19.98521978,,,,,,,,,,,,,
1951,55.40688664,43.97181452,10,19.98755031,,,,,,,,,,,,,
1951.5,55.53123062,43.54006461,10,19.98968115,,,,,,,,,,,,,
1952,55.53123062,43.76863809,10,19.99161225,,,,,,,,,,,,,
1952.5,55.28254267,43.59085872,10,19.99334356,,,,,,,,,,,,,
1953,55.5934026,43.54006461,10,19.99487504,,,,,,,,,,,,,
1953.5,55.37580065,43.69244693,10,19.99620664,,,,,,,,,,,,,
1954,56.27729446,43.00672649,10,19.99733835,,,,,,,,,,,,,
1954.5,55.34471466,43.66704988,10,19.99827011,,,,,,,,,,,,,
1955,55.40688664,43.54006461,10,19.99900192,,,,,,,,,,,,,
1955.5,55.84209055,43.59085872,10,19.99953376,,,,,,,,,,,,,
1956,55.34471466,43.54006461,10,19.99986561,,,,,,,,,,,,,
1956.5,56.5570684,43.54006461,10,19.99999746,,,,,,,,,,,,,
1957,56.27729446,44.37816738,10,19.99992932,,,,,,,,,,,,,
1957.5,55.93534853,43.66704988,10,19.99966117,,,,,,,,,,,,,
1958,55.84209055,43.76863809,10,19.99919304,,,,,,,,,,,,,
1958.5,55.77991856,43.76863809,10,19.99852492,,,,,,,,,,,,,
1959,55.90426254,43.66704988,10,19.99765684,,,,,,,,,,,,,
1959.5,55.90426254,43.89562336,10,19.99658882,,,,,,,,,,,,,
1960,56.0907785,43.79403515,10,19.99532089,,,,,,,,,,,,,
1960.5,55.96643453,43.59085872,10,19.99385308,,,,,,,,,,,,,
1961,55.96643453,44.37816738,10,19.99218541,,,,,,,,,,,,,
1961.5,54.72299479,42.82894711,10,19.99031795,,,,,,,,,,,,,
1962,56.12186449,43.54006461,10,19.98825072,,,,,,,,,,,,,
1962.5,55.96643453,43.69244693,10,19.9859838,,,,,,,,,,,,,
1963,55.84209055,43.69244693,10,19.98351722,,,,,,,,,,,,,
1963.5,56.65032638,43.79403515,10,19.98085105,,,,,,,,,,,,,
1964,55.93534853,43.97181452,10,19.97798536,,,,,,,,,,,,,
1964.5,55.96643453,43.41307935,10,19.97492023,,,,,,,,,,,,,
1965,56.05969251,43.89562336,10,19.97165572,,,,,,,,,,,,,
1965.5,56.49489641,42.57497658,10,19.96819192,,,,,,,,,,,,,
1966,56.18403648,43.33688818,10,19.96452892,,,,,,,,,,,,,
1966.5,55.84209055,43.54006461,10,19.9606668,,,,,,,,,,,,,
1967,55.96643453,43.54006461,10,19.95660567,,,,,,,,,,,,,
1967.5,55.96643453,43.56546167,10,19.95234562,,,,,,,,,,,,,
1968,56.24620847,43.0575206,10,19.94788676,,,,,,,,,,,,,
1968.5,55.96643453,43.00672649,10,19.94322921,,,,,,,,,,,,,
1969,55.34471466,43.18450586,10,19.93837308,,,,,,,,,,,,,
1969.5,55.40688664,42.98132944,10,19.93331848,,,,,,,,,,,,,
1970,56.21512247,43.23529997,10,19.92806556,,,,,,,,,,,,,
1970.5,56.21512247,43.41307935,10,19.92261443,,,,,,,,,,,,,
1971,56.27729446,43.46387345,10,19.91696524,,,,,,,,,,,,,
1971.5,56.0907785,43.46387345,10,19.91111813,,,,,,,,,,,,,
1972,56.37055244,43.54006461,10,19.90507324,,,,,,,,,,,,,
1972.5,56.74358436,43.76863809,10,19.89883072,,,,,,,,,,,,,
1973,56.12186449,43.46387345,10,19.89239073,,,,,,,,,,,,,
1973.5,55.5934026,42.52418247,10,19.88575343,,,,,,,,,,,,,
1974,56.49489641,43.54006461,10,19.87891899,,,,,,,,,,,,,
1974.5,56.12186449,42.47338837,10,19.87188757,,,,,,,,,,,,,
1975,55.34471466,42.87974122,10,19.86465936,,,,,,,,,,,,,
1975.5,56.37055244,43.36228524,10,19.85723454,,,,,,,,,,,,,
1976,56.80575635,43.54006461,10,19.84961328,,,,,,,,,,,,,
1976.5,56.05969251,43.54006461,10,19.84179578,,,,,,,,,,,,,
1977,56.99227231,43.41307935,10,19.83378224,,,,,,,,,,,,,
1977.5,55.84209055,43.41307935,10,19.82557285,,,,,,,,,,,,,
1978,56.49489641,43.46387345,10,19.81716783,,,,,,,,,,,,,
1978.5,56.61924039,43.51466756,10,19.80856738,,,,,,,,,,,,,
1979,56.27729446,43.54006461,10,19.79977171,,,,,,,,,,,,,
1979.5,57.39639023,43.66704988,10,19.79078105,,,,,,,,,,,,,
1980,55.37580065,43.00672649,10,19.78159562,,,,,,,,,,,,,
1980.5,55.90426254,44.37816738,10,19.77221565,,,,,,,,,,,,,
1981,56.80575635,43.69244693,10,19.76264137,,,,,,,,,,,,,
1981.5,57.17878827,44.32737327,10,19.75287303,,,,,,,,,,,,,
1982,56.68141238,43.71784399,10,19.74291087,,,,,,,,,,,,,
1982.5,56.5570684,43.54006461,10,19.73275513,,,,,,,,,,,,,
1983,56.68141238,43.76863809,10,19.72240608,,,,,,,,,,,,,
1983.5,56.77467036,43.69244693,10,19.71186397,,,,,,,,,,,,,
1984,56.65032638,43.59085872,10,19.70112906,,,,,,,,,,,,,
1984.5,56.49489641,43.8194322,10,19.69020162,,,,,,,,,,,,,
1985,56.77467036,43.54006461,10,19.67908193,,,,,,,,,,,,,
1985.5,56.93010032,43.92102042,10,19.66777026,,,,,,,,,,,,,
1986,56.89901433,42.80355006,10,19.6562669,,,,,,,,,,,,,
1986.5,56.77467036,43.71784399,10,19.64457213,,,,,,,,,,,,,
1987,58.04919609,44.04800568,10,19.63268625,,,,,,,,,,,,,
1987.5,56.24620847,43.54006461,10,19.62060955,,,,,,,,,,,,,
1988,56.5570684,43.23529997,10,19.60834234,,,,,,,,,,,,,
1988.5,56.77467036,43.76863809,10,19.59588492,,,,,,,,,,,,,
1989,56.99227231,43.46387345,10,19.5832376,,,,,,,,,,,,,
1989.5,56.52598241,43.8194322,10,19.5704007,,,,,,,,,,,,,
1990,56.65032638,43.59085872,10,19.55737454,,,,,,,,,,,,,
1990.5,56.93010032,43.71784399,10,19.54415945,,,,,,,,,,,,,
1991,56.96118632,43.59085872,10,19.53075575,,,,,,,,,,,,,
1991.5,57.33421824,43.66704988,10,19.51716379,,,,,,,,,,,,,
1992,55.96643453,42.98132944,10,19.5033839,,,,,,,,,,,,,
1992.5,56.99227231,43.54006461,10,19.48941642,,,,,,,,,,,,,
1993,57.67616417,43.92102042,10,19.47526171,,,,,,,,,,,,,
1993.5,57.11661628,43.66704988,10,19.46092011,,,,,,,,,,,,,
1994,57.39639023,44.02260863,10,19.446392,,,,,,,,,,,,,
1994.5,57.24096026,43.56546167,10,19.43167772,,,,,,,,,,,,,
1995,57.80050814,43.54006461,10,19.41677765,,,,,,,,,,,,,
1995.5,56.05969251,43.00672649,10,19.40169217,,,,,,,,,,,,,
1996,56.99227231,43.54006461,10,19.38642164,,,,,,,,,,,,,
1996.5,57.17878827,43.15910881,10,19.37096645,,,,,,,,,,,,,
1997,57.36530423,43.46387345,10,19.35532699,,,,,,,,,,,,,
1997.5,58.23571205,44.25118211,10,19.33950364,,,,,,,,,,,,,
1998,56.37055244,43.1083147,10,19.32349681,,,,,,,,,,,,,
1998.5,56.27729446,43.54006461,10,19.30730689,,,,,,,,,,,,,
1999,57.48964821,44.1495939,10,19.29093429,,,,,,,,,,,,,
1999.5,57.24096026,42.95593238,10,19.27437941,,,,,,,,,,,,,
2000,57.39639023,43.46387345,10,19.25764268,,,,,,,,,,,,,
2000.5,57.45856221,43.69244693,10,19.24072451,,,,,,,,,,,,,
2001,57.39639023,43.56546167,10,19.22362531,,,,,,,,,,,,,
2001.5,58.4844,44.12419684,10,19.20634553,,,,,,,,,,,,,
2002,57.5207342,44.73372613,10,19.18888559,,,,,,,,,,,,,
2002.5,57.67616417,44.07340274,10,19.17124593,,,,,,,,,,,,,
2003,58.20462606,43.79403515,10,19.15342699,,,,,,,,,,,,,
2003.5,56.12186449,42.87974122,10,19.13542921,,,,,,,,,,,,,
2004,57.39639023,43.54006461,10,19.11725304,,,,,,,,,,,,,
2004.5,56.96118632,44.1495939,10,19.09889895,,,,,,,,,,,,,
2005,57.45856221,43.56546167,10,19.08036738,,,,,,,,,,,,,
2005.5,57.39639023,43.79403515,10,19.06165881,,,,,,,,,,,,,
2006,57.67616417,43.71784399,10,19.04277369,,,,,,,,,,,,,
2006.5,58.32897003,43.69244693,10,19.0237125,,,,,,,,,,,,,
2007,58.0181101,44.1495939,10,19.00447573,,,,,,,,,,,,,
2007.5,57.64507817,43.1083147,10,18.98506384,,,,,,,,,,,,,
2008,56.96118632,43.54006461,10,18.96547732,,,,,,,,,,,,,
2008.5,57.61399218,43.69244693,10,18.94571667,,,,,,,,,,,,,
2009,57.83159413,43.76863809,10,18.92578237,,,,,,,,,,,,,
2009.5,57.39639023,43.59085872,10,18.90567493,,,,,,,,,,,,,
2010,57.67616417,43.54006461,10,18.88539485,,,,,,,,,,,,,
2010.5,57.39639023,43.56546167,10,18.86494264,,,,,,,,,,,,,
2011,57.0544443,43.54006461,10,18.8443188,,,,,,,,,,,,,
2011.5,57.5207342,43.54006461,10,18.82352385,,,,,,,,,,,,,
2012,58.51548599,44.04800568,10,18.80255832,,,,,,,,,,,,,
2012.5,58.79525993,44.40356443,10,18.78142272,,,,,,,,,,,,,
2013,58.60874397,44.02260863,10,18.76011759,,,,,,,,,,,,,
2013.5,58.88851791,44.40356443,10,18.73864345,,,,,,,,,,,,,
2014,57.67616417,43.56546167,10,18.71700085,,,,,,,,,,,,,
2014.5,57.80050814,43.8194322,10,18.69519033,,,,,,,,,,,,,
2015,57.36530423,43.20990292,10,18.67321242,,,,,,,,,,,,,
2015.5,58.23571205,43.8194322,10,18.65106769,,,,,,,,,,,,,
2016,57.89376612,43.51466756,10,18.62875667,,,,,,,,,,,,,
2016.5,58.04919609,43.76863809,10,18.60627994,,,,,,,,,,,,,
2017,57.61399218,43.76863809,10,18.58363806,,,,,,,,,,,,,
2017.5,57.67616417,43.76863809,10,18.56083158,,,,,,,,,,,,,
2018,58.04919609,43.76863809,10,18.53786108,,,,,,,,,,,,,
2018.5,58.91960391,44.07340274,10,18.51472714,,,,,,,,,,,,,
2019,57.67616417,43.4384764,10,18.49143033,,,,,,,,,,,,,
2019.5,57.89376612,43.8194322,10,18.46797123,,,,,,,,,,,,,
2020,58.79525993,43.89562336,10,18.44435043,,,,,,,,,,,,,
2020.5,57.39639023,44.47975559,10,18.42056853,,,,,,,,,,,,,
2021,57.67616417,43.41307935,10,18.39662611,,,,,,,,,,,,,
2021.5,58.04919609,43.89562336,10,18.37252378,,,,,,,,,,,,,
2022,57.95593811,43.79403515,10,18.34826213,,,,,,,,,,,,,
2022.5,57.36530423,43.08291765,10,18.32384178,,,,,,,,,,,,,
2023,58.20462606,44.65753497,10,18.29926333,,,,,,,,,,,,,
2023.5,58.73308795,43.56546167,10,18.2745274,,,,,,,,,,,,,
2024,58.04919609,43.00672649,10,18.24963461,,,,,,,,,,,,,
2024.5,58.32897003,43.8194322,10,18.22458558,,,,,,,,,,,,,
2025,57.95593811,43.59085872,10,18.19938093,,,,,,,,,,,,,
2025.5,58.0181101,43.76863809,10,18.1740213,,,,,,,,,,,,,
2026,58.20462606,43.66704988,10,18.14850731,,,,,,,,,,,,,
2026.5,58.23571205,43.59085872,10,18.12283962,,,,,,,,,,,,,
2027,58.14245407,43.51466756,10,18.09701886,,,,,,,,,,,,,
2027.5,57.61399218,43.1083147,10,18.07104567,,,,,,,,,,,,,
2028,58.57765798,44.04800568,10,18.0449207,,,,,,,,,,,,,
2028.5,58.23571205,43.51466756,10,18.01864461,,,,,,,,,,,,,
2029,59.8832697,44.73372613,10,17.99221806,,,,,,,,,,,,,
2029.5,58.51548599,43.89562336,10,17.9656417,,,,,,,,,,,,,
2030,58.36005602,43.69244693,10,17.9389162,,,,,,,,,,,,,
2030.5,58.76417394,44.68293202,10,17.91204222,,,,,,,,,,,,,
2031,59.19937785,44.12419684,10,17.88502045,,,,,,,,,,,,,
2031.5,58.32897003,43.46387345,10,17.85785155,,,,,,,,,,,,,
2032,58.39114202,42.98132944,10,17.83053621,,,,,,,,,,,,,
2032.5,58.76417394,43.76863809,10,17.8030751,,,,,,,,,,,,,
2033,58.4844,43.71784399,10,17.77546892,,,,,,,,,,,,,
2033.5,57.67616417,42.87974122,10,17.74771834,,,,,,,,,,,,,
2034,58.76417394,43.18450586,10,17.71982408,,,,,,,,,,,,,
2034.5,59.4480658,44.07340274,10,17.69178682,,,,,,,,,,,,,
2035,58.39114202,43.54006461,10,17.66360727,,,,,,,,,,,,,
2035.5,58.76417394,43.97181452,10,17.63528613,,,,,,,,,,,,,
2036,58.32897003,43.79403515,10,17.6068241,,,,,,,,,,,,,
2036.5,58.73308795,44.07340274,10,17.57822191,,,,,,,,,,,,,
2037,57.5207342,43.51466756,10,17.54948026,,,,,,,,,,,,,
2037.5,58.08028208,43.97181452,10,17.52059987,,,,,,,,,,,,,
2038,58.36005602,44.04800568,10,17.49158147,,,,,,,,,,,,,
2038.5,58.85743192,43.97181452,10,17.46242578,,,,,,,,,,,,,
2039,58.20462606,43.89562336,10,17.43313352,,,,,,,,,,,,,
2039.5,58.79525993,43.89562336,10,17.40370544,,,,,,,,,,,,,
2040,58.79525993,43.89562336,10,17.37414227,,,,,,,,,,,,,
2040.5,58.67091596,43.79403515,10,17.34444475,,,,,,,,,,,,,
2041,58.04919609,43.41307935,10,17.31461361,,,,,,,,,,,,,
2041.5,59.04394788,44.04800568,10,17.28464961,,,,,,,,,,,,,
2042,59.35480782,43.18450586,10,17.25455349,,,,,,,,,,,,,
2042.5,58.76417394,44.1495939,10,17.22432601,,,,,,,,,,,,,
2043,58.67091596,44.22578506,10,17.19396792,,,,,,,,,,,,,
2043.5,59.01286189,43.79403515,10,17.16347999,,,,,,,,,,,,,
2044,58.20462606,43.00672649,10,17.13286296,,,,,,,,,,,,,
2044.5,58.91960391,43.89562336,10,17.10211762,,,,,,,,,,,,,
2045,58.79525993,43.92102042,10,17.07124472,,,,,,,,,,,,,
2045.5,58.76417394,44.04800568,10,17.04024504,,,,,,,,,,,,,
2046,59.9143557,44.47975559,10,17.00911936,,,,,,,,,,,,,
2046.5,58.88851791,43.69244693,10,16.97786844,,,,,,,,,,,,,
2047,58.85743192,44.07340274,10,16.94649308,,,,,,,,,,,,,
2047.5,58.88851791,43.92102042,10,16.91499406,,,,,,,,,,,,,
2048,59.29263583,44.12419684,10,16.88337217,,,,,,,,,,,,,
2048.5,60.19412964,44.50515265,10,16.85162819,,,,,,,,,,,,,
2049,58.08028208,43.36228524,10,16.81976292,,,,,,,,,,,,,
2049.5,58.91960391,44.02260863,10,16.78777715,,,,,,,,,,,,,
2050,59.29263583,43.92102042,10,16.75567169,,,,,,,,,,,,,
2050.5,59.29263583,44.12419684,10,16.72344734,,,,,,,,,,,,,
2051,58.98177589,43.89562336,10,16.69110491,,,,,,,,,,,,,
2051.5,59.10611987,43.92102042,10,16.6586452,,,,,,,,,,,,,
2052,58.67091596,44.32737327,10,16.62606902,,,,,,,,,,,,,
2052.5,59.4480658,44.83531434,10,16.59337719,,,,,,,,,,,,,
2053,58.20462606,44.75912318,10,16.56057052,,,,,,,,,,,,,
2053.5,59.57240977,44.04800568,10,16.52764984,,,,,,,,,,,,,
2054,59.47915179,43.71784399,10,16.49461597,,,,,,,,,,,,,
2054.5,58.23571205,43.18450586,10,16.46146974,,,,,,,,,,,,,
2055,59.32372182,44.02260863,10,16.42821197,,,,,,,,,,,,,
2055.5,60.16304365,44.1495939,10,16.39484349,,,,,,,,,,,,,
2056,59.69675374,43.76863809,10,16.36136514,,,,,,,,,,,,,
2056.5,59.60349576,44.04800568,10,16.32777776,,,,,,,,,,,,,
2057,59.4480658,43.97181452,10,16.29408219,,,,,,,,,,,,,
2057.5,59.57240977,43.92102042,10,16.26027926,,,,,,,,,,,,,
2058,59.47915179,44.12419684,10,16.22636983,,,,,,,,,,,,,
2058.5,59.23046384,44.04800568,10,16.19235473,,,,,,,,,,,,,
2059,59.19937785,43.8194322,10,16.15823483,,,,,,,,,,,,,
2059.5,59.47915179,43.92102042,10,16.12401097,,,,,,,,,,,,,
2060,59.4480658,43.20990292,10,16.08968402,,,,,,,,,,,,,
2060.5,58.98177589,43.76863809,10,16.05525482,,,,,,,,,,,,,
2061,59.35480782,43.79403515,10,16.02072424,,,,,,,,,,,,,
2061.5,59.60349576,44.07340274,10,15.98609314,,,,,,,,,,,,,
2062,59.4480658,44.1495939,10,15.95136239,,,,,,,,,,,,,
2062.5,59.75892573,43.69244693,10,15.91653285,,,,,,,,,,,,,
2063,59.57240977,43.79403515,10,15.88160541,,,,,,,,,,,,,
2063.5,59.63458176,44.12419684,10,15.84658092,,,,,,,,,,,,,
2064,59.47915179,43.97181452,10,15.81146027,,,,,,,,,,,,,
2064.5,59.72783974,43.89562336,10,15.77624433,,,,,,,,,,,,,
2065,59.47915179,44.17499095,10,15.74093399,,,,,,,,,,,,,
2065.5,59.35480782,45.03849077,10,15.70553012,,,,,,,,,,,,,
2066,58.76417394,43.23529997,10,15.67003361,,,,,,,,,,,,,
2066.5,60.25630163,44.40356443,10,15.63444536,,,,,,,,,,,,,
2067,60.72259153,44.37816738,10,15.59876624,,,,,,,,,,,,,
2067.5,60.00761368,44.93690256,10,15.56299716,,,,,,,,,,,,,
2068,59.75892573,43.46387345,10,15.527139,,,,,,,,,,,,,
2068.5,59.9143557,43.76863809,10,15.49119266,,,,,,,,,,,,,
2069,59.60349576,43.89562336,10,15.45515904,,,,,,,,,,,,,
2069.5,60.75367752,44.60674086,10,15.41903904,,,,,,,,,,,,,
2070,59.9143557,43.51466756,10,15.38283357,,,,,,,,,,,,,
2070.5,60.3806456,43.79403515,10,15.34654353,,,,,,,,,,,,,
2071,58.91960391,43.56546167,10,15.31016982,,,,,,,,,,,,,
2071.5,59.57240977,43.41307935,10,15.27371336,,,,,,,,,,,,,
2072,59.79001172,44.04800568,10,15.23717505,,,,,,,,,,,,,
2072.5,59.75892573,44.12419684,10,15.20055582,,,,,,,,,,,,,
2073,59.35480782,44.5305497,10,15.16385657,,,,,,,,,,,,,
2073.5,60.06978567,44.1495939,10,15.12707823,,,,,,,,,,,,,
2074,59.60349576,43.0575206,10,15.09022171,,,,,,,,,,,,,
2074.5,60.19412964,44.22578506,10,15.05328794,,,,,,,,,,,,,
2075,60.03869967,43.92102042,10,15.01627783,,,,,,,,,,,,,
2075.5,60.19412964,43.76863809,10,14.97919232,,,,,,,,,,,,,
2076,59.9143557,44.04800568,10,14.94203232,,,,,,,,,,,,,
2076.5,60.75367752,44.75912318,10,14.90479878,,,,,,,,,,,,,
2077,60.16304365,44.12419684,10,14.86749261,,,,,,,,,,,,,
2077.5,59.4480658,43.97181452,10,14.83011476,,,,,,,,,,,,,
2078,60.13195765,43.97181452,10,14.79266616,,,,,,,,,,,,,
2078.5,60.03869967,44.5305497,10,14.75514774,,,,,,,,,,,,,
2079,63.11621303,44.07340274,10,14.71756044,,,,,,,,,,,,,
2079.5,60.25630163,43.59085872,10,14.6799052,,,,,,,,,,,,,
2080,60.16304365,44.1495939,10,14.64218297,,,,,,,,,,,,,
2080.5,60.47390358,44.12419684,10,14.60439468,,,,,,,,,,,,,
2081,60.13195765,44.07340274,10,14.56654128,,,,,,,,,,,,,
2081.5,59.29263583,45.03849077,10,14.52862371,,,,,,,,,,,,,
2082,61.3443114,44.42896149,10,14.49064294,,,,,,,,,,,,,
2082.5,59.75892573,43.8194322,10,14.45259989,,,,,,,,,,,,,
2083,60.19412964,44.04800568,10,14.41449553,,,,,,,,,,,,,
2083.5,60.00761368,43.18450586,10,14.37633081,,,,,,,,,,,,,
2084,61.00236547,43.54006461,10,14.33810668,,,,,,,,,,,,,
2084.5,61.40648339,44.32737327,10,14.2998241,,,,,,,,,,,,,
2085,60.16304365,43.08291765,10,14.26148402,,,,,,,,,,,,,
2085.5,59.4480658,43.20990292,10,14.22308741,,,,,,,,,,,,,
2086,60.8780215,43.54006461,10,14.18463521,,,,,,,,,,,,,
2086.5,60.28738762,43.59085872,10,14.14612841,,,,,,,,,,,,,
2087,60.50498957,43.54006461,10,14.10756795,,,,,,,,,,,,,
2087.5,60.31847361,43.79403515,10,14.0689548,,,,,,,,,,,,,
2088,60.25630163,43.97181452,10,14.03028992,,,,,,,,,,,,,
2088.5,60.3806456,44.12419684,10,13.99157429,,,,,,,,,,,,,
2089,60.50498957,43.56546167,10,13.95280887,,,,,,,,,,,,,
2089.5,60.69150553,44.1495939,10,13.91399463,,,,,,,,,,,,,
2090,60.69150553,44.93690256,10,13.87513254,,,,,,,,,,,,,
2090.5,60.47390358,44.1495939,10,13.83622358,,,,,,,,,,,,,
2091,60.62933355,44.1495939,10,13.7972687,,,,,,,,,,,,,
2091.5,60.50498957,44.17499095,10,13.7582689,,,,,,,,,,,,,
2092,59.9143557,43.59085872,10,13.71922514,,,,,,,,,,,,,
2092.5,60.19412964,44.47975559,10,13.68013839,,,,,,,,,,,,,
2093,60.00761368,43.8194322,10,13.64100965,,,,,,,,,,,,,
2093.5,61.03345146,44.1495939,10,13.60183988,,,,,,,,,,,,,
2094,60.50498957,43.71784399,10,13.56263006,,,,,,,,,,,,,
2094.5,59.63458176,43.36228524,10,13.52338118,,,,,,,,,,,,,
2095,60.8780215,43.54006461,10,13.48409421,,,,,,,,,,,,,
2095.5,60.03869967,43.69244693,10,13.44477014,,,,,,,,,,,,,
2096,60.75367752,44.1495939,10,13.40540995,,,,,,,,,,,,,
2096.5,60.72259153,44.1495939,10,13.36601463,,,,,,,,,,,,,
2097,60.75367752,44.1495939,10,13.32658516,,,,,,,,,,,,,
2097.5,61.15779544,44.25118211,10,13.28712252,,,,,,,,,,,,,
2098,60.69150553,44.1495939,10,13.2476277,,,,,,,,,,,,,
2098.5,60.28738762,44.68293202,10,13.2081017,,,,,,,,,,,,,
2099,61.03345146,45.31785836,10,13.16854549,,,,,,,,,,,,,
2099.5,60.59824755,44.22578506,10,13.12896006,,,,,,,,,,,,,
2100,60.90910749,44.22578506,10,13.08934642,,,,,,,,,,,,,
2100.5,60.19412964,43.97181452,10,13.04970554,,,,,,,,,,,,,
2101,60.8780215,44.30197622,10,13.01003841,,,,,,,,,,,,,
2101.5,60.62933355,44.25118211,10,12.97034604,,,,,,,,,,,,,
2102,60.50498957,44.1495939,10,12.93062941,,,,,,,,,,,,,
2102.5,61.40648339,43.69244693,10,12.89088951,,,,,,,,,,,,,
2103,60.69150553,43.56546167,10,12.85112734,,,,,,,,,,,,,
2103.5,60.25630163,44.12419684,10,12.81134389,,,,,,,,,,,,,
2104,60.81584951,44.1495939,10,12.77154016,,,,,,,,,,,,,
2104.5,60.97127948,44.25118211,10,12.73171714,,,,,,,,,,,,,
2105,60.81584951,44.17499095,10,12.69187582,,,,,,,,,,,,,
2105.5,60.16304365,42.98132944,10,12.65201721,,,,,,,,,,,,,
2106,61.56191335,44.30197622,10,12.6121423,,,,,,,,,,,,,
2106.5,61.71734332,44.60674086,10,12.57225209,,,,,,,,,,,,,
2107,61.87277329,44.93690256,10,12.53234757,,,,,,,,,,,,,
2107.5,61.59299935,45.2416672,10,12.49242974,,,,,,,,,,,,,
2108,61.71734332,44.75912318,10,12.4524996,,,,,,,,,,,,,
2108.5,60.81584951,44.40356443,10,12.41255815,,,,,,,,,,,,,
2109,60.16304365,43.51466756,10,12.37260638,,,,,,,,,,,,,
2109.5,60.8780215,44.1495939,10,12.3326453,,,,,,,,,,,,,
2110,60.13195765,43.8194322,10,12.2926759,,,,,,,,,,,,,
2110.5,59.75892573,43.69244693,10,12.25269919,,,,,,,,,,,,,
2111,62.15254723,45.31785836,10,12.21271616,,,,,,,,,,,,,
2111.5,60.8780215,44.47975559,10,12.17272781,,,,,,,,,,,,,
2112,59.79001172,44.1495939,10,12.13273514,,,,,,,,,,,,,
2112.5,60.69150553,44.37816738,10,12.09273915,,,,,,,,,,,,,
2113,61.09562345,44.1495939,10,12.05274085,,,,,,,,,,,,,
2113.5,61.03345146,44.5305497,10,12.01274122,,,,,,,,,,,,,
2114,61.71734332,45.19087309,10,11.97274128,,,,,,,,,,,,,
2114.5,60.19412964,44.25118211,10,11.93274202,,,,,,,,,,,,,
2115,60.8780215,44.40356443,10,11.89274444,,,,,,,,,,,,,
2115.5,60.44281759,44.40356443,10,11.85274954,,,,,,,,,,,,,
2116,60.19412964,44.40356443,10,11.81275833,,,,,,,,,,,,,
2116.5,60.8780215,44.68293202,10,11.77277179,,,,,,,,,,,,,
2117,61.71734332,45.34325541,10,11.73279094,,,,,,,,,,,,,
2117.5,61.12670944,44.65753497,10,11.69281676,,,,,,,,,,,,,
2118,61.18888143,44.1495939,10,11.65285027,,,,,,,,,,,,,
2118.5,60.62933355,44.47975559,10,11.61289245,,,,,,,,,,,,,
2119,60.19412964,44.50515265,10,11.57294431,,,,,,,,,,,,,
2119.5,60.97127948,44.50515265,10,11.53300685,,,,,,,,,,,,,
2120,60.47390358,44.25118211,10,11.49308107,,,,,,,,,,,,,
2120.5,60.19412964,44.1495939,10,11.45316795,,,,,,,,,,,,,
2121,61.3443114,44.88610845,10,11.41326851,,,,,,,,,,,,,
2121.5,61.18888143,44.04800568,10,11.37338373,,,,,,,,,,,,,
2122,60.8780215,44.73372613,10,11.33351462,,,,,,,,,,,,,
2122.5,60.81584951,44.93690256,10,11.29366217,,,,,,,,,,,,,
2123,60.97127948,44.68293202,10,11.25382739,,,,,,,,,,,,,
2123.5,60.62933355,44.68293202,10,11.21401125,,,,,,,,,,,,,
2124,60.81584951,44.40356443,10,11.17421476,,,,,,,,,,,,,
2124.5,61.00236547,44.68293202,10,11.13443892,,,,,,,,,,,,,
2125,61.8106013,44.88610845,10,11.09468472,,,,,,,,,,,,,
2125.5,60.97127948,44.1495939,10,11.05495315,,,,,,,,,,,,,
2126,61.03345146,45.21627014,10,11.01524521,,,,,,,,,,,,,
2126.5,60.81584951,44.68293202,10,10.97556189,,,,,,,,,,,,,
2127,60.44281759,43.97181452,10,10.93590417,,,,,,,,,,,,,
2127.5,61.87277329,45.31785836,10,10.89627306,,,,,,,,,,,,,
2128,60.69150553,44.40356443,10,10.85666954,,,,,,,,,,,,,
2128.5,60.31847361,44.75912318,10,10.81709461,,,,,,,,,,,,,
2129,59.75892573,44.17499095,10,10.77754925,,,,,,,,,,,,,
2129.5,59.35480782,44.30197622,10,10.73803445,,,,,,,,,,,,,
2130,60.69150553,44.07340274,10,10.6985512,,,,,,,,,,,,,
2130.5,60.81584951,44.83531434,10,10.65910048,,,,,,,,,,,,,
2131,60.75367752,44.60674086,10,10.61968329,,,,,,,,,,,,,
2131.5,60.75367752,44.93690256,10,10.5803006,,,,,,,,,,,,,
2132,60.75367752,44.68293202,10,10.54095341,,,,,,,,,,,,,
2132.5,60.8780215,44.78452023,10,10.50164269,,,,,,,,,,,,,
2133,60.8780215,44.75912318,10,10.46236943,,,,,,,,,,,,,
2133.5,60.69150553,44.93690256,10,10.42313462,,,,,,,,,,,,,
2134,59.75892573,44.32737327,10,10.38393922,,,,,,,,,,,,,
2134.5,60.31847361,44.88610845,10,10.34478423,,,,,,,,,,,,,
2135,60.03869967,45.49563773,10,10.30567061,,,,,,,,,,,,,
2135.5,61.12670944,44.98769666,10,10.26659936,,,,,,,,,,,,,
2136,60.16304365,44.78452023,10,10.22757144,,,,,,,,,,,,,
2136.5,60.81584951,44.83531434,10,10.18858783,,,,,,,,,,,,,
2137,61.18888143,45.11468193,10,10.1496495,,,,,,,,,,,,,
2137.5,61.40648339,45.11468193,10,10.11075743,,,,,,,,,,,,,
2138,60.47390358,44.88610845,10,10.0719126,,,,,,,,,,,,,
2138.5,60.16304365,45.54643184,10,10.03311597,,,,,,,,,,,,,
2139,60.3806456,44.83531434,10,9.994368504,,,,,,,,,,,,,
2139.5,61.84168729,44.68293202,10,9.955671184,,,,,,,,,,,,,
2140,60.50498957,44.75912318,10,9.917024971,,,,,,,,,,,,,
2140.5,60.50498957,44.75912318,10,9.878430833,,,,,,,,,,,,,
2141,60.31847361,44.75912318,10,9.839889734,,,,,,,,,,,,,
2141.5,60.31847361,44.83531434,10,9.801402637,,,,,,,,,,,,,
2142,59.57240977,44.50515265,10,9.762970506,,,,,,,,,,,,,
2142.5,60.69150553,44.78452023,10,9.7245943,,,,,,,,,,,,,
2143,60.50498957,44.50515265,10,9.686274979,,,,,,,,,,,,,
2143.5,60.50498957,44.93690256,10,9.648013501,,,,,,,,,,,,,
2144,61.00236547,46.25754934,10,9.609810822,,,,,,,,,,,,,
2144.5,60.31847361,45.11468193,10,9.571667898,,,,,,,,,,,,,
2145,60.31847361,44.93690256,10,9.533585683,,,,,,,,,,,,,
2145.5,60.44281759,45.08928488,10,9.495565127,,,,,,,,,,,,,
2146,59.60349576,45.39404952,10,9.457607182,,,,,,,,,,,,,
2146.5,61.00236547,44.40356443,10,9.419712797,,,,,,,,,,,,,
2147,60.47390358,45.11468193,10,9.381882919,,,,,,,,,,,,,
2147.5,60.28738762,45.14007898,10,9.344118494,,,,,,,,,,,,,
2148,60.31847361,45.08928488,10,9.306420466,,,,,,,,,,,,,
2148.5,60.31847361,44.68293202,10,9.268789777,,,,,,,,,,,,,
2149,61.40648339,45.31785836,10,9.231227368,,,,,,,,,,,,,
2149.5,60.8780215,45.03849077,10,9.193734178,,,,,,,,,,,,,
2150,60.25630163,45.19087309,10,9.156311145,,,,,,,,,,,,,
2150.5,60.31847361,45.2416672,10,9.118959204,,,,,,,,,,,,,
2151,60.19412964,45.08928488,10,9.081679289,,,,,,,,,,,,,
2151.5,60.19412964,44.78452023,10,9.044472332,,,,,,,,,,,,,
2152,59.9143557,46.10516702,10,9.007339262,,,,,,,,,,,,,
2152.5,60.19412964,45.31785836,10,8.970281009,,,,,,,,,,,,,
2153,61.65517133,45.69881416,10,8.933298499,,,,,,,,,,,,,
2153.5,59.79001172,44.25118211,10,8.896392656,,,,,,,,,,,,,
2154,60.19412964,45.21627014,10,8.859564404,,,,,,,,,,,,,
2154.5,60.69150553,45.36865246,10,8.822814662,,,,,,,,,,,,,
2155,61.00236547,45.31785836,10,8.786144349,,,,,,,,,,,,,
2155.5,60.19412964,45.14007898,10,8.749554383,,,,,,,,,,,,,
2156,61.03345146,45.2416672,10,8.713045677,,,,,,,,,,,,,
2156.5,61.03345146,45.34325541,10,8.676619146,,,,,,,,,,,,,
2157,60.13195765,45.34325541,10,8.640275699,,,,,,,,,,,,,
2157.5,60.06978567,45.39404952,10,8.604016244,,,,,,,,,,,,,
2158,59.4480658,45.21627014,10,8.567841689,,,,,,,,,,,,,
2158.5,60.16304365,45.11468193,10,8.531752938,,,,,,,,,,,,,
2159,60.25630163,46.28294639,10,8.495750893,,,,,,,,,,,,,
2159.5,60.00761368,45.34325541,10,8.459836454,,,,,,,,,,,,,
2160,60.47390358,45.36865246,10,8.424010518,,,,,,,,,,,,,
2160.5,60.69150553,45.80040237,10,8.388273983,,,,,,,,,,,,,
2161,60.06978567,45.19087309,10,8.35262774,,,,,,,,,,,,,
2161.5,60.13195765,45.31785836,10,8.317072681,,,,,,,,,,,,,
2162,60.13195765,45.31785836,10,8.281609696,,,,,,,,,,,,,
2162.5,60.00761368,45.2416672,10,8.24623967,,,,,,,,,,,,,
2163,60.00761368,45.34325541,10,8.210963487,,,,,,,,,,,,,
2163.5,59.63458176,45.34325541,10,8.175782031,,,,,,,,,,,,,
2164,60.06978567,45.31785836,10,8.14069618,,,,,,,,,,,,,
2164.5,59.57240977,45.59722595,10,8.105706811,,,,,,,,,,,,,
2165,59.04394788,44.98769666,10,8.070814799,,,,,,,,,,,,,
2165.5,59.60349576,44.47975559,10,8.036021017,,,,,,,,,,,,,
2166,60.16304365,45.34325541,10,8.001326334,,,,,,,,,,,,,
2166.5,59.29263583,45.34325541,10,7.966731617,,,,,,,,,,,,,
2167,60.50498957,45.34325541,10,7.932237732,,,,,,,,,,,,,
2167.5,60.62933355,45.39404952,10,7.897845541,,,,,,,,,,,,,
2168,59.63458176,45.19087309,10,7.863555904,,,,,,,,,,,,,
2168.5,60.25630163,45.21627014,10,7.829369677,,,,,,,,,,,,,
2169,59.72783974,45.54643184,10,7.795287716,,,,,,,,,,,,,
2169.5,60.00761368,45.31785836,10,7.761310873,,,,,,,,,,,,,
2170,59.75892573,45.54643184,10,7.727439996,,,,,,,,,,,,,
2170.5,59.79001172,45.03849077,10,7.693675934,,,,,,,,,,,,,
2171,59.35480782,45.31785836,10,7.660019529,,,,,,,,,,,,,
2171.5,58.57765798,44.75912318,10,7.626471623,,,,,,,,,,,,,
2172,60.19412964,46.3337405,10,7.593033056,,,,,,,,,,,,,
2172.5,59.29263583,46.10516702,10,7.559704662,,,,,,,,,,,,,
2173,59.8832697,45.54643184,10,7.526487276,,,,,,,,,,,,,
2173.5,60.69150553,46.43532871,10,7.493381727,,,,,,,,,,,,,
2174,59.8832697,46.43532871,10,7.460388844,,,,,,,,,,,,,
2174.5,59.4169798,45.80040237,10,7.42750945,,,,,,,,,,,,,
2175,59.79001172,45.2416672,10,7.394744369,,,,,,,,,,,,,
2175.5,59.63458176,45.54643184,10,7.362094418,,,,,,,,,,,,,
2176,59.60349576,45.39404952,10,7.329560415,,,,,,,,,,,,,
2176.5,59.63458176,46.20675523,10,7.297143173,,,,,,,,,,,,,
2177,59.29263583,45.34325541,10,7.264843502,,,,,,,,,,,,,
2177.5,59.57240977,45.82579943,10,7.23266221,,,,,,,,,,,,,
2178,59.4480658,45.39404952,10,7.2006001,,,,,,,,,,,,,
2178.5,59.29263583,45.39404952,10,7.168657976,,,,,,,,,,,,,
2179,58.79525993,44.25118211,10,7.136836635,,,,,,,,,,,,,
2179.5,59.32372182,45.31785836,10,7.105136872,,,,,,,,,,,,,
2180,59.10611987,44.83531434,10,7.073559481,,,,,,,,,,,,,
2180.5,60.19412964,45.54643184,10,7.042105251,,,,,,,,,,,,,
2181,58.85743192,45.11468193,10,7.010774968,,,,,,,,,,,,,
2181.5,59.23046384,45.92738764,10,6.979569415,,,,,,,,,,,,,
2182,59.29263583,46.25754934,10,6.948489373,,,,,,,,,,,,,
2182.5,59.60349576,46.25754934,10,6.917535618,,,,,,,,,,,,,
2183,59.19937785,45.67341711,10,6.886708925,,,,,,,,,,,,,
2183.5,59.29263583,45.36865246,10,6.856010064,,,,,,,,,,,,,
2184,60.19412964,45.31785836,10,6.825439802,,,,,,,,,,,,,
2184.5,59.47915179,45.69881416,10,6.794998903,,,,,,,,,,,,,
2185,59.19937785,45.2416672,10,6.76468813,,,,,,,,,,,,,
2185.5,59.35480782,45.39404952,10,6.734508239,,,,,,,,,,,,,
2186,59.35480782,45.85119648,10,6.704459985,,,,,,,,,,,,,
2186.5,58.85743192,45.69881416,10,6.67454412,,,,,,,,,,,,,
2187,58.98177589,45.47024068,10,6.64476139,,,,,,,,,,,,,
2187.5,58.23571205,45.9527847,10,6.615112541,,,,,,,,,,,,,
2188,58.91960391,45.54643184,10,6.585598314,,,,,,,,,,,,,
2188.5,59.10611987,45.49563773,10,6.556219447,,,,,,,,,,,,,
2189,59.19937785,45.49563773,10,6.526976674,,,,,,,,,,,,,
2189.5,59.47915179,44.93690256,10,6.497870727,,,,,,,,,,,,,
2190,59.04394788,45.54643184,10,6.468902332,,,,,,,,,,,,,
2190.5,58.79525993,45.31785836,10,6.440072214,,,,,,,,,,,,,
2191,58.91960391,45.39404952,10,6.411381095,,,,,,,,,,,,,
2191.5,58.36005602,45.47024068,10,6.38282969,,,,,,,,,,,,,
2192,59.01286189,45.47024068,10,6.354418715,,,,,,,,,,,,,
2192.5,58.91960391,45.54643184,10,6.326148878,,,,,,,,,,,,,
2193,58.79525993,45.82579943,10,6.298020888,,,,,,,,,,,,,
2193.5,59.04394788,45.44484363,10,6.270035447,,,,,,,,,,,,,
2194,58.85743192,45.34325541,10,6.242193255,,,,,,,,,,,,,
2194.5,58.85743192,45.47024068,10,6.214495007,,,,,,,,,,,,,
2195,59.23046384,46.18135818,10,6.186941397,,,,,,,,,,,,,
2195.5,58.79525993,45.47024068,10,6.159533113,,,,,,,,,,,,,
2196,58.85743192,45.49563773,10,6.132270841,,,,,,,,,,,,,
2196.5,58.85743192,45.47024068,10,6.105155261,,,,,,,,,,,,,
2197,58.79525993,45.67341711,10,6.078187052,,,,,,,,,,,,,
2197.5,59.23046384,45.39404952,10,6.051366888,,,,,,,,,,,,,
2198,58.79525993,45.44484363,10,6.02469544,,,,,,,,,,,,,
2198.5,58.79525993,45.44484363,10,5.998173374,,,,,,,,,,,,,
2199,58.57765798,45.31785836,10,5.971801354,,,,,,,,,,,,,
2199.5,57.95593811,45.31785836,10,5.945580038,,,,,,,,,,,,,
2200,58.79525993,45.67341711,10,5.919510082,,,,,,,,,,,,,
2200.5,58.76417394,45.69881416,10,5.893592138,,,,,,,,,,,,,
2201,58.51548599,45.54643184,10,5.867826854,,,,,,,,,,,,,
2201.5,59.29263583,45.59722595,10,5.842214874,,,,,,,,,,,,,
2202,58.67091596,45.11468193,10,5.816756838,,,,,,,,,,,,,
2202.5,58.73308795,45.44484363,10,5.791453383,,,,,,,,,,,,,
2203,59.01286189,45.31785836,10,5.766305142,,,,,,,,,,,,,
2203.5,57.89376612,45.11468193,10,5.741312742,,,,,,,,,,,,,
2204,58.79525993,45.54643184,10,5.71647681,,,,,,,,,,,,,
2204.5,58.60874397,45.39404952,10,5.691797965,,,,,,,,,,,,,
2205,58.4844,44.98769666,10,5.667276824,,,,,,,,,,,,,
2205.5,57.45856221,44.98769666,10,5.642914002,,,,,,,,,,,,,
2206,58.39114202,45.2416672,10,5.618710106,,,,,,,,,,,,,
2206.5,58.60874397,45.90199059,10,5.594665743,,,,,,,,,,,,,
2207,58.51548599,44.65753497,10,5.570781512,,,,,,,,,,,,,
2207.5,58.76417394,45.34325541,10,5.547058011,,,,,,,,,,,,,
2208,58.4844,45.39404952,10,5.523495834,,,,,,,,,,,,,
2208.5,58.39114202,45.82579943,10,5.500095569,,,,,,,,,,,,,
2209,59.63458176,45.54643184,10,5.476857801,,,,,,,,,,,,,
2209.5,58.453314,45.31785836,10,5.453783111,,,,,,,,,,,,,
2210,58.0181101,45.9527847,10,5.430872077,,,,,,,,,,,,,
2210.5,58.32897003,45.31785836,10,5.40812527,,,,,,,,,,,,,
2211,58.51548599,45.08928488,10,5.38554326,,,,,,,,,,,,,
2211.5,58.08028208,45.19087309,10,5.363126611,,,,,,,,,,,,,
2212,58.32897003,45.31785836,10,5.340875884,,,,,,,,,,,,,
2212.5,58.23571205,45.2416672,10,5.318791634,,,,,,,,,,,,,
2213,58.79525993,44.58134381,10,5.296874414,,,,,,,,,,,,,
2213.5,58.85743192,45.90199059,10,5.275124772,,,,,,,,,,,,,
2214,58.32897003,45.34325541,10,5.253543251,,,,,,,,,,,,,
2214.5,58.14245407,45.31785836,10,5.232130391,,,,,,,,,,,,,
2215,58.51548599,45.85119648,10,5.210886728,,,,,,,,,,,,,
2215.5,58.23571205,45.34325541,10,5.189812793,,,,,,,,,,,,,
2216,58.14245407,45.49563773,10,5.168909111,,,,,,,,,,,,,
2216.5,57.95593811,45.21627014,10,5.148176207,,,,,,,,,,,,,
2217,58.14245407,45.31785836,10,5.127614597,,,,,,,,,,,,,
2217.5,58.04919609,44.83531434,10,5.107224798,,,,,,,,,,,,,
2218,58.39114202,45.57182889,10,5.087007317,,,,,,,,,,,,,
2218.5,57.11661628,44.68293202,10,5.06696266,,,,,,,,,,,,,
2219,57.67616417,45.01309372,10,5.047091329,,,,,,,,,,,,,
2219.5,57.17878827,44.58134381,10,5.027393821,,,,,,,,,,,,,
2220,57.5207342,44.25118211,10,5.007870627,,,,,,,,,,,,,
2220.5,57.61399218,44.78452023,10,4.988522236,,,,,,,,,,,,,
2221,57.39639023,45.08928488,10,4.969349132,,,,,,,,,,,,,
2221.5,57.89376612,45.2416672,10,4.950351793,,,,,,,,,,,,,
2222,58.04919609,44.65753497,10,4.931530696,,,,,,,,,,,,,
2222.5,58.08028208,45.59722595,10,4.91288631,,,,,,,,,,,,,
2223,57.39639023,43.8194322,10,4.894419101,,,,,,,,,,,,,
2223.5,57.80050814,45.31785836,10,4.876129531,,,,,,,,,,,,,
2224,58.14245407,45.11468193,10,4.858018058,,,,,,,,,,,,,
2224.5,57.92485211,45.49563773,10,4.840085134,,,,,,,,,,,,,
2225,57.64507817,45.67341711,10,4.822331208,,,,,,,,,,,,,
2225.5,57.17878827,45.03849077,10,4.804756723,,,,,,,,,,,,,
2226,57.89376612,45.44484363,10,4.787362118,,,,,,,,,,,,,
2226.5,58.73308795,45.47024068,10,4.770147829,,,,,,,,,,,,,
2227,57.92485211,45.31785836,10,4.753114286,,,,,,,,,,,,,
2227.5,57.61399218,45.31785836,10,4.736261915,,,,,,,,,,,,,
2228,58.14245407,46.07976996,10,4.719591137,,,,,,,,,,,,,
2228.5,57.58290619,44.50515265,10,4.703102369,,,,,,,,,,,,,
2229,57.39639023,45.08928488,10,4.686796022,,,,,,,,,,,,,
2229.5,58.36005602,45.19087309,10,4.670672506,,,,,,,,,,,,,
2230,57.5207342,44.98769666,10,4.654732222,,,,,,,,,,,,,
2230.5,57.17878827,44.04800568,10,4.63897557,,,,,,,,,,,,,
2231,57.95593811,44.17499095,10,4.623402943,,,,,,,,,,,,,
2231.5,57.48964821,44.86071139,10,4.60801473,,,,,,,,,,,,,
2232,57.45856221,44.86071139,10,4.592811317,,,,,,,,,,,,,
2232.5,56.68141238,44.73372613,10,4.577793083,,,,,,,,,,,,,
2233,57.24096026,44.93690256,10,4.562960404,,,,,,,,,,,,,
2233.5,56.80575635,44.58134381,10,4.54831365,,,,,,,,,,,,,
2234,56.74358436,45.80040237,10,4.533853188,,,,,,,,,,,,,
2234.5,57.39639023,45.03849077,10,4.51957938,,,,,,,,,,,,,
2235,57.64507817,45.49563773,10,4.505492581,,,,,,,,,,,,,
2235.5,57.17878827,44.65753497,10,4.491593145,,,,,,,,,,,,,
2236,58.76417394,45.80040237,10,4.477881419,,,,,,,,,,,,,
2236.5,57.45856221,44.04800568,10,4.464357745,,,,,,,,,,,,,
2237,58.39114202,45.31785836,10,4.451022462,,,,,,,,,,,,,
2237.5,57.45856221,44.32737327,10,4.437875902,,,,,,,,,,,,,
2238,58.0181101,45.03849077,10,4.424918396,,,,,,,,,,,,,
2238.5,57.36530423,44.78452023,10,4.412150266,,,,,,,,,,,,,
2239,57.33421824,44.5305497,10,4.399571832,,,,,,,,,,,,,
2239.5,57.24096026,44.58134381,10,4.387183409,,,,,,,,,,,,,
2240,57.17878827,44.25118211,10,4.374985305,,,,,,,,,,,,,
2240.5,57.45856221,45.74960827,10,4.362977827,,,,,,,,,,,,,
2241,57.39639023,44.73372613,10,4.351161273,,,,,,,,,,,,,
2241.5,56.21512247,44.07340274,10,4.33953594,,,,,,,,,,,,,
2242,58.60874397,45.21627014,10,4.328102119,,,,,,,,,,,,,
2242.5,57.36530423,44.83531434,10,4.316860094,,,,,,,,,,,,,
2243,57.08553029,43.59085872,10,4.305810148,,,,,,,,,,,,,
2243.5,57.11661628,44.68293202,10,4.294952555,,,,,,,,,,,,,
2244,57.36530423,44.5305497,10,4.284287589,,,,,,,,,,,,,
2244.5,57.17878827,43.89562336,10,4.273815515,,,,,,,,,,,,,
2245,58.67091596,45.2416672,10,4.263536595,,,,,,,,,,,,,
2245.5,56.74358436,44.65753497,10,4.253451087,,,,,,,,,,,,,
2246,57.08553029,44.60674086,10,4.243559241,,,,,,,,,,,,,
2246.5,56.80575635,44.75912318,10,4.233861307,,,,,,,,,,,,,
2247,56.12186449,43.76863809,10,4.224357525,,,,,,,,,,,,,
2247.5,57.45856221,44.5305497,10,4.215048134,,,,,,,,,,,,,
2248,57.45856221,45.54643184,10,4.205933367,,,,,,,,,,,,,
2248.5,57.17878827,44.37816738,10,4.19701345,,,,,,,,,,,,,
2249,56.99227231,44.68293202,10,4.188288608,,,,,,,,,,,,,
2249.5,56.77467036,44.68293202,10,4.179759059,,,,,,,,,,,,,
2250,57.11661628,44.5305497,10,4.171425015,,,,,,,,,,,,,
2250.5,56.96118632,44.25118211,10,4.163286685,,,,,,,,,,,,,
2251,56.80575635,44.40356443,10,4.155344272,,,,,,,,,,,,,
2251.5,58.0181101,45.34325541,10,4.147597975,,,,,,,,,,,,,
2252,56.93010032,45.08928488,10,4.140047988,,,,,,,,,,,,,
2252.5,56.80575635,44.50515265,10,4.1326945,,,,,,,,,,,,,
2253,56.96118632,44.50515265,10,4.125537693,,,,,,,,,,,,,
2253.5,56.93010032,43.69244693,10,4.118577748,,,,,,,,,,,,,
2254,56.68141238,44.40356443,10,4.111814838,,,,,,,,,,,,,
2254.5,56.61924039,45.21627014,10,4.105249132,,,,,,,,,,,,,
2255,56.18403648,44.25118211,10,4.098880794,,,,,,,,,,,,,
2255.5,56.80575635,44.30197622,10,4.092709984,,,,,,,,,,,,,
2256,56.96118632,44.40356443,10,4.086736856,,,,,,,,,,,,,
2256.5,56.68141238,44.60674086,10,4.080961559,,,,,,,,,,,,,
2257,56.99227231,43.54006461,10,4.075384238,,,,,,,,,,,,,
2257.5,56.0907785,43.71784399,10,4.070005032,,,,,,,,,,,,,
2258,57.67616417,44.83531434,10,4.064824075,,,,,,,,,,,,,
2258.5,56.77467036,44.1495939,10,4.059841497,,,,,,,,,,,,,
2259,56.93010032,44.04800568,10,4.055057422,,,,,,,,,,,,,
2259.5,56.80575635,44.22578506,10,4.050471971,,,,,,,,,,,,,
2260,57.45856221,44.86071139,10,4.046085257,,,,,,,,,,,,,
2260.5,56.5570684,44.1495939,10,4.041897391,,,,,,,,,,,,,
2261,56.68141238,42.98132944,10,4.037908478,,,,,,,,,,,,,
2261.5,56.96118632,45.21627014,10,4.034118616,,,,,,,,,,,,,
2262,56.65032638,43.51466756,10,4.0305279,,,,,,,,,,,,,
2262.5,56.40163843,43.41307935,10,4.027136421,,,,,,,,,,,,,
2263,56.24620847,44.1495939,10,4.023944263,,,,,,,,,,,,,
2263.5,56.74358436,44.25118211,10,4.020951506,,,,,,,,,,,,,
2264,56.65032638,43.69244693,10,4.018158225,,,,,,,,,,,,,
2264.5,56.52598241,43.97181452,10,4.01556449,,,,,,,,,,,,,
2265,56.61924039,44.12419684,10,4.013170365,,,,,,,,,,,,,
2265.5,57.5207342,44.40356443,10,4.01097591,,,,,,,,,,,,,
2266,55.68666058,43.0575206,10,4.008981181,,,,,,,,,,,,,
2266.5,56.49489641,43.97181452,10,4.007186227,,,,,,,,,,,,,
2267,56.5570684,44.1495939,10,4.005591092,,,,,,,,,,,,,
2267.5,56.5570684,43.33688818,10,4.004195817,,,,,,,,,,,,,
2268,55.90426254,43.59085872,10,4.003000437,,,,,,,,,,,,,
2268.5,55.50014462,43.46387345,10,4.002004982,,,,,,,,,,,,,
2269,56.68141238,44.68293202,10,4.001209476,,,,,,,,,,,,,
2269.5,56.65032638,43.89562336,10,4.000613939,,,,,,,,,,,,,
2270,56.40163843,43.8194322,10,4.000218387,,,,,,,,,,,,,
2270.5,55.5934026,43.0575206,10,4.000022829,,,,,,,,,,,,,
2271,56.80575635,43.97181452,10,4.00002727,,,,,,,,,,,,,
2271.5,56.52598241,44.12419684,10,4.000231709,,,,,,,,,,,,,
2272,55.93534853,42.75275595,10,4.000636143,,,,,,,,,,,,,
2272.5,56.27729446,44.04800568,10,4.00124056,,,,,,,,,,,,,
2273,56.49489641,43.97181452,10,4.002044946,,,,,,,,,,,,,
2273.5,56.40163843,43.46387345,10,4.00304928,,,,,,,,,,,,,
2274,56.52598241,44.1495939,10,4.004253537,,,,,,,,,,,,,
2274.5,56.37055244,43.56546167,10,4.005657688,,,,,,,,,,,,,
2275,56.37055244,43.76863809,10,4.007261697,,,,,,,,,,,,,
2275.5,56.99227231,44.98769666,10,4.009065524,,,,,,,,,,,,,
2276,56.21512247,43.59085872,10,4.011069124,,,,,,,,,,,,,
2276.5,55.5934026,43.20990292,10,4.013272447,,,,,,,,,,,,,
2277,56.40163843,43.8194322,10,4.015675437,,,,,,,,,,,,,
2277.5,56.65032638,45.11468193,10,4.018278036,,,,,,,,,,,,,
2278,55.25145668,43.54006461,10,4.021080176,,,,,,,,,,,,,
2278.5,55.81100456,43.76863809,10,4.02408179,,,,,,,,,,,,,
2279,56.93010032,44.07340274,10,4.027282801,,,,,,,,,,,,,
2279.5,55.37580065,43.54006461,10,4.030683129,,,,,,,,,,,,,
2280,56.68141238,44.65753497,10,4.03428269,,,,,,,,,,,,,
2280.5,56.37055244,43.79403515,10,4.038081394,,,,,,,,,,,,,
2281,56.21512247,43.89562336,10,4.042079145,,,,,,,,,,,,,
2281.5,56.24620847,43.97181452,10,4.046275844,,,,,,,,,,,,,
2282,56.24620847,44.04800568,10,4.050671385,,,,,,,,,,,,,
2282.5,55.84209055,43.8194322,10,4.055265659,,,,,,,,,,,,,
2283,56.0907785,43.76863809,10,4.060058551,,,,,,,,,,,,,
2283.5,56.27729446,42.82894711,10,4.065049942,,,,,,,,,,,,,
2284,56.05969251,43.59085872,10,4.070239705,,,,,,,,,,,,,
2284.5,55.96643453,43.0575206,10,4.075627712,,,,,,,,,,,,,
2285,56.74358436,43.0575206,10,4.081213828,,,,,,,,,,,,,
2285.5,56.0907785,43.56546167,10,4.086997914,,,,,,,,,,,,,
2286,55.93534853,43.76863809,10,4.092979824,,,,,,,,,,,,,
2286.5,56.0907785,43.54006461,10,4.099159409,,,,,,,,,,,,,
2287,56.21512247,43.56546167,10,4.105536514,,,,,,,,,,,,,
2287.5,55.96643453,43.00672649,10,4.112110981,,,,,,,,,,,,,
2288,55.71774658,43.56546167,10,4.118882645,,,,,,,,,,,,,
2288.5,55.77991856,42.82894711,10,4.125851336,,,,,,,,,,,,,
2289,55.50014462,43.54006461,10,4.13301688,,,,,,,,,,,,,
2289.5,56.40163843,43.59085872,10,4.140379099,,,,,,,,,,,,,
2290,55.96643453,44.1495939,10,4.147937808,,,,,,,,,,,,,
2290.5,55.53123062,43.54006461,10,4.155692818,,,,,,,,,,,,,
2291,55.96643453,43.69244693,10,4.163643935,,,,,,,,,,,,,
2291.5,56.05969251,43.54006461,10,4.17179096,,,,,,,,,,,,,
2292,55.96643453,43.59085872,10,4.180133691,,,,,,,,,,,,,
2292.5,55.06494071,43.00672649,10,4.188671918,,,,,,,,,,,,,
2293,55.15819869,43.79403515,10,4.197405427,,,,,,,,,,,,,
2293.5,55.37580065,43.0575206,10,4.206334001,,,,,,,,,,,,,
2294,55.77991856,43.00672649,10,4.215457416,,,,,,,,,,,,,
2294.5,55.96643453,43.56546167,10,4.224775445,,,,,,,,,,,,,
2295,55.06494071,43.46387345,10,4.234287853,,,,,,,,,,,,,
2295.5,55.96643453,43.41307935,10,4.243994404,,,,,,,,,,,,,
2296,55.96643453,43.18450586,10,4.253894855,,,,,,,,,,,,,
2296.5,56.05969251,43.46387345,10,4.263988958,,,,,,,,,,,,,
2297,57.67616417,43.36228524,10,4.274276461,,,,,,,,,,,,,
2297.5,54.78516677,44.1495939,10,4.284757106,,,,,,,,,,,,,
2298,55.00276873,43.33688818,10,4.295430633,,,,,,,,,,,,,
2298.5,55.93534853,43.66704988,10,4.306296773,,,,,,,,,,,,,
2299,55.90426254,43.18450586,10,4.317355255,,,,,,,,,,,,,
2299.5,54.97168273,43.18450586,10,4.328605803,,,,,,,,,,,,,
2300,55.40688664,43.8194322,10,4.340048135,,,,,,,,,,,,,
2300.5,56.61924039,44.12419684,10,4.351681966,,,,,,,,,,,,,
2301,55.96643453,43.56546167,10,4.363507004,,,,,,,,,,,,,
2301.5,55.84209055,43.33688818,10,4.375522954,,,,,,,,,,,,,
2302,55.50014462,43.54006461,10,4.387729516,,,,,,,,,,,,,
2302.5,55.81100456,43.66704988,10,4.400126384,,,,,,,,,,,,,
2303,56.93010032,44.1495939,10,4.412713249,,,,,,,,,,,,,
2303.5,55.77991856,43.36228524,10,4.425489795,,,,,,,,,,,,,
2304,55.96643453,43.41307935,10,4.438455704,,,,,,,,,,,,,
2304.5,55.77991856,43.18450586,10,4.451610651,,,,,,,,,,,,,
2305,55.84209055,43.41307935,10,4.464954307,,,,,,,,,,,,,
2305.5,55.00276873,43.33688818,10,4.478486339,,,,,,,,,,,,,
2306,55.5934026,43.41307935,10,4.492206409,,,,,,,,,,,,,
2306.5,55.34471466,42.95593238,10,4.506114173,,,,,,,,,,,,,
2307,56.33946645,44.04800568,10,4.520209283,,,,,,,,,,,,,
2307.5,56.68141238,43.54006461,10,4.534491388,,,,,,,,,,,,,
2308,57.08553029,43.89562336,10,4.548960131,,,,,,,,,,,,,
2308.5,55.90426254,43.33688818,10,4.563615149,,,,,,,,,,,,,
2309,55.34471466,42.52418247,10,4.578456076,,,,,,,,,,,,,
2309.5,55.90426254,43.1083147,10,4.593482541,,,,,,,,,,,,,
2310,55.93534853,43.23529997,10,4.608694169,,,,,,,,,,,,,
2310.5,55.84209055,43.41307935,10,4.62409058,,,,,,,,,,,,,
2311,55.50014462,43.36228524,10,4.639671387,,,,,,,,,,,,,
2311.5,55.96643453,43.1083147,10,4.655436203,,,,,,,,,,,,,
2312,55.77991856,43.20990292,10,4.671384632,,,,,,,,,,,,,
2312.5,55.5934026,43.1083147,10,4.687516276,,,,,,,,,,,,,
2313,55.06494071,42.37180015,10,4.703830732,,,,,,,,,,,,,
2313.5,55.25145668,42.70196185,10,4.720327592,,,,,,,,,,,,,
2314,55.50014462,43.23529997,10,4.737006443,,,,,,,,,,,,,
2314.5,55.68666058,43.1083147,10,4.753866868,,,,,,,,,,,,,
2315,55.5934026,43.54006461,10,4.770908447,,,,,,,,,,,,,
2315.5,55.53123062,43.18450586,10,4.788130752,,,,,,,,,,,,,
2316,55.77991856,43.18450586,10,4.805533354,,,,,,,,,,,,,
2316.5,55.50014462,43.18450586,10,4.823115817,,,,,,,,,,,,,
2317,54.62973681,42.95593238,10,4.840877702,,,,,,,,,,,,,
2317.5,55.25145668,42.47338837,10,4.858818565,,,,,,,,,,,,,
2318,54.78516677,43.00672649,10,4.876937956,,,,,,,,,,,,,
2318.5,55.65557459,43.00672649,10,4.895235424,,,,,,,,,,,,,
2319,56.0907785,43.0575206,10,4.913710511,,,,,,,,,,,,,
2319.5,55.40688664,43.0575206,10,4.932362754,,,,,,,,,,,,,
2320,55.50014462,43.0575206,10,4.951191688,,,,,,,,,,,,,
2320.5,55.68666058,43.1083147,10,4.970196842,,,,,,,,,,,,,
2321,55.50014462,43.23529997,10,4.989377741,,,,,,,,,,,,,
2321.5,55.34471466,42.98132944,10,5.008733905,,,,,,,,,,,,,
2322,56.61924039,44.04800568,10,5.02826485,,,,,,,,,,,,,
2322.5,55.5934026,44.1495939,10,5.047970088,,,,,,,,,,,,,
2323,54.6608228,42.3464031,10,5.067849126,,,,,,,,,,,,,
2323.5,55.34471466,44.1495939,10,5.087901468,,,,,,,,,,,,,
2324,55.40688664,42.7273589,10,5.108126612,,,,,,,,,,,,,
2324.5,56.65032638,43.18450586,10,5.128524053,,,,,,,,,,,,,
2325,56.27729446,43.00672649,10,5.14909328,,,,,,,,,,,,,
2325.5,55.90426254,44.07340274,10,5.169833779,,,,,,,,,,,,,
2326,56.65032638,43.56546167,10,5.190745032,,,,,,,,,,,,,
2326.5,55.06494071,42.0162414,10,5.211826516,,,,,,,,,,,,,
2327,55.96643453,43.41307935,10,5.233077704,,,,,,,,,,,,,
2327.5,55.34471466,42.98132944,10,5.254498065,,,,,,,,,,,,,
2328,55.40688664,43.1083147,10,5.276087063,,,,,,,,,,,,,
2328.5,54.6608228,42.7273589,10,5.297844159,,,,,,,,,,,,,
2329,55.96643453,43.00672649,10,5.319768808,,,,,,,,,,,,,
2329.5,55.40688664,43.0575206,10,5.341860462,,,,,,,,,,,,,
2330,54.56756482,42.11782962,10,5.36411857,,,,,,,,,,,,,
2330.5,55.25145668,43.00672649,10,5.386542574,,,,,,,,,,,,,
2331,54.56756482,43.59085872,10,5.409131915,,,,,,,,,,,,,
2331.5,55.37580065,43.00672649,10,5.431886026,,,,,,,,,,,,,
2332,55.46905863,42.27021194,10,5.454804341,,,,,,,,,,,,,
2332.5,55.53123062,42.70196185,10,5.477886284,,,,,,,,,,,,,
2333,56.61924039,43.51466756,10,5.501131281,,,,,,,,,,,,,
2333.5,55.40688664,42.62577069,10,5.524538748,,,,,,,,,,,,,
2334,56.49489641,43.76863809,10,5.548108102,,,,,,,,,,,,,
2334.5,56.27729446,43.59085872,10,5.571838753,,,,,,,,,,,,,
2335,55.96643453,44.02260863,10,5.595730108,,,,,,,,,,,,,
2335.5,55.93534853,43.54006461,10,5.619781569,,,,,,,,,,,,,
2336,55.34471466,42.70196185,10,5.643992535,,,,,,,,,,,,,
2336.5,55.50014462,42.70196185,10,5.668362401,,,,,,,,,,,,,
2337,55.25145668,43.00672649,10,5.692890557,,,,,,,,,,,,,
2337.5,56.21512247,43.59085872,10,5.717576391,,,,,,,,,,,,,
2338,55.25145668,43.00672649,10,5.742419286,,,,,,,,,,,,,
2338.5,55.28254267,42.82894711,10,5.767418619,,,,,,,,,,,,,
2339,55.22037068,42.82894711,10,5.792573767,,,,,,,,,,,,,
2339.5,55.15819869,42.98132944,10,5.8178841,,,,,,,,,,,,,
2340,55.22037068,43.51466756,10,5.843348985,,,,,,,,,,,,,
2340.5,54.38104886,43.56546167,10,5.868967787,,,,,,,,,,,,,
2341,55.96643453,43.08291765,10,5.894739864,,,,,,,,,,,,,
2341.5,55.15819869,42.80355006,10,5.920664572,,,,,,,,,,,,,
2342,56.0907785,41.88925614,10,5.946741263,,,,,,,,,,,,,
2342.5,55.96643453,43.1083147,10,5.972969285,,,,,,,,,,,,,
2343,55.25145668,41.94005024,10,5.999347983,,,,,,,,,,,,,
2343.5,56.49489641,43.00672649,10,6.025876697,,,,,,,,,,,,,
2344,54.56756482,42.62577069,10,6.052554764,,,,,,,,,,,,,
2344.5,55.15819869,42.87974122,10,6.079381516,,,,,,,,,,,,,
2345,55.15819869,42.80355006,10,6.106356284,,,,,,,,,,,,,
2345.5,55.84209055,43.08291765,10,6.133478392,,,,,,,,,,,,,
2346,54.38104886,42.27021194,10,6.160747163,,,,,,,,,,,,,
2346.5,54.38104886,42.47338837,10,6.188161915,,,,,,,,,,,,,
2347,55.15819869,42.82894711,10,6.215721963,,,,,,,,,,,,,
2347.5,55.06494071,42.82894711,10,6.243426617,,,,,,,,,,,,,
2348,55.37580065,42.95593238,10,6.271275186,,,,,,,,,,,,,
2348.5,54.87842475,42.70196185,10,6.299266972,,,,,,,,,,,,,
2349,54.38104886,42.62577069,10,6.327401276,,,,,,,,,,,,,
2349.5,56.49489641,43.18450586,10,6.355677395,,,,,,,,,,,,,
2350,55.15819869,42.70196185,10,6.384094622,,,,,,,,,,,,,
2350.5,55.06494071,41.81306497,10,6.412652246,,,,,,,,,,,,,
2351,55.00276873,42.04163846,10,6.441349554,,,,,,,,,,,,,
2351.5,55.06494071,42.70196185,10,6.470185827,,,,,,,,,,,,,
2352,55.25145668,42.39719721,10,6.499160346,,,,,,,,,,,,,
2352.5,55.09602671,41.86385908,10,6.528272385,,,,,,,,,,,,,
2353,55.00276873,42.70196185,10,6.557521217,,,,,,,,,,,,,
2353.5,55.06494071,42.70196185,10,6.586906111,,,,,,,,,,,,,
2354,55.22037068,42.65116774,10,6.616426332,,,,,,,,,,,,,
2354.5,55.06494071,42.87974122,10,6.646081142,,,,,,,,,,,,,
2355,54.6608228,42.70196185,10,6.675869799,,,,,,,,,,,,,
2355.5,55.09602671,42.80355006,10,6.70579156,,,,,,,,,,,,,
2356,54.72299479,42.98132944,10,6.735845676,,,,,,,,,,,,,
2356.5,55.00276873,42.87974122,10,6.766031395,,,,,,,,,,,,,
2357,55.37580065,42.65116774,10,6.796347963,,,,,,,,,,,,,
2357.5,55.15819869,42.65116774,10,6.826794622,,,,,,,,,,,,,
2358,55.50014462,42.80355006,10,6.857370611,,,,,,,,,,,,,
2358.5,54.38104886,41.76227087,10,6.888075165,,,,,,,,,,,,,
2359,55.96643453,43.00672649,10,6.918907518,,,,,,,,,,,,,
2359.5,54.56756482,43.41307935,10,6.949866897,,,,,,,,,,,,,
2360,55.00276873,42.11782962,10,6.980952529,,,,,,,,,,,,,
2360.5,55.00276873,42.37180015,10,7.012163638,,,,,,,,,,,,,
2361,54.97168273,42.47338837,10,7.043499442,,,,,,,,,,,,,
2361.5,54.87842475,41.94005024,10,7.074959158,,,,,,,,,,,,,
2362,55.25145668,41.15274158,10,7.106542,,,,,,,,,,,,,
2362.5,55.53123062,42.21941783,10,7.138247178,,,,,,,,,,,,,
2363,55.25145668,42.44799131,10,7.1700739,,,,,,,,,,,,,
2363.5,55.22037068,42.57497658,10,7.20202137,,,,,,,,,,,,,
2364,55.5934026,42.65116774,10,7.234088789,,,,,,,,,,,,,
2364.5,55.40688664,42.27021194,10,7.266275355,,,,,,,,,,,,,
2365,54.87842475,42.52418247,10,7.298580264,,,,,,,,,,,,,
2365.5,54.50539283,42.39719721,10,7.331002709,,,,,,,,,,,,,
2366,54.38104886,41.86385908,10,7.363541878,,,,,,,,,,,,,
2366.5,54.81625277,42.82894711,10,7.396196958,,,,,,,,,,,,,
2367,54.87842475,42.85434417,10,7.428967134,,,,,,,,,,,,,
2367.5,54.6608228,42.49878542,10,7.461851585,,,,,,,,,,,,,
2368,54.81625277,42.85434417,10,7.494849489,,,,,,,,,,,,,
2368.5,54.78516677,42.47338837,10,7.527960022,,,,,,,,,,,,,
2369,54.13236091,41.94005024,10,7.561182355,,,,,,,,,,,,,
2369.5,54.62973681,42.39719721,10,7.594515659,,,,,,,,,,,,,
2370,54.81625277,42.49878542,10,7.6279591,,,,,,,,,,,,,
2370.5,54.72299479,41.86385908,10,7.661511841,,,,,,,,,,,,,
2371,55.06494071,42.65116774,10,7.695173045,,,,,,,,,,,,,
2371.5,55.22037068,42.47338837,10,7.728941869,,,,,,,,,,,,,
2372,56.0907785,43.08291765,10,7.762817469,,,,,,,,,,,,,
2372.5,54.31887687,43.00672649,10,7.796798999,,,,,,,,,,,,,
2373,55.09602671,42.37180015,10,7.830885608,,,,,,,,,,,,,
2373.5,55.37580065,42.09243256,10,7.865076445,,,,,,,,,,,,,
2374,55.50014462,42.04163846,10,7.899370655,,,,,,,,,,,,,
2374.5,56.05969251,43.00672649,10,7.93376738,,,,,,,,,,,,,
2375,55.37580065,42.3464031,10,7.968265761,,,,,,,,,,,,,
2375.5,54.38104886,42.70196185,10,8.002864935,,,,,,,,,,,,,
2376,54.84733876,42.27021194,10,8.037564037,,,,,,,,,,,,,
2376.5,55.37580065,42.98132944,10,8.0723622,,,,,,,,,,,,,
2377,54.6608228,42.47338837,10,8.107258554,,,,,,,,,,,,,
2377.5,55.96643453,42.21941783,10,8.142252226,,,,,,,,,,,,,
2378,55.22037068,43.18450586,10,8.177342342,,,,,,,,,,,,,
2378.5,54.53647883,42.39719721,10,8.212528023,,,,,,,,,,,,,
2379,54.72299479,42.47338837,10,8.247808392,,,,,,,,,,,,,
2379.5,55.00276873,42.47338837,10,8.283182565,,,,,,,,,,,,,
2380,55.09602671,41.86385908,10,8.318649658,,,,,,,,,,,,,
2380.5,54.62973681,42.37180015,10,8.354208785,,,,,,,,,,,,,
2381,54.72299479,42.44799131,10,8.389859056,,,,,,,,,,,,,
2381.5,54.56756482,42.47338837,10,8.425599581,,,,,,,,,,,,,
2382,54.72299479,41.86385908,10,8.461429465,,,,,,,,,,,,,
2382.5,54.72299479,42.3464031,10,8.497347814,,,,,,,,,,,,,
2383,54.87842475,42.52418247,10,8.533353729,,,,,,,,,,,,,
2383.5,55.46905863,42.39719721,10,8.569446309,,,,,,,,,,,,,
2384,54.84733876,42.16862372,10,8.605624654,,,,,,,,,,,,,
2384.5,55.84209055,42.47338837,10,8.641887857,,,,,,,,,,,,,
2385,54.97168273,42.27021194,10,8.678235013,,,,,,,,,,,,,
2385.5,54.84733876,42.87974122,10,8.714665214,,,,,,,,,,,,,
2386,54.10127492,42.04163846,10,8.751177547,,,,,,,,,,,,,
2386.5,55.93534853,42.95593238,10,8.787771101,,,,,,,,,,,,,
2387,54.87842475,42.49878542,10,8.82444496,,,,,,,,,,,,,
2387.5,54.10127492,41.99084435,10,8.861198208,,,,,,,,,,,,,
2388,54.87842475,42.27021194,10,8.898029926,,,,,,,,,,,,,
2388.5,54.81625277,42.47338837,10,8.934939193,,,,,,,,,,,,,
2389,55.00276873,42.21941783,10,8.971925086,,,,,,,,,,,,,
2389.5,54.81625277,42.39719721,10,9.008986681,,,,,,,,,,,,,
2390,55.00276873,42.04163846,10,9.046123052,,,,,,,,,,,,,
2390.5,54.72299479,42.27021194,10,9.083333269,,,,,,,,,,,,,
2391,54.1634469,42.29560899,10,9.120616402,,,,,,,,,,,,,
2391.5,55.68666058,42.57497658,10,9.15797152,,,,,,,,,,,,,
2392,55.96643453,42.98132944,10,9.195397689,,,,,,,,,,,,,
2392.5,54.13236091,42.49878542,10,9.232893972,,,,,,,,,,,,,
2393,55.34471466,43.00672649,10,9.270459433,,,,,,,,,,,,,
2393.5,54.97168273,42.39719721,10,9.308093132,,,,,,,,,,,,,
2394,54.56756482,41.76227087,10,9.345794129,,,,,,,,,,,,,
2394.5,54.41213485,41.86385908,10,9.383561481,,,,,,,,,,,,,
2395,54.6608228,42.70196185,10,9.421394244,,,,,,,,,,,,,
2395.5,55.93534853,42.87974122,10,9.459291471,,,,,,,,,,,,,
2396,55.93534853,43.1083147,10,9.497252217,,,,,,,,,,,,,
2396.5,54.56756482,42.47338837,10,9.535275531,,,,,,,,,,,,,
2397,55.90426254,43.23529997,10,9.573360462,,,,,,,,,,,,,
2397.5,54.62973681,42.3464031,10,9.61150606,,,,,,,,,,,,,
2398,54.56756482,42.27021194,10,9.64971137,,,,,,,,,,,,,
2398.5,54.38104886,42.21941783,10,9.687975437,,,,,,,,,,,,,
2399,54.62973681,42.37180015,10,9.726297304,,,,,,,,,,,,,
2399.5,54.56756482,42.11782962,10,9.764676014,,,,,,,,,,,,,
2400,54.44322084,42.09243256,10,9.803110607,,,,,,,,,,,,,
2400.5,54.53647883,42.3464031,10,9.841600122,,,,,,,,,,,,,
2401,54.62973681,42.09243256,10,9.880143597,,,,,,,,,,,,,
2401.5,55.84209055,42.62577069,10,9.918740069,,,,,,,,,,,,,
2402,54.72299479,41.78766792,10,9.957388571,,,,,,,,,,,,,
2402.5,54.6608228,42.21941783,10,9.996088139,,,,,,,,,,,,,
2403,54.72299479,42.21941783,10,10.0348378,,,,,,,,,,,,,
2403.5,54.44322084,41.68607971,10,10.0736366,,,,,,,,,,,,,
2404,54.62973681,41.68607971,10,10.11248355,,,,,,,,,,,,,
2404.5,54.84733876,42.14322667,10,10.15137769,,,,,,,,,,,,,
2405,54.62973681,41.20353569,10,10.19031805,,,,,,,,,,,,,
2405.5,54.56756482,42.16862372,10,10.22930365,,,,,,,,,,,,,
2406,54.10127492,42.98132944,10,10.26833351,,,,,,,,,,,,,
2406.5,54.56756482,42.21941783,10,10.30740667,,,,,,,,,,,,,
2407,54.62973681,42.11782962,10,10.34652214,,,,,,,,,,,,,
2407.5,53.85258697,41.68607971,10,10.38567895,,,,,,,,,,,,,
2408,54.81625277,41.40671212,10,10.42487612,,,,,,,,,,,,,
2408.5,53.94584495,41.40671212,10,10.46411267,,,,,,,,,,,,,
2409,55.25145668,41.86385908,10,10.50338761,,,,,,,,,,,,,
2409.5,54.84733876,41.78766792,10,10.54269997,,,,,,,,,,,,,
2410,53.85258697,41.3051239,10,10.58204876,,,,,,,,,,,,,
2410.5,55.96643453,42.70196185,10,10.62143299,,,,,,,,,,,,,
2411,54.81625277,42.3464031,10,10.6608517,,,,,,,,,,,,,
2411.5,54.72299479,42.27021194,10,10.70030388,,,,,,,,,,,,,
2412,54.81625277,42.29560899,10,10.73978855,,,,,,,,,,,,,
2412.5,54.84733876,42.11782962,10,10.77930473,,,,,,,,,,,,,
2413,55.06494071,43.1083147,10,10.81885143,,,,,,,,,,,,,
2413.5,54.81625277,42.37180015,10,10.85842765,,,,,,,,,,,,,
2414,54.53647883,41.86385908,10,10.89803242,,,,,,,,,,,,,
2414.5,54.6608228,42.21941783,10,10.93766473,,,,,,,,,,,,,
2415,54.56756482,42.11782962,10,10.9773236,,,,,,,,,,,,,
2415.5,54.72299479,42.09243256,10,11.01700804,,,,,,,,,,,,,
2416,54.81625277,42.0162414,10,11.05671705,,,,,,,,,,,,,
2416.5,54.56756482,42.11782962,10,11.09644965,,,,,,,,,,,,,
2417,54.6608228,42.11782962,10,11.13620483,,,,,,,,,,,,,
2417.5,54.56756482,42.27021194,10,11.17598161,,,,,,,,,,,,,
2418,55.96643453,43.56546167,10,11.21577899,,,,,,,,,,,,,
2418.5,54.81625277,42.44799131,10,11.25559597,,,,,,,,,,,,,
2419,54.78516677,42.04163846,10,11.29543157,,,,,,,,,,,,,
2419.5,54.56756482,42.11782962,10,11.33528478,,,,,,,,,,,,,
2420,54.38104886,41.86385908,10,11.3751546,,,,,,,,,,,,,
2420.5,55.34471466,43.0575206,10,11.41504005,,,,,,,,,,,,,
2421,54.50539283,42.87974122,10,11.45494012,,,,,,,,,,,,,
2421.5,55.40688664,42.62577069,10,11.49485382,,,,,,,,,,,,,
2422,54.72299479,42.27021194,10,11.53478015,,,,,,,,,,,,,
2422.5,54.84733876,43.00672649,10,11.57471811,,,,,,,,,,,,,
2423,54.50539283,41.33052096,10,11.6146667,,,,,,,,,,,,,
2423.5,53.66607101,40.9241681,10,11.65462492,,,,,,,,,,,,,
2424,55.40688664,42.52418247,10,11.69459178,,,,,,,,,,,,,
2424.5,54.62973681,41.53369739,10,11.73456627,,,,,,,,,,,,,
2425,54.56756482,42.21941783,10,11.7745474,,,,,,,,,,,,,
2425.5,54.62973681,42.47338837,10,11.81453416,,,,,,,,,,,,,
2426,54.84733876,42.09243256,10,11.85452556,,,,,,,,,,,,,
2426.5,54.62973681,41.81306497,10,11.8945206,,,,,,,,,,,,,
2427,54.6608228,42.21941783,10,11.93451827,,,,,,,,,,,,,
2427.5,54.56756482,42.11782962,10,11.97451759,,,,,,,,,,,,,
2428,54.72299479,42.27021194,10,12.01451753,,,,,,,,,,,,,
2428.5,54.87842475,41.66068265,10,12.05451712,,,,,,,,,,,,,
2429,55.40688664,42.39719721,10,12.09451534,,,,,,,,,,,,,
2429.5,54.97168273,41.66068265,10,12.1345112,,,,,,,,,,,,,
2430,54.81625277,42.04163846,10,12.1745037,,,,,,,,,,,,,
2430.5,55.22037068,42.11782962,10,12.21449184,,,,,,,,,,,,,
2431,53.79041498,41.66068265,10,12.25447461,,,,,,,,,,,,,
2431.5,53.60389902,41.17813864,10,12.29445102,,,,,,,,,,,,,
2432,54.72299479,41.99084435,10,12.33442007,,,,,,,,,,,,,
2432.5,55.00276873,42.75275595,10,12.37438076,,,,,,,,,,,,,
2433,54.6608228,41.99084435,10,12.41433209,,,,,,,,,,,,,
2433.5,55.06494071,42.27021194,10,12.45427306,,,,,,,,,,,,,
2434,55.15819869,42.3464031,10,12.49420267,,,,,,,,,,,,,
2434.5,55.96643453,42.82894711,10,12.53411993,,,,,,,,,,,,,
2435,55.00276873,41.78766792,10,12.57402384,,,,,,,,,,,,,
2435.5,54.31887687,42.04163846,10,12.61391339,,,,,,,,,,,,,
2436,54.56756482,42.3464031,10,12.6537876,,,,,,,,,,,,,
2436.5,54.87842475,42.11782962,10,12.69364547,,,,,,,,,,,,,
2437,55.00276873,42.21941783,10,12.73348599,,,,,,,,,,,,,
2437.5,54.87842475,42.11782962,10,12.77330817,,,,,,,,,,,,,
2438,55.96643453,42.65116774,10,12.81311103,,,,,,,,,,,,,
2438.5,55.00276873,42.70196185,10,12.85289355,,,,,,,,,,,,,
2439,54.84733876,42.37180015,10,12.89265475,,,,,,,,,,,,,
2439.5,54.56756482,42.11782962,10,12.93239364,,,,,,,,,,,,,
2440,54.62973681,42.62577069,10,12.97210922,,,,,,,,,,,,,
2440.5,54.56756482,41.53369739,10,13.01180049,,,,,,,,,,,,,
2441,54.87842475,42.09243256,10,13.05146647,,,,,,,,,,,,,
2441.5,54.56756482,41.86385908,10,13.09110616,,,,,,,,,,,,,
2442,54.6608228,42.11782962,10,13.13071857,,,,,,,,,,,,,
2442.5,54.87842475,43.00672649,10,13.17030272,,,,,,,,,,,,,
2443,54.6608228,42.04163846,10,13.20985761,,,,,,,,,,,,,
2443.5,54.87842475,42.09243256,10,13.24938225,,,,,,,,,,,,,
2444,54.78516677,42.75275595,10,13.28887566,,,,,,,,,,,,,
2444.5,54.97168273,42.39719721,10,13.32833685,,,,,,,,,,,,,
2445,54.62973681,42.39719721,10,13.36776482,,,,,,,,,,,,,
2445.5,54.81625277,41.76227087,10,13.40715861,,,,,,,,,,,,,
2446,54.97168273,42.47338837,10,13.44651721,,,,,,,,,,,,,
2446.5,54.78516677,42.14322667,10,13.48583966,,,,,,,,,,,,,
2447,54.07018892,42.95593238,10,13.52512495,,,,,,,,,,,,,
2447.5,54.97168273,41.33052096,10,13.56437212,,,,,,,,,,,,,
2448,55.96643453,43.08291765,10,13.60358018,,,,,,,,,,,,,
2448.5,55.34471466,42.3464031,10,13.64274815,,,,,,,,,,,,,
2449,54.81625277,42.70196185,10,13.68187505,,,,,,,,,,,,,
2449.5,54.84733876,43.00672649,10,13.7209599,,,,,,,,,,,,,
2450,54.84733876,42.52418247,10,13.76000174,,,,,,,,,,,,,
2450.5,55.28254267,43.18450586,10,13.79899957,,,,,,,,,,,,,
2451,54.13236091,41.88925614,10,13.83795242,,,,,,,,,,,,,
2451.5,55.06494071,42.70196185,10,13.87685933,,,,,,,,,,,,,
2452,53.97693094,41.66068265,10,13.91571931,,,,,,,,,,,,,
2452.5,54.87842475,42.47338837,10,13.95453141,,,,,,,,,,,,,
2453,54.87842475,42.21941783,10,13.99329463,,,,,,,,,,,,,
2453.5,55.06494071,42.3464031,10,14.03200803,,,,,,,,,,,,,
2454,54.97168273,42.16862372,10,14.07067063,,,,,,,,,,,,,
2454.5,54.56756482,42.82894711,10,14.10928146,,,,,,,,,,,,,
2455,55.06494071,42.87974122,10,14.14783956,,,,,,,,,,,,,
2455.5,55.71774658,42.87974122,10,14.18634396,,,,,,,,,,,,,
2456,55.71774658,42.39719721,10,14.2247937,,,,,,,,,,,,,
2456.5,54.56756482,41.27972685,10,14.26318783,,,,,,,,,,,,,
2457,55.68666058,42.52418247,10,14.30152537,,,,,,,,,,,,,
2457.5,54.50539283,41.45750623,10,14.33980538,,,,,,,,,,,,,
2458,54.81625277,41.45750623,10,14.37802689,,,,,,,,,,,,,
2458.5,55.06494071,42.21941783,10,14.41618895,,,,,,,,,,,,,
2459,55.15819869,42.47338837,10,14.45429061,,,,,,,,,,,,,
2459.5,55.5934026,43.20990292,10,14.49233091,,,,,,,,,,,,,
2460,55.06494071,42.52418247,10,14.5303089,,,,,,,,,,,,,
2460.5,54.72299479,41.40671212,10,14.56822363,,,,,,,,,,,,,
2461,55.96643453,42.39719721,10,14.60607416,,,,,,,,,,,,,
2461.5,54.84733876,42.37180015,10,14.64385954,,,,,,,,,,,,,
2462,54.1634469,43.0575206,10,14.68157882,,,,,,,,,,,,,
2462.5,55.46905863,42.82894711,10,14.71923106,,,,,,,,,,,,,
2463,55.06494071,42.47338837,10,14.75681532,,,,,,,,,,,,,
2463.5,54.97168273,41.38131507,10,14.79433066,,,,,,,,,,,,,
2464,54.87842475,42.27021194,10,14.83177614,,,,,,,,,,,,,
2464.5,54.87842475,42.29560899,10,14.86915083,,,,,,,,,,,,,
2465,54.13236091,41.86385908,10,14.90645379,,,,,,,,,,,,,
2465.5,54.53647883,42.3464031,10,14.94368408,,,,,,,,,,,,,
2466,55.34471466,42.3464031,10,14.98084079,,,,,,,,,,,,,
2466.5,55.00276873,42.52418247,10,15.01792298,,,,,,,,,,,,,
2467,54.78516677,41.86385908,10,15.05492971,,,,,,,,,,,,,
2467.5,55.15819869,42.11782962,10,15.09186008,,,,,,,,,,,,,
2468,55.37580065,42.37180015,10,15.12871314,,,,,,,,,,,,,
2468.5,55.06494071,42.11782962,10,15.16548799,,,,,,,,,,,,,
2469,54.38104886,41.86385908,10,15.20218371,,,,,,,,,,,,,
2469.5,55.53123062,42.85434417,10,15.23879936,,,,,,,,,,,,,
2470,55.25145668,42.27021194,10,15.27533405,,,,,,,,,,,,,
2470.5,54.87842475,42.29560899,10,15.31178686,,,,,,,,,,,,,
2471,54.84733876,42.21941783,10,15.34815687,,,,,,,,,,,,,
2471.5,55.34471466,41.86385908,10,15.38444318,,,,,,,,,,,,,
2472,55.15819869,42.3464031,10,15.42064487,,,,,,,,,,,,,
2472.5,55.15819869,42.21941783,10,15.45676105,,,,,,,,,,,,,
2473,55.06494071,42.44799131,10,15.49279082,,,,,,,,,,,,,
2473.5,55.28254267,42.16862372,10,15.52873326,,,,,,,,,,,,,
2474,54.53647883,42.04163846,10,15.56458748,,,,,,,,,,,,,
2474.5,55.34471466,42.44799131,10,15.60035259,,,,,,,,,,,,,
2475,56.24620847,43.00672649,10,15.63602769,,,,,,,,,,,,,
2475.5,55.50014462,42.44799131,10,15.67161189,,,,,,,,,,,,,
2476,55.77991856,42.47338837,10,15.7071043,,,,,,,,,,,,,
2476.5,54.62973681,43.08291765,10,15.74250403,,,,,,,,,,,,,
2477,55.71774658,43.36228524,10,15.7778102,,,,,,,,,,,,,
2477.5,55.93534853,43.41307935,10,15.81302193,,,,,,,,,,,,,
2478,55.34471466,41.68607971,10,15.84813833,,,,,,,,,,,,,
2478.5,55.40688664,42.39719721,10,15.88315853,,,,,,,,,,,,,
2479,56.65032638,42.49878542,10,15.91808164,,,,,,,,,,,,,
2479.5,56.24620847,43.08291765,10,15.95290681,,,,,,,,,,,,,
2480,55.34471466,42.52418247,10,15.98763315,,,,,,,,,,,,,
2480.5,56.37055244,42.70196185,10,16.02225981,,,,,,,,,,,,,
2481,55.34471466,42.11782962,10,16.0567859,,,,,,,,,,,,,
2481.5,55.06494071,42.62577069,10,16.09121058,,,,,,,,,,,,,
2482,55.40688664,42.27021194,10,16.12553298,,,,,,,,,,,,,
2482.5,55.71774658,42.47338837,10,16.15975224,,,,,,,,,,,,,
2483,55.40688664,42.29560899,10,16.1938675,,,,,,,,,,,,,
2483.5,55.5934026,42.52418247,10,16.22787792,,,,,,,,,,,,,
2484,55.68666058,42.39719721,10,16.26178264,,,,,,,,,,,,,
2484.5,54.97168273,41.88925614,10,16.29558082,,,,,,,,,,,,,
2485,55.40688664,42.49878542,10,16.32927161,,,,,,,,,,,,,
2485.5,55.68666058,42.47338837,10,16.36285417,,,,,,,,,,,,,
2486,55.77991856,42.37180015,10,16.39632765,,,,,,,,,,,,,
2486.5,55.71774658,42.37180015,10,16.42969123,,,,,,,,,,,,,
2487,56.0907785,42.11782962,10,16.46294406,,,,,,,,,,,,,
2487.5,55.68666058,42.62577069,10,16.49608533,,,,,,,,,,,,,
2488,54.72299479,43.51466756,10,16.52911419,,,,,,,,,,,,,
2488.5,56.52598241,42.70196185,10,16.56202982,,,,,,,,,,,,,
2489,56.05969251,41.99084435,10,16.5948314,,,,,,,,,,,,,
2489.5,55.37580065,41.99084435,10,16.62751812,,,,,,,,,,,,,
2490,55.84209055,42.49878542,10,16.66008914,,,,,,,,,,,,,
2490.5,55.53123062,42.57497658,10,16.69254366,,,,,,,,,,,,,
2491,55.65557459,42.3464031,10,16.72488087,,,,,,,,,,,,,
2491.5,56.18403648,42.75275595,10,16.75709996,,,,,,,,,,,,,
2492,55.5934026,42.09243256,10,16.78920012,,,,,,,,,,,,,
2492.5,55.77991856,42.11782962,10,16.82118055,,,,,,,,,,,,,
2493,55.28254267,42.49878542,10,16.85304045,,,,,,,,,,,,,
2493.5,55.28254267,42.16862372,10,16.88477902,,,,,,,,,,,,,
2494,55.5934026,41.86385908,10,16.91639548,,,,,,,,,,,,,
2494.5,55.90426254,42.16862372,10,16.94788903,,,,,,,,,,,,,
2495,55.93534853,42.3464031,10,16.97925887,,,,,,,,,,,,,
2495.5,56.80575635,42.82894711,10,17.01050424,,,,,,,,,,,,,
2496,55.96643453,43.36228524,10,17.04162435,,,,,,,,,,,,,
2496.5,56.49489641,41.86385908,10,17.07261841,,,,,,,,,,,,,
2497,55.96643453,42.62577069,10,17.10348566,,,,,,,,,,,,,
2497.5,56.61924039,42.75275595,10,17.13422533,,,,,,,,,,,,,
2498,56.0907785,42.44799131,10,17.16483663,,,,,,,,,,,,,
2498.5,56.05969251,42.49878542,10,17.19531882,,,,,,,,,,,,,
2499,57.0544443,43.18450586,10,17.22567113,,,,,,,,,,,,,
2499.5,56.0907785,42.65116774,10,17.25589279,,,,,,,,,,,,,
2500,56.05969251,42.49878542,10,17.28598306,,,,,,,,,,,,,
2500.5,56.5570684,43.08291765,10,17.31594117,,,,,,,,,,,,,
2501,56.5570684,43.51466756,10,17.34576639,,,,,,,,,,,,,
2501.5,56.05969251,42.62577069,10,17.37545797,,,,,,,,,,,,,
2502,55.93534853,41.76227087,10,17.40501515,,,,,,,,,,,,,
2502.5,55.96643453,42.65116774,10,17.43443722,,,,,,,,,,,,,
2503,55.68666058,42.37180015,10,17.46372342,,,,,,,,,,,,,
2503.5,56.21512247,42.62577069,10,17.49287303,,,,,,,,,,,,,
2504,57.08553029,43.36228524,10,17.52188532,,,,,,,,,,,,,
2504.5,56.74358436,43.41307935,10,17.55075956,,,,,,,,,,,,,
2505,56.12186449,42.37180015,10,17.57949503,,,,,,,,,,,,,
2505.5,56.65032638,43.56546167,10,17.60809102,,,,,,,,,,,,,
2506,55.96643453,42.39719721,10,17.6365468,,,,,,,,,,,,,
2506.5,56.21512247,42.39719721,10,17.66486167,,,,,,,,,,,,,
2507,55.71774658,42.16862372,10,17.69303492,,,,,,,,,,,,,
2507.5,55.40688664,43.46387345,10,17.72106584,,,,,,,,,,,,,
2508,56.40163843,42.70196185,10,17.74895374,,,,,,,,,,,,,
2508.5,56.12186449,42.52418247,10,17.77669792,,,,,,,,,,,,,
2509,55.96643453,42.52418247,10,17.80429767,,,,,,,,,,,,,
2509.5,56.99227231,42.87974122,10,17.83175232,,,,,,,,,,,,,
2510,56.27729446,43.00672649,10,17.85906118,,,,,,,,,,,,,
2510.5,56.27729446,42.65116774,10,17.88622356,,,,,,,,,,,,,
2511,56.5570684,43.59085872,10,17.91323878,,,,,,,,,,,,,
2511.5,56.27729446,42.70196185,10,17.94010617,,,,,,,,,,,,,
2512,56.21512247,43.0575206,10,17.96682507,,,,,,,,,,,,,
2512.5,56.61924039,42.87974122,10,17.99339479,,,,,,,,,,,,,
2513,56.27729446,42.0162414,10,18.01981467,,,,,,,,,,,,,
2513.5,56.74358436,42.47338837,10,18.04608406,,,,,,,,,,,,,
2514,55.77991856,42.47338837,10,18.0722023,,,,,,,,,,,,,
2514.5,56.61924039,42.04163846,10,18.09816874,,,,,,,,,,,,,
2515,56.12186449,43.0575206,10,18.12398272,,,,,,,,,,,,,
2515.5,56.65032638,42.95593238,10,18.1496436,,,,,,,,,,,,,
2516,56.49489641,42.04163846,10,18.17515074,,,,,,,,,,,,,
2516.5,55.53123062,42.39719721,10,18.2005035,,,,,,,,,,,,,
2517,56.65032638,42.62577069,10,18.22570126,,,,,,,,,,,,,
2517.5,56.80575635,42.47338837,10,18.25074336,,,,,,,,,,,,,
2518,56.61924039,42.21941783,10,18.2756292,,,,,,,,,,,,,
2518.5,56.77467036,42.95593238,10,18.30035815,,,,,,,,,,,,,
2519,57.24096026,43.00672649,10,18.32492959,,,,,,,,,,,,,
2519.5,56.52598241,43.36228524,10,18.34934291,,,,,,,,,,,,,
2520,55.5934026,42.09243256,10,18.3735975,,,,,,,,,,,,,
2520.5,57.64507817,42.98132944,10,18.39769274,,,,,,,,,,,,,
2521,56.93010032,42.87974122,10,18.42162804,,,,,,,,,,,,,
2521.5,57.11661628,42.70196185,10,18.44540281,,,,,,,,,,,,,
2522,56.65032638,42.85434417,10,18.46901643,,,,,,,,,,,,,
2522.5,56.05969251,43.54006461,10,18.49246834,,,,,,,,,,,,,
2523,55.77991856,42.21941783,10,18.51575793,,,,,,,,,,,,,
2523.5,56.65032638,42.82894711,10,18.53888463,,,,,,,,,,,,,
2524,56.93010032,43.00672649,10,18.56184785,,,,,,,,,,,,,
2524.5,56.80575635,43.00672649,10,18.58464703,,,,,,,,,,,,,
2525,56.68141238,42.82894711,10,18.6072816,,,,,,,,,,,,,
2525.5,56.68141238,43.08291765,10,18.62975098,,,,,,,,,,,,,
2526,56.96118632,42.98132944,10,18.65205462,,,,,,,,,,,,,
2526.5,56.99227231,42.85434417,10,18.67419196,,,,,,,,,,,,,
2527,57.17878827,42.70196185,10,18.69616244,,,,,,,,,,,,,
2527.5,56.99227231,42.82894711,10,18.71796552,,,,,,,,,,,,,
2528,57.17878827,42.98132944,10,18.73960065,,,,,,,,,,,,,
2528.5,57.17878827,43.41307935,10,18.76106729,,,,,,,,,,,,,
2529,56.40163843,42.65116774,10,18.78236491,,,,,,,,,,,,,
2529.5,57.58290619,43.00672649,10,18.80349297,,,,,,,,,,,,,
2530,57.20987426,42.80355006,10,18.82445093,,,,,,,,,,,,,
2530.5,57.11661628,43.00672649,10,18.84523829,,,,,,,,,,,,,
2531,56.21512247,42.3464031,10,18.86585452,,,,,,,,,,,,,
2531.5,56.12186449,42.52418247,10,18.8862991,,,,,,,,,,,,,
2532,57.33421824,42.39719721,10,18.90657153,,,,,,,,,,,,,
2532.5,57.08553029,42.87974122,10,18.92667129,,,,,,,,,,,,,
2533,57.36530423,42.57497658,10,18.94659788,,,,,,,,,,,,,
2533.5,57.17878827,42.95593238,10,18.96635081,,,,,,,,,,,,,
2534,56.24620847,43.76863809,10,18.98592959,,,,,,,,,,,,,
2534.5,56.27729446,42.87974122,10,19.00533371,,,,,,,,,,,,,
2535,56.5570684,42.47338837,10,19.0245627,,,,,,,,,,,,,
2535.5,57.89376612,43.56546167,10,19.04361608,,,,,,,,,,,,,
2536,57.45856221,43.00672649,10,19.06249336,,,,,,,,,,,,,
2536.5,56.74358436,41.78766792,10,19.08119409,,,,,,,,,,,,,
2537,57.39639023,42.82894711,10,19.09971778,,,,,,,,,,,,,
2537.5,57.61399218,42.98132944,10,19.11806399,,,,,,,,,,,,,
2538,57.39639023,43.00672649,10,19.13623224,,,,,,,,,,,,,
2538.5,58.51548599,43.00672649,10,19.15422208,,,,,,,,,,,,,
2539,56.68141238,42.82894711,10,19.17203308,,,,,,,,,,,,,
2539.5,58.08028208,42.87974122,10,19.18966477,,,,,,,,,,,,,
2540,56.80575635,43.8194322,10,19.20711672,,,,,,,,,,,,,
2540.5,57.5207342,43.00672649,10,19.22438849,,,,,,,,,,,,,
2541,57.67616417,42.95593238,10,19.24147965,,,,,,,,,,,,,
2541.5,57.61399218,43.00672649,10,19.25838978,,,,,,,,,,,,,
2542,56.96118632,41.94005024,10,19.27511844,,,,,,,,,,,,,
2542.5,57.45856221,42.87974122,10,19.29166523,,,,,,,,,,,,,
2543,57.83159413,43.00672649,10,19.30802973,,,,,,,,,,,,,
2543.5,57.83159413,43.00672649,10,19.32421153,,,,,,,,,,,,,
2544,57.36530423,42.98132944,10,19.34021022,,,,,,,,,,,,,
2544.5,56.77467036,42.82894711,10,19.35602541,,,,,,,,,,,,,
2545,57.89376612,42.70196185,10,19.37165669,,,,,,,,,,,,,
2545.5,57.61399218,43.0575206,10,19.38710369,,,,,,,,,,,,,
2546,57.80050814,43.00672649,10,19.40236601,,,,,,,,,,,,,
2546.5,57.89376612,43.1083147,10,19.41744327,,,,,,,,,,,,,
2547,57.11661628,42.39719721,10,19.43233509,,,,,,,,,,,,,
2547.5,57.45856221,42.04163846,10,19.44704111,,,,,,,,,,,,,
2548,57.83159413,43.08291765,10,19.46156095,,,,,,,,,,,,,
2548.5,57.92485211,43.00672649,10,19.47589425,,,,,,,,,,,,,
2549,57.67616417,43.00672649,10,19.49004066,,,,,,,,,,,,,
2549.5,56.99227231,42.39719721,10,19.50399981,,,,,,,,,,,,,
2550,58.79525993,43.15910881,10,19.51777137,,,,,,,,,,,,,
2550.5,58.98177589,43.56546167,10,19.53135498,,,,,,,,,,,,,
2551,57.5207342,42.80355006,10,19.54475031,,,,,,,,,,,,,
2551.5,58.14245407,42.98132944,10,19.55795702,,,,,,,,,,,,,
2552,57.45856221,42.82894711,10,19.57097478,,,,,,,,,,,,,
2552.5,58.51548599,43.79403515,10,19.58380327,,,,,,,,,,,,,
2553,58.29788404,43.18450586,10,19.59644216,,,,,,,,,,,,,
2553.5,59.4169798,43.66704988,10,19.60889114,,,,,,,,,,,,,
2554,57.83159413,43.8194322,10,19.6211499,,,,,,,,,,,,,
2554.5,58.20462606,43.20990292,10,19.63321813,,,,,,,,,,,,,
2555,58.39114202,43.00672649,10,19.64509553,,,,,,,,,,,,,
2555.5,59.19937785,43.71784399,10,19.65678181,,,,,,,,,,,,,
2556,58.23571205,42.98132944,10,19.66827666,,,,,,,,,,,,,
2556.5,58.67091596,42.70196185,10,19.67957981,,,,,,,,,,,,,
2557,57.67616417,42.49878542,10,19.69069097,,,,,,,,,,,,,
2557.5,57.64507817,42.04163846,10,19.70160986,,,,,,,,,,,,,
2558,58.60874397,42.39719721,10,19.71233621,,,,,,,,,,,,,
2558.5,58.76417394,43.08291765,10,19.72286976,,,,,,,,,,,,,
2559,59.29263583,43.1083147,10,19.73321023,,,,,,,,,,,,,
2559.5,59.32372182,44.1495939,10,19.74335738,,,,,,,,,,,,,
2560,58.23571205,43.00672649,10,19.75331094,,,,,,,,,,,,,
2560.5,58.39114202,42.27021194,10,19.76307066,,,,,,,,,,,,,
2561,59.10611987,43.69244693,10,19.77263632,,,,,,,,,,,,,
2561.5,58.79525993,41.99084435,10,19.78200765,,,,,,,,,,,,,
2562,58.73308795,43.1083147,10,19.79118444,,,,,,,,,,,,,
2562.5,58.85743192,43.54006461,10,19.80016644,,,,,,,,,,,,,
2563,58.79525993,43.1083147,10,19.80895345,,,,,,,,,,,,,
2563.5,58.453314,42.80355006,10,19.81754523,,,,,,,,,,,,,
2564,58.73308795,43.0575206,10,19.82594157,,,,,,,,,,,,,
2564.5,58.79525993,43.1083147,10,19.83414226,,,,,,,,,,,,,
2565,58.76417394,43.00672649,10,19.8421471,,,,,,,,,,,,,
2565.5,58.73308795,43.0575206,10,19.84995589,,,,,,,,,,,,,
2566,59.10611987,43.1083147,10,19.85756843,,,,,,,,,,,,,
2566.5,59.29263583,43.1083147,10,19.86498453,,,,,,,,,,,,,
2567,59.10611987,43.18450586,10,19.872204,,,,,,,,,,,,,
2567.5,59.10611987,43.23529997,10,19.87922667,,,,,,,,,,,,,
2568,59.04394788,43.1083147,10,19.88605236,,,,,,,,,,,,,
2568.5,58.85743192,43.97181452,10,19.8926809,,,,,,,,,,,,,
2569,59.35480782,44.07340274,10,19.89911213,,,,,,,,,,,,,
2569.5,59.10611987,43.1083147,10,19.90534587,,,,,,,,,,,,,
2570,59.29263583,43.0575206,10,19.91138198,,,,,,,,,,,,,
2570.5,59.9143557,44.1495939,10,19.91722031,,,,,,,,,,,,,
2571,59.23046384,43.08291765,10,19.92286071,,,,,,,,,,,,,
2571.5,58.98177589,43.0575206,10,19.92830304,,,,,,,,,,,,,
2572,58.73308795,43.00672649,10,19.93354716,,,,,,,,,,,,,
2572.5,59.4480658,43.31149113,10,19.93859294,,,,,,,,,,,,,
2573,59.10611987,43.1083147,10,19.94344025,,,,,,,,,,,,,
2573.5,59.57240977,43.8194322,10,19.94808899,,,,,,,,,,,,,
2574,59.4169798,43.00672649,10,19.95253902,,,,,,,,,,,,,
2574.5,59.35480782,43.23529997,10,19.95679023,,,,,,,,,,,,,
2575,60.16304365,43.36228524,10,19.96084253,,,,,,,,,,,,,
2575.5,60.19412964,43.1083147,10,19.96469581,,,,,,,,,,,,,
2576,59.63458176,42.82894711,10,19.96834997,,,,,,,,,,,,,
2576.5,59.47915179,41.78766792,10,19.97180492,,,,,,,,,,,,,
2577,59.72783974,43.0575206,10,19.97506057,,,,,,,,,,,,,
2577.5,60.06978567,43.46387345,10,19.97811686,,,,,,,,,,,,,
2578,59.75892573,43.0575206,10,19.98097368,,,,,,,,,,,,,
2578.5,59.69675374,42.52418247,10,19.98363099,,,,,,,,,,,,,
2579,60.19412964,43.36228524,10,19.9860887,,,,,,,,,,,,,
2579.5,60.44281759,43.66704988,10,19.98834676,,,,,,,,,,,,,
2580,59.69675374,42.62577069,10,19.99040512,,,,,,,,,,,,,
2580.5,60.28738762,43.00672649,10,19.99226371,,,,,,,,,,,,,
2581,59.4480658,42.65116774,10,19.9939225,,,,,,,,,,,,,
2581.5,59.9143557,43.36228524,10,19.99538144,,,,,,,,,,,,,
2582,59.9143557,43.20990292,10,19.99664049,,,,,,,,,,,,,
2582.5,60.16304365,43.46387345,10,19.99769964,,,,,,,,,,,,,
2583,60.97127948,43.59085872,10,19.99855883,,,,,,,,,,,,,
2583.5,60.19412964,43.36228524,10,19.99921807,,,,,,,,,,,,,
2584,60.00761368,42.98132944,10,19.99967732,,,,,,,,,,,,,
2584.5,59.63458176,43.1083147,10,19.99993659,,,,,,,,,,,,,
2585,60.00761368,42.39719721,10,19.99999585,,,,,,,,,,,,,
2585.5,60.47390358,43.1083147,10,19.99985512,,,,,,,,,,,,,
2586,59.23046384,42.70196185,10,19.99951439,,,,,,,,,,,,,
2586.5,60.47390358,43.08291765,10,19.99897367,,,,,,,,,,,,,
2587,59.63458176,42.3464031,10,19.99823298,,,,,,,,,,,,,
2587.5,61.40648339,42.62577069,10,19.99729233,,,,,,,,,,,,,
2588,60.44281759,43.41307935,10,19.99615175,,,,,,,,,,,,,
2588.5,60.19412964,43.36228524,10,19.99481127,,,,,,,,,,,,,
2589,60.62933355,43.23529997,10,19.99327092,,,,,,,,,,,,,
2589.5,60.50498957,43.00672649,10,19.99153073,,,,,,,,,,,,,
2590,60.44281759,43.23529997,10,19.98959076,,,,,,,,,,,,,
2590.5,59.85218371,43.00672649,10,19.98745105,,,,,,,,,,,,,
2591,60.44281759,43.23529997,10,19.98511166,,,,,,,,,,,,,
2591.5,59.72783974,42.70196185,10,19.98257263,,,,,,,,,,,,,
2592,60.62933355,43.18450586,10,19.97983404,,,,,,,,,,,,,
2592.5,60.50498957,43.20990292,10,19.97689596,,,,,,,,,,,,,
2593,61.09562345,43.89562336,10,19.97375846,,,,,,,,,,,,,
2593.5,60.47390358,42.98132944,10,19.97042161,,,,,,,,,,,,,
2594,61.46865537,43.20990292,10,19.9668855,,,,,,,,,,,,,
2594.5,60.69150553,43.36228524,10,19.96315022,,,,,,,,,,,,,
2595,60.90910749,43.23529997,10,19.95921586,,,,,,,,,,,,,
2595.5,61.40648339,42.95593238,10,19.95508252,,,,,,,,,,,,,
2596,60.69150553,42.27021194,10,19.9507503,,,,,,,,,,,,,
2596.5,60.62933355,43.18450586,10,19.94621932,,,,,,,,,,,,,
2597,60.81584951,43.00672649,10,19.94148968,,,,,,,,,,,,,
2597.5,60.97127948,43.1083147,10,19.93656151,,,,,,,,,,,,,
2598,61.18888143,43.54006461,10,19.93143492,,,,,,,,,,,,,
2598.5,61.15779544,42.39719721,10,19.92611004,,,,,,,,,,,,,
2599,60.90910749,42.27021194,10,19.92058701,,,,,,,,,,,,,
2599.5,61.18888143,43.20990292,10,19.91486597,,,,,,,,,,,,,
2600,61.03345146,43.59085872,10,19.90894706,,,,,,,,,,,,,
2600.5,61.28213941,43.33688818,10,19.90283042,,,,,,,,,,,,,
2601,61.12670944,42.98132944,10,19.89651622,,,,,,,,,,,,,
2601.5,61.03345146,42.49878542,10,19.8900046,,,,,,,,,,,,,
2602,61.59299935,43.41307935,10,19.88329573,,,,,,,,,,,,,
2602.5,61.3443114,43.36228524,10,19.87638978,,,,,,,,,,,,,
2603,61.18888143,43.20990292,10,19.86928692,,,,,,,,,,,,,
2603.5,61.65517133,44.22578506,10,19.86198733,,,,,,,,,,,,,
2604,62.58775114,43.56546167,10,19.85449119,,,,,,,,,,,,,
2604.5,60.44281759,42.29560899,10,19.84679868,,,,,,,,,,,,,
2605,61.03345146,42.52418247,10,19.83891001,,,,,,,,,,,,,
2605.5,61.53082736,43.20990292,10,19.83082537,,,,,,,,,,,,,
2606,61.59299935,43.41307935,10,19.82254495,,,,,,,,,,,,,
2606.5,61.53082736,43.20990292,10,19.81406898,,,,,,,,,,,,,
2607,61.15779544,43.23529997,10,19.80539765,,,,,,,,,,,,,
2607.5,61.71734332,43.1083147,10,19.79653118,,,,,,,,,,,,,
2608,61.71734332,43.20990292,10,19.7874698,,,,,,,,,,,,,
2608.5,62.43232117,43.66704988,10,19.77821374,,,,,,,,,,,,,
2609,60.75367752,42.3464031,10,19.76876322,,,,,,,,,,,,,
2609.5,61.40648339,43.08291765,10,19.75911849,,,,,,,,,,,,,
2610,60.90910749,43.97181452,10,19.74927977,,,,,,,,,,,,,
2610.5,61.71734332,43.56546167,10,19.73924733,,,,,,,,,,,,,
2611,62.15254723,43.23529997,10,19.7290214,,,,,,,,,,,,,
2611.5,61.59299935,43.46387345,10,19.71860225,,,,,,,,,,,,,
2612,62.71209511,43.51466756,10,19.70799013,,,,,,,,,,,,,
2612.5,62.02820325,43.20990292,10,19.69718532,,,,,,,,,,,,,
2613,61.99711726,43.23529997,10,19.68618807,,,,,,,,,,,,,
2613.5,61.90385928,43.36228524,10,19.67499867,,,,,,,,,,,,,
2614,61.87277329,43.4384764,10,19.6636174,,,,,,,,,,,,,
2614.5,62.02820325,43.41307935,10,19.65204453,,,,,,,,,,,,,
2615,61.3443114,42.80355006,10,19.64028037,,,,,,,,,,,,,
2615.5,61.84168729,43.41307935,10,19.6283252,,,,,,,,,,,,,
2616,62.3079772,43.20990292,10,19.61617932,,,,,,,,,,,,,
2616.5,63.48924495,44.37816738,10,19.60384304,,,,,,,,,,,,,
2617,61.90385928,43.23529997,10,19.59131666,,,,,,,,,,,,,
2617.5,62.3079772,43.46387345,10,19.57860049,,,,,,,,,,,,,
2618,62.2768912,43.54006461,10,19.56569487,,,,,,,,,,,,,
2618.5,61.71734332,43.4384764,10,19.5526001,,,,,,,,,,,,,
2619,62.09037524,43.46387345,10,19.53931652,,,,,,,,,,,,,
2619.5,62.2768912,42.52418247,10,19.52584445,,,,,,,,,,,,,
2620,62.3079772,43.56546167,10,19.51218424,,,,,,,,,,,,,
2620.5,62.52557915,43.54006461,10,19.49833623,,,,,,,,,,,,,
2621,62.52557915,43.51466756,10,19.48430075,,,,,,,,,,,,,
2621.5,62.96078306,43.56546167,10,19.47007817,,,,,,,,,,,,,
2622,63.05404104,44.17499095,10,19.45566884,,,,,,,,,,,,,
2622.5,62.58775114,42.98132944,10,19.44107312,,,,,,,,,,,,,
2623,62.40123518,43.00672649,10,19.42629137,,,,,,,,,,,,,
2623.5,62.71209511,43.4384764,10,19.41132396,,,,,,,,,,,,,
2624,62.52557915,43.46387345,10,19.39617127,,,,,,,,,,,,,
2624.5,62.96078306,44.1495939,10,19.38083368,,,,,,,,,,,,,
2625,62.86752508,43.46387345,10,19.36531157,,,,,,,,,,,,,
2625.5,63.67576091,44.12419684,10,19.34960532,,,,,,,,,,,,,
2626,62.86752508,43.54006461,10,19.33371534,,,,,,,,,,,,,
2626.5,62.7431811,43.56546167,10,19.31764201,,,,,,,,,,,,,
2627,62.37014918,43.79403515,10,19.30138574,,,,,,,,,,,,,
2627.5,61.90385928,41.94005024,10,19.28494694,,,,,,,,,,,,,
2628,62.12146124,43.97181452,10,19.26832601,,,,,,,,,,,,,
2628.5,63.55141694,43.46387345,10,19.25152338,,,,,,,,,,,,,
2629,62.80535309,43.59085872,10,19.23453945,,,,,,,,,,,,,
2629.5,62.83643909,42.09243256,10,19.21737467,,,,,,,,,,,,,
2630,62.96078306,43.54006461,10,19.20002945,,,,,,,,,,,,,
2630.5,62.86752508,43.54006461,10,19.18250423,,,,,,,,,,,,,
2631,62.96078306,43.46387345,10,19.16479945,,,,,,,,,,,,,
2631.5,63.08512703,43.69244693,10,19.14691555,,,,,,,,,,,,,
2632,62.99186905,43.18450586,10,19.12885298,,,,,,,,,,,,,
2632.5,62.99186905,42.82894711,10,19.11061218,,,,,,,,,,,,,
2633,63.48924495,43.00672649,10,19.09219362,,,,,,,,,,,,,
2633.5,63.27164299,43.51466756,10,19.07359776,,,,,,,,,,,,,
2634,63.05404104,43.46387345,10,19.05482505,,,,,,,,,,,,,
2634.5,63.11621303,43.76863809,10,19.03587598,,,,,,,,,,,,,
2635,63.05404104,43.46387345,10,19.01675101,,,,,,,,,,,,,
2635.5,63.30272899,43.66704988,10,18.99745062,,,,,,,,,,,,,
2636,63.39598697,43.59085872,10,18.9779753,,,,,,,,,,,,,
2636.5,63.98662084,43.56546167,10,18.95832552,,,,,,,,,,,,,
2637,63.55141694,43.41307935,10,18.93850179,,,,,,,,,,,,,
2637.5,63.36490097,43.15910881,10,18.9185046,,,,,,,,,,,,,
2638,63.240557,43.59085872,10,18.89833444,,,,,,,,,,,,,
2638.5,63.48924495,43.54006461,10,18.87799183,,,,,,,,,,,,,
2639,63.92444886,43.69244693,10,18.85747726,,,,,,,,,,,,,
2639.5,63.42707296,43.33688818,10,18.83679126,,,,,,,,,,,,,
2640,63.30272899,43.59085872,10,18.81593435,,,,,,,,,,,,,
2640.5,63.55141694,43.41307935,10,18.79490703,,,,,,,,,,,,,
2641,63.67576091,43.56546167,10,18.77370984,,,,,,,,,,,,,
2641.5,63.48924495,43.41307935,10,18.75234331,,,,,,,,,,,,,
2642,63.48924495,43.46387345,10,18.73080797,,,,,,,,,,,,,
2642.5,64.11096482,43.69244693,10,18.70910436,,,,,,,,,,,,,
2643,63.76901889,43.69244693,10,18.68723302,,,,,,,,,,,,,
2643.5,63.83119088,43.51466756,10,18.6651945,,,,,,,,,,,,,
2644,63.7068469,43.59085872,10,18.64298935,,,,,,,,,,,,,
2644.5,63.67576091,43.54006461,10,18.62061813,,,,,,,,,,,,,
2645,63.89336286,43.54006461,10,18.59808139,,,,,,,,,,,,,
2645.5,63.98662084,43.8194322,10,18.57537971,,,,,,,,,,,,,
2646,64.11096482,43.08291765,10,18.55251363,,,,,,,,,,,,,
2646.5,63.92444886,43.89562336,10,18.52948375,,,,,,,,,,,,,
2647,63.95553485,43.59085872,10,18.50629063,,,,,,,,,,,,,
2647.5,63.98662084,43.54006461,10,18.48293485,,,,,,,,,,,,,
2648,63.98662084,43.8194322,10,18.459417,,,,,,,,,,,,,
2648.5,64.2042228,43.56546167,10,18.43573766,,,,,,,,,,,,,
2649,63.92444886,43.76863809,10,18.41189743,,,,,,,,,,,,,
2649.5,64.26639479,43.8194322,10,18.3878969,,,,,,,,,,,,,
2650,63.83119088,43.36228524,10,18.36373668,,,,,,,,,,,,,
2650.5,63.64467492,43.66704988,10,18.33941736,,,,,,,,,,,,,
2651,64.39073876,44.1495939,10,18.31493956,,,,,,,,,,,,,
2651.5,64.2042228,43.79403515,10,18.29030388,,,,,,,,,,,,,
2652,64.35965277,43.59085872,10,18.26551095,,,,,,,,,,,,,
2652.5,64.35965277,43.69244693,10,18.24056138,,,,,,,,,,,,,
2653,64.39073876,44.37816738,10,18.21545579,,,,,,,,,,,,,
2653.5,64.48399674,44.42896149,10,18.19019482,,,,,,,,,,,,,
2654,64.88811466,44.12419684,10,18.1647791,,,,,,,,,,,,,
2654.5,65.75852247,44.1495939,10,18.13920925,,,,,,,,,,,,,
2655,65.32331856,44.83531434,10,18.11348593,,,,,,,,,,,,,
2655.5,64.60834071,43.79403515,10,18.08760977,,,,,,,,,,,,,
2656,64.51508273,43.79403515,10,18.06158142,,,,,,,,,,,,,
2656.5,64.79485667,43.97181452,10,18.03540153,,,,,,,,,,,,,
2657,64.39073876,43.59085872,10,18.00907076,,,,,,,,,,,,,
2657.5,63.98662084,44.5305497,10,17.98258975,,,,,,,,,,,,,
2658,64.63942671,43.76863809,10,17.95595919,,,,,,,,,,,,,
2658.5,64.6705127,43.79403515,10,17.92917973,,,,,,,,,,,,,
2659,63.64467492,43.56546167,10,17.90225203,,,,,,,,,,,,,
2659.5,65.91395244,44.73372613,10,17.87517678,,,,,,,,,,,,,
2660,64.63942671,43.97181452,10,17.84795465,,,,,,,,,,,,,
2660.5,64.11096482,43.79403515,10,17.82058633,,,,,,,,,,,,,
2661,65.38549055,44.5305497,10,17.79307249,,,,,,,,,,,,,
2661.5,64.88811466,43.97181452,10,17.76541382,,,,,,,,,,,,,
2662,63.98662084,43.69244693,10,17.73761102,,,,,,,,,,,,,
2662.5,64.82594267,43.8194322,10,17.70966477,,,,,,,,,,,,,
2663,65.07463062,44.02260863,10,17.68157579,,,,,,,,,,,,,
2663.5,64.88811466,43.89562336,10,17.65334477,,,,,,,,,,,,,
2664,64.95028664,43.97181452,10,17.62497241,,,,,,,,,,,,,
2664.5,65.91395244,44.22578506,10,17.59645943,,,,,,,,,,,,,
2665,64.95028664,44.30197622,10,17.56780654,,,,,,,,,,,,,
2665.5,66.34915635,44.47975559,10,17.53901445,,,,,,,,,,,,,
2666,65.07463062,43.92102042,10,17.51008389,,,,,,,,,,,,,
2666.5,66.00721042,44.1495939,10,17.48101558,,,,,,,,,,,,,
2667,65.07463062,44.04800568,10,17.45181024,,,,,,,,,,,,,
2667.5,65.07463062,43.54006461,10,17.4224686,,,,,,,,,,,,,
2668,64.79485667,43.00672649,10,17.39299141,,,,,,,,,,,,,
2668.5,64.35965277,43.18450586,10,17.36337939,,,,,,,,,,,,,
2669,65.07463062,43.4384764,10,17.33363328,,,,,,,,,,,,,
2669.5,65.72743648,43.92102042,10,17.30375384,,,,,,,,,,,,,
2670,64.95028664,44.32737327,10,17.2737418,,,,,,,,,,,,,
2670.5,66.5978443,44.1495939,10,17.24359792,,,,,,,,,,,,,
2671,65.6341785,43.36228524,10,17.21332295,,,,,,,,,,,,,
2671.5,66.34915635,44.40356443,10,17.18291765,,,,,,,,,,,,,
2672,66.78436026,44.75912318,10,17.15238277,,,,,,,,,,,,,
2672.5,65.66526449,43.69244693,10,17.12171909,,,,,,,,,,,,,
2673,65.78960847,43.92102042,10,17.09092736,,,,,,,,,,,,,
2673.5,66.47350032,45.08928488,10,17.06000836,,,,,,,,,,,,,
2674,65.60309251,42.70196185,10,17.02896285,,,,,,,,,,,,,
2674.5,65.32331856,44.37816738,10,16.99779163,,,,,,,,,,,,,
2675,66.03829641,43.76863809,10,16.96649546,,,,,,,,,,,,,
2675.5,66.5667583,44.32737327,10,16.93507513,,,,,,,,,,,,,
2676,65.78960847,44.42896149,10,16.90353142,,,,,,,,,,,,,
2676.5,65.78960847,44.02260863,10,16.87186512,,,,,,,,,,,,,
2677,64.63942671,43.54006461,10,16.84007703,,,,,,,,,,,,,
2677.5,65.85178045,44.02260863,10,16.80816794,,,,,,,,,,,,,
2678,65.72743648,44.32737327,10,16.77613864,,,,,,,,,,,,,
2678.5,65.88286645,44.98769666,10,16.74398994,,,,,,,,,,,,,
2679,65.91395244,43.92102042,10,16.71172264,,,,,,,,,,,,,
2679.5,66.62893029,44.17499095,10,16.67933754,,,,,,,,,,,,,
2680,66.34915635,43.66704988,10,16.64683547,,,,,,,,,,,,,
2680.5,66.28698436,43.71784399,10,16.61421722,,,,,,,,,,,,,
2681,64.95028664,43.33688818,10,16.58148362,,,,,,,,,,,,,
2681.5,66.62893029,43.76863809,10,16.54863548,,,,,,,,,,,,,
2682,66.00721042,43.59085872,10,16.51567362,,,,,,,,,,,,,
2682.5,66.06938241,43.69244693,10,16.48259887,,,,,,,,,,,,,
2683,66.34915635,43.36228524,10,16.44941206,,,,,,,,,,,,,
2683.5,66.06938241,44.12419684,10,16.41611402,,,,,,,,,,,,,
2684,66.5667583,44.07340274,10,16.38270557,,,,,,,,,,,,,
2684.5,65.54092052,43.54006461,10,16.34918755,,,,,,,,,,,,,
2685,66.41132834,44.04800568,10,16.3155608,,,,,,,,,,,,,
2685.5,67.18847817,44.60674086,10,16.28182617,,,,,,,,,,,,,
2686,65.6341785,44.50515265,10,16.24798449,,,,,,,,,,,,,
2686.5,66.47350032,44.02260863,10,16.21403661,,,,,,,,,,,,,
2687,66.72218827,44.12419684,10,16.17998338,,,,,,,,,,,,,
2687.5,66.47350032,44.12419684,10,16.14582565,,,,,,,,,,,,,
2688,66.5667583,43.79403515,10,16.11156427,,,,,,,,,,,,,
2688.5,66.62893029,43.8194322,10,16.07720011,,,,,,,,,,,,,
2689,66.19372638,43.08291765,10,16.04273401,,,,,,,,,,,,,
2689.5,66.87761824,43.76863809,10,16.00816685,,,,,,,,,,,,,
2690,65.60309251,43.08291765,10,15.97349949,,,,,,,,,,,,,
2690.5,66.50458632,43.18450586,10,15.93873278,,,,,,,,,,,,,
2691,66.75327426,44.1495939,10,15.90386761,,,,,,,,,,,,,
2691.5,66.47350032,44.1495939,10,15.86890484,,,,,,,,,,,,,
2692,66.62893029,44.04800568,10,15.83384535,,,,,,,,,,,,,
2692.5,66.72218827,43.89562336,10,15.79869002,,,,,,,,,,,,,
2693,66.5667583,43.97181452,10,15.76343971,,,,,,,,,,,,,
2693.5,66.90870423,44.04800568,10,15.72809532,,,,,,,,,,,,,
2694,65.78960847,43.76863809,10,15.69265773,,,,,,,,,,,,,
2694.5,66.90870423,43.97181452,10,15.65712782,,,,,,,,,,,,,
2695,66.87761824,43.97181452,10,15.62150649,,,,,,,,,,,,,
2695.5,67.03304821,43.59085872,10,15.58579462,,,,,,,,,,,,,
2696,66.69110228,43.51466756,10,15.5499931,,,,,,,,,,,,,
2696.5,67.996714,44.30197622,10,15.51410283,,,,,,,,,,,,,
2697,66.1004684,42.87974122,10,15.47812471,,,,,,,,,,,,,
2697.5,67.00196221,43.23529997,10,15.44205964,,,,,,,,,,,,,
2698,68.12105798,44.75912318,10,15.40590851,,,,,,,,,,,,,
2698.5,67.0641342,44.17499095,10,15.36967224,,,,,,,,,,,,,
2699,66.19372638,43.41307935,10,15.33335173,,,,,,,,,,,,,
2699.5,67.12630619,43.31149113,10,15.29694788,,,,,,,,,,,,,
2700,67.00196221,43.00672649,10,15.26046161,,,,,,,,,,,,,
2700.5,67.15739218,44.04800568,10,15.22389383,,,,,,,,,,,,,
2701,67.18847817,44.04800568,10,15.18724545,,,,,,,,,,,,,
2701.5,67.00196221,43.54006461,10,15.15051739,,,,,,,,,,,,,
2702,68.83603583,44.22578506,10,15.11371057,,,,,,,,,,,,,
2702.5,67.12630619,43.56546167,10,15.0768259,,,,,,,,,,,,,
2703,66.41132834,43.76863809,10,15.03986432,,,,,,,,,,,,,
2703.5,66.72218827,43.1083147,10,15.00282674,,,,,,,,,,,,,
2704,68.08997198,45.08928488,10,14.96571408,,,,,,,,,,,,,
2704.5,67.25065016,43.8194322,10,14.92852729,,,,,,,,,,,,,
2705,67.31282215,43.92102042,10,14.89126728,,,,,,,,,,,,,
2705.5,67.87237003,43.79403515,10,14.85393499,,,,,,,,,,,,,
2706,67.46825211,44.12419684,10,14.81653135,,,,,,,,,,,,,
2706.5,66.47350032,43.79403515,10,14.7790573,,,,,,,,,,,,,
2707,68.12105798,44.25118211,10,14.74151377,,,,,,,,,,,,,
2707.5,67.46825211,44.75912318,10,14.70390171,,,,,,,,,,,,,
2708,67.43716612,43.4384764,10,14.66622204,,,,,,,,,,,,,
2708.5,68.58734788,44.78452023,10,14.62847573,,,,,,,,,,,,,
2709,67.62368208,43.59085872,10,14.5906637,,,,,,,,,,,,,
2709.5,67.46825211,44.04800568,10,14.5527869,,,,,,,,,,,,,
2710,67.62368208,43.97181452,10,14.51484628,,,,,,,,,,,,,
2710.5,67.71694006,44.1495939,10,14.4768428,,,,,,,,,,,,,
2711,67.84128404,43.97181452,10,14.43877739,,,,,,,,,,,,,
2711.5,67.87237003,43.92102042,10,14.40065101,,,,,,,,,,,,,
2712,67.74802606,43.56546167,10,14.36246462,,,,,,,,,,,,,
2712.5,67.81019804,43.97181452,10,14.32421916,,,,,,,,,,,,,
2713,67.18847817,44.5305497,10,14.2859156,,,,,,,,,,,,,
2713.5,67.0641342,43.79403515,10,14.24755489,,,,,,,,,,,,,
2714,68.46300391,44.30197622,10,14.209138,,,,,,,,,,,,,
2714.5,67.59259609,44.07340274,10,14.17066587,,,,,,,,,,,,,
2715,67.84128404,44.04800568,10,14.13213948,,,,,,,,,,,,,
2715.5,67.87237003,43.97181452,10,14.09355979,,,,,,,,,,,,,
2716,67.15739218,43.59085872,10,14.05492775,,,,,,,,,,,,,
2716.5,68.36974593,44.58134381,10,14.01624435,,,,,,,,,,,,,
2717,67.87237003,44.22578506,10,13.97751053,,,,,,,,,,,,,
2717.5,68.12105798,43.97181452,10,13.93872728,,,,,,,,,,,,,
2718,67.84128404,44.02260863,10,13.89989556,,,,,,,,,,,,,
2718.5,68.12105798,44.12419684,10,13.86101635,,,,,,,,,,,,,
2719,67.46825211,44.02260863,10,13.82209061,,,,,,,,,,,,,
2719.5,67.15739218,43.8194322,10,13.78311931,,,,,,,,,,,,,
2720,67.84128404,45.2416672,10,13.74410344,,,,,,,,,,,,,
2720.5,67.18847817,43.33688818,10,13.70504397,,,,,,,,,,,,,
2721,68.27648794,43.71784399,10,13.66594187,,,,,,,,,,,,,
2721.5,68.0278,44.12419684,10,13.62679812,,,,,,,,,,,,,
2722,68.15214397,44.17499095,10,13.5876137,,,,,,,,,,,,,
2722.5,68.12105798,44.07340274,10,13.54838959,,,,,,,,,,,,,
2723,68.36974593,43.97181452,10,13.50912677,,,,,,,,,,,,,
2723.5,68.46300391,44.40356443,10,13.46982623,,,,,,,,,,,,,
2724,68.0278,43.8194322,10,13.43048894,,,,,,,,,,,,,
2724.5,68.18322996,44.1495939,10,13.39111588,,,,,,,,,,,,,
2725,67.96562801,44.04800568,10,13.35170805,,,,,,,,,,,,,
2725.5,68.58734788,44.1495939,10,13.31226643,,,,,,,,,,,,,
2726,67.74802606,43.41307935,10,13.272792,,,,,,,,,,,,,
2726.5,68.18322996,45.2416672,10,13.23328575,,,,,,,,,,,,,
2727,68.0278,43.41307935,10,13.19374866,,,,,,,,,,,,,
2727.5,68.86712182,43.76863809,10,13.15418174,,,,,,,,,,,,,
2728,68.27648794,43.18450586,10,13.11458596,,,,,,,,,,,,,
2728.5,68.43191791,44.83531434,10,13.07496231,,,,,,,,,,,,,
2729,68.58734788,44.88610845,10,13.03531179,,,,,,,,,,,,,
2729.5,68.71169185,44.12419684,10,12.99563539,,,,,,,,,,,,,
2730,68.46300391,44.1495939,10,12.95593409,,,,,,,,,,,,,
2730.5,68.27648794,44.1495939,10,12.9162089,,,,,,,,,,,,,
2731,69.08472378,44.32737327,10,12.87646081,,,,,,,,,,,,,
2731.5,69.24015374,45.11468193,10,12.8366908,,,,,,,,,,,,,
2732,68.55626189,43.51466756,10,12.79689987,,,,,,,,,,,,,
2732.5,68.55626189,44.32737327,10,12.75708903,,,,,,,,,,,,,
2733,68.58734788,44.32737327,10,12.71725925,,,,,,,,,,,,,
2733.5,68.36974593,44.1495939,10,12.67741154,,,,,,,,,,,,,
2734,68.36974593,44.1495939,10,12.6375469,,,,,,,,,,,,,
2734.5,68.55626189,44.25118211,10,12.59766632,,,,,,,,,,,,,
2735,69.36449772,44.73372613,10,12.5577708,,,,,,,,,,,,,
2735.5,68.58734788,44.60674086,10,12.51786134,,,,,,,,,,,,,
2736,68.46300391,43.92102042,10,12.47793892,,,,,,,,,,,,,
2736.5,68.52517589,44.22578506,10,12.43800456,,,,,,,,,,,,,
2737,68.58734788,44.1495939,10,12.39805925,,,,,,,,,,,,,
2737.5,68.52517589,44.88610845,10,12.35810399,,,,,,,,,,,,,
2738,68.0278,44.32737327,10,12.31813977,,,,,,,,,,,,,
2738.5,68.15214397,43.79403515,10,12.2781676,,,,,,,,,,,,,
2739,68.55626189,44.1495939,10,12.23818848,,,,,,,,,,,,,
2739.5,68.58734788,44.1495939,10,12.1982034,,,,,,,,,,,,,
2740,69.02255179,45.72421121,10,12.15821337,,,,,,,,,,,,,
2740.5,68.58734788,43.8194322,10,12.11821938,,,,,,,,,,,,,
2741,68.55626189,44.83531434,10,12.07822244,,,,,,,,,,,,,
2741.5,68.58734788,44.5305497,10,12.03822354,,,,,,,,,,,,,
2742,68.58734788,44.75912318,10,11.99822369,,,,,,,,,,,,,
2742.5,68.64951987,44.68293202,10,11.95822388,,,,,,,,,,,,,
2743,67.43716612,43.97181452,10,11.91822511,,,,,,,,,,,,,
2743.5,68.9914658,45.85119648,10,11.87822839,,,,,,,,,,,,,
2744,68.46300391,44.1495939,10,11.83823471,,,,,,,,,,,,,
2744.5,69.24015374,45.14007898,10,11.79824508,,,,,,,,,,,,,
2745,68.55626189,44.83531434,10,11.75826049,,,,,,,,,,,,,
2745.5,68.64951987,44.83531434,10,11.71828194,,,,,,,,,,,,,
2746,67.84128404,43.97181452,10,11.67831044,,,,,,,,,,,,,
2746.5,68.58734788,44.83531434,10,11.63834698,,,,,,,,,,,,,
2747,68.0278,45.31785836,10,11.59839256,,,,,,,,,,,,,
2747.5,68.55626189,44.88610845,10,11.55844818,,,,,,,,,,,,,
2748,69.24015374,45.14007898,10,11.51851484,,,,,,,,,,,,,
2748.5,69.02255179,45.54643184,10,11.47859354,,,,,,,,,,,,,
2749,67.84128404,44.83531434,10,11.43868527,,,,,,,,,,,,,
2749.5,68.36974593,44.83531434,10,11.39879104,,,,,,,,,,,,,
2750,69.39558371,45.36865246,10,11.35891183,,,,,,,,,,,,,
2750.5,68.15214397,44.32737327,10,11.31904865,,,,,,,,,,,,,
2751,68.58734788,45.21627014,10,11.2792025,,,,,,,,,,,,,
2751.5,68.55626189,45.31785836,10,11.23937437,,,,,,,,,,,,,
2752,67.68585407,45.36865246,10,11.19956525,,,,,,,,,,,,,
2752.5,68.55626189,44.83531434,10,11.15977614,,,,,,,,,,,,,
2753,68.58734788,45.19087309,10,11.12000804,,,,,,,,,,,,,
2753.5,67.74802606,45.54643184,10,11.08026193,,,,,,,,,,,,,
2754,68.83603583,44.88610845,10,11.04053883,,,,,,,,,,,,,
2754.5,68.71169185,45.85119648,10,11.0008397,,,,,,,,,,,,,
2755,67.81019804,44.5305497,10,10.96116556,,,,,,,,,,,,,
2755.5,68.77386384,45.03849077,10,10.92151739,,,,,,,,,,,,,
2756,68.58734788,45.21627014,10,10.88189618,,,,,,,,,,,,,
2756.5,68.27648794,44.50515265,10,10.84230292,,,,,,,,,,,,,
2757,69.20906775,45.39404952,10,10.8027386,,,,,,,,,,,,,
2757.5,68.36974593,45.08928488,10,10.76320422,,,,,,,,,,,,,
2758,68.12105798,45.19087309,10,10.72370075,,,,,,,,,,,,,
2758.5,68.43191791,45.31785836,10,10.6842292,,,,,,,,,,,,,
2759,68.46300391,45.31785836,10,10.64479053,,,,,,,,,,,,,
2759.5,68.15214397,45.54643184,10,10.60538575,,,,,,,,,,,,,
2760,68.46300391,45.36865246,10,10.56601583,,,,,,,,,,,,,
2760.5,68.15214397,45.49563773,10,10.52668176,,,,,,,,,,,,,
2761,68.52517589,45.54643184,10,10.48738453,,,,,,,,,,,,,
2761.5,68.46300391,45.31785836,10,10.44812511,,,,,,,,,,,,,
2762,68.18322996,45.31785836,10,10.40890449,,,,,,,,,,,,,
2762.5,67.96562801,45.31785836,10,10.36972364,,,,,,,,,,,,,
2763,68.43191791,46.43532871,10,10.33058355,,,,,,,,,,,,,
2763.5,67.87237003,45.9527847,10,10.2914852,,,,,,,,,,,,,
2764,68.27648794,45.31785836,10,10.25242956,,,,,,,,,,,,,
2764.5,68.58734788,45.39404952,10,10.21341761,,,,,,,,,,,,,
2765,68.12105798,45.49563773,10,10.17445032,,,,,,,,,,,,,
2765.5,68.36974593,45.08928488,10,10.13552867,,,,,,,,,,,,,
2766,68.18322996,45.49563773,10,10.09665363,,,,,,,,,,,,,
2766.5,68.83603583,44.93690256,10,10.05782618,,,,,,,,,,,,,
2767,67.18847817,44.93690256,10,10.01904728,,,,,,,,,,,,,
2767.5,68.0278,45.39404952,10,9.980317907,,,,,,,,,,,,,
2768,68.36974593,45.54643184,10,9.941639024,,,,,,,,,,,,,
2768.5,67.96562801,45.80040237,10,9.903011599,,,,,,,,,,,,,
2769,68.0278,45.49563773,10,9.8644366,,,,,,,,,,,,,
2769.5,68.0278,44.68293202,10,9.825914989,,,,,,,,,,,,,
2770,68.64951987,46.53691693,10,9.78744773,,,,,,,,,,,,,
2770.5,68.18322996,45.59722595,10,9.749035785,,,,,,,,,,,,,
2771,68.12105798,45.14007898,10,9.710680114,,,,,,,,,,,,,
2771.5,67.68585407,45.54643184,10,9.672381675,,,,,,,,,,,,,
2772,68.68060586,45.85119648,10,9.634141428,,,,,,,,,,,,,
2772.5,67.996714,46.10516702,10,9.595960326,,,,,,,,,,,,,
2773,68.68060586,45.59722595,10,9.557839325,,,,,,,,,,,,,
2773.5,68.12105798,46.43532871,10,9.519779379,,,,,,,,,,,,,
2774,67.96562801,45.47024068,10,9.481781437,,,,,,,,,,,,,
2774.5,68.12105798,45.54643184,10,9.443846451,,,,,,,,,,,,,
2775,67.18847817,44.73372613,10,9.405975369,,,,,,,,,,,,,
2775.5,67.87237003,45.54643184,10,9.368169137,,,,,,,,,,,,,
2776,67.49933811,45.36865246,10,9.3304287,,,,,,,,,,,,,
2776.5,67.87237003,45.74960827,10,9.292755003,,,,,,,,,,,,,
2777,67.996714,45.47024068,10,9.255148987,,,,,,,,,,,,,
2777.5,67.68585407,45.36865246,10,9.217611592,,,,,,,,,,,,,
2778,67.62368208,45.90199059,10,9.180143757,,,,,,,,,,,,,
2778.5,67.84128404,46.43532871,10,9.142746418,,,,,,,,,,,,,
2779,67.74802606,45.72421121,10,9.10542051,,,,,,,,,,,,,
2779.5,67.87237003,45.80040237,10,9.068166966,,,,,,,,,,,,,
2780,67.31282215,45.67341711,10,9.030986718,,,,,,,,,,,,,
2780.5,67.49933811,45.69881416,10,8.993880695,,,,,,,,,,,,,
2781,67.25065016,45.82579943,10,8.956849825,,,,,,,,,,,,,
2781.5,68.12105798,45.74960827,10,8.919895034,,,,,,,,,,,,,
2782,67.68585407,46.43532871,10,8.883017245,,,,,,,,,,,,,
2782.5,67.25065016,45.19087309,10,8.84621738,,,,,,,,,,,,,
2783,68.64951987,46.89247567,10,8.80949636,,,,,,,,,,,,,
2783.5,68.46300391,46.86707862,10,8.772855103,,,,,,,,,,,,,
2784,67.84128404,45.85119648,10,8.736294523,,,,,,,,,,,,,
2784.5,67.49933811,45.90199059,10,8.699815537,,,,,,,,,,,,,
2785,67.46825211,45.90199059,10,8.663419054,,,,,,,,,,,,,
2785.5,67.43716612,46.05437291,10,8.627105986,,,,,,,,,,,,,
2786,67.68585407,45.9527847,10,8.590877241,,,,,,,,,,,,,
2786.5,67.68585407,45.90199059,10,8.554733723,,,,,,,,,,,,,
2787,68.27648794,46.20675523,10,8.518676336,,,,,,,,,,,,,
2787.5,67.25065016,45.54643184,10,8.482705983,,,,,,,,,,,,,
2788,67.43716612,46.18135818,10,8.446823561,,,,,,,,,,,,,
2788.5,67.74802606,46.3337405,10,8.411029969,,,,,,,,,,,,,
2789,67.18847817,46.10516702,10,8.375326101,,,,,,,,,,,,,
2789.5,67.46825211,46.07976996,10,8.33971285,,,,,,,,,,,,,
2790,67.49933811,45.49563773,10,8.304191105,,,,,,,,,,,,,
2790.5,67.996714,47.17184326,10,8.268761756,,,,,,,,,,,,,
2791,67.28173615,45.85119648,10,8.233425687,,,,,,,,,,,,,
2791.5,67.43716612,46.43532871,10,8.198183783,,,,,,,,,,,,,
2792,67.18847817,45.74960827,10,8.163036924,,,,,,,,,,,,,
2792.5,66.87761824,46.3845346,10,8.127985988,,,,,,,,,,,,,
2793,67.18847817,45.47024068,10,8.093031853,,,,,,,,,,,,,
2793.5,67.28173615,46.86707862,10,8.058175392,,,,,,,,,,,,,
2794,67.25065016,46.25754934,10,8.023417476,,,,,,,,,,,,,
2794.5,67.15739218,45.72421121,10,7.988758975,,,,,,,,,,,,,
2795,68.24540195,46.96866684,10,7.954200754,,,,,,,,,,,,,
2795.5,67.18847817,46.40993166,10,7.919743678,,,,,,,,,,,,,
2796,67.84128404,46.51151987,10,7.885388608,,,,,,,,,,,,,
2796.5,67.0641342,46.43532871,10,7.851136404,,,,,,,,,,,,,
2797,67.15739218,46.43532871,10,7.816987921,,,,,,,,,,,,,
2797.5,66.47350032,46.40993166,10,7.782944012,,,,,,,,,,,,,
2798,66.69110228,46.51151987,10,7.74900553,,,,,,,,,,,,,
2798.5,66.90870423,46.56231398,10,7.715173323,,,,,,,,,,,,,
2799,66.87761824,47.01946094,10,7.681448236,,,,,,,,,,,,,
2799.5,66.72218827,46.20675523,10,7.647831113,,,,,,,,,,,,,
2800,67.0641342,46.3337405,10,7.614322794,,,,,,,,,,,,,
2800.5,67.00196221,46.43532871,10,7.580924116,,,,,,,,,,,,,
2801,66.31807036,46.25754934,10,7.547635915,,,,,,,,,,,,,
2801.5,66.72218827,46.68929925,10,7.514459023,,,,,,,,,,,,,
2802,66.62893029,46.61310809,10,7.481394269,,,,,,,,,,,,,
2802.5,66.62893029,46.79088746,10,7.44844248,,,,,,,,,,,,,
2803,66.75327426,46.56231398,10,7.41560448,,,,,,,,,,,,,
2803.5,67.03304821,46.53691693,10,7.38288109,,,,,,,,,,,,,
2804,67.12630619,47.37501969,10,7.350273127,,,,,,,,,,,,,
2804.5,66.00721042,46.61310809,10,7.317781407,,,,,,,,,,,,,
2805,67.71694006,47.044858,10,7.285406742,,,,,,,,,,,,,
2805.5,66.5978443,46.56231398,10,7.253149942,,,,,,,,,,,,,
2806,66.72218827,46.63850514,10,7.221011813,,,,,,,,,,,,,
2806.5,66.5978443,46.68929925,10,7.188993158,,,,,,,,,,,,,
2807,66.50458632,46.68929925,10,7.157094779,,,,,,,,,,,,,
2807.5,67.18847817,46.07976996,10,7.125317471,,,,,,,,,,,,,
2808,66.03829641,46.81628451,10,7.093662031,,,,,,,,,,,,,
2808.5,67.31282215,47.45121085,10,7.062129249,,,,,,,,,,,,,
2809,66.5667583,47.45121085,10,7.030719913,,,,,,,,,,,,,
2809.5,67.0641342,46.25754934,10,6.999434809,,,,,,,,,,,,,
2810,65.78960847,46.68929925,10,6.968274719,,,,,,,,,,,,,
2810.5,66.34915635,46.89247567,10,6.937240421,,,,,,,,,,,,,
2811,65.66526449,46.61310809,10,6.906332693,,,,,,,,,,,,,
2811.5,66.34915635,46.96866684,10,6.875552306,,,,,,,,,,,,,
2812,66.19372638,46.96866684,10,6.844900029,,,,,,,,,,,,,
2812.5,67.15739218,47.14644621,10,6.81437663,,,,,,,,,,,,,
2813,66.34915635,47.12104916,10,6.783982872,,,,,,,,,,,,,
2813.5,66.22481238,46.91787273,10,6.753719513,,,,,,,,,,,,,
2814,65.78960847,46.76549041,10,6.723587311,,,,,,,,,,,,,
2814.5,66.00721042,47.044858,10,6.69358702,,,,,,,,,,,,,
2815,67.00196221,48.1877254,10,6.663719388,,,,,,,,,,,,,
2815.5,66.22481238,46.81628451,10,6.633985163,,,,,,,,,,,,,
2816,66.22481238,46.20675523,10,6.604385088,,,,,,,,,,,,,
2816.5,66.87761824,47.62899023,10,6.574919903,,,,,,,,,,,,,
2817,66.41132834,47.22263737,10,6.545590345,,,,,,,,,,,,,
2817.5,65.91395244,46.96866684,10,6.516397147,,,,,,,,,,,,,
2818,65.91395244,46.89247567,10,6.487341039,,,,,,,,,,,,,
2818.5,66.72218827,47.24803442,10,6.458422747,,,,,,,,,,,,,
2819,65.88286645,46.89247567,10,6.429642994,,,,,,,,,,,,,
2819.5,66.41132834,47.17184326,10,6.401002499,,,,,,,,,,,,,
2820,66.62893029,47.0956521,10,6.37250198,,,,,,,,,,,,,
2820.5,66.28698436,47.57819612,10,6.344142147,,,,,,,,,,,,,
2821,65.38549055,46.43532871,10,6.315923711,,,,,,,,,,,,,
2821.5,64.95028664,46.10516702,10,6.287847376,,,,,,,,,,,,,
2822,65.72743648,46.89247567,10,6.259913845,,,,,,,,,,,,,
2822.5,66.41132834,47.24803442,10,6.232123815,,,,,,,,,,,,,
2823,66.19372638,48.16232835,10,6.204477982,,,,,,,,,,,,,
2823.5,65.75852247,47.22263737,10,6.176977037,,,,,,,,,,,,,
2824,65.75852247,46.96866684,10,6.149621667,,,,,,,,,,,,,
2824.5,65.78960847,47.22263737,10,6.122412557,,,,,,,,,,,,,
2825,65.78960847,47.24803442,10,6.095350385,,,,,,,,,,,,,
2825.5,66.5978443,47.70518139,10,6.06843583,,,,,,,,,,,,,
2826,65.54092052,46.43532871,10,6.041669564,,,,,,,,,,,,,
2826.5,65.91395244,47.32422558,10,6.015052255,,,,,,,,,,,,,
2827,64.51508273,46.63850514,10,5.98858457,,,,,,,,,,,,,
2827.5,66.75327426,47.60359317,10,5.96226717,,,,,,,,,,,,,
2828,65.50983452,47.0956521,10,5.936100713,,,,,,,,,,,,,
2828.5,64.95028664,47.12104916,10,5.910085853,,,,,,,,,,,,,
2829,64.45291075,46.05437291,10,5.88422324,,,,,,,,,,,,,
2829.5,65.75852247,45.90199059,10,5.858513522,,,,,,,,,,,,,
2830,64.60834071,46.76549041,10,5.83295734,,,,,,,,,,,,,
2830.5,65.38549055,47.0956521,10,5.807555335,,,,,,,,,,,,,
2831,64.39073876,46.43532871,10,5.78230814,,,,,,,,,,,,,
2831.5,66.41132834,47.60359317,10,5.757216387,,,,,,,,,,,,,
2832,64.95028664,47.32422558,10,5.732280703,,,,,,,,,,,,,
2832.5,65.07463062,47.24803442,10,5.707501712,,,,,,,,,,,,,
2833,64.2042228,46.96866684,10,5.682880033,,,,,,,,,,,,,
2833.5,63.98662084,46.40993166,10,5.658416282,,,,,,,,,,,,,
2834,64.82594267,47.27343148,10,5.63411107,,,,,,,,,,,,,
2834.5,65.07463062,47.044858,10,5.609965005,,,,,,,,,,,,,
2835,65.32331856,47.24803442,10,5.58597869,,,,,,,,,,,,,
2835.5,64.88811466,47.044858,10,5.562152726,,,,,,,,,,,,,
2836,65.78960847,47.57819612,10,5.538487707,,,,,,,,,,,,,
2836.5,64.95028664,47.044858,10,5.514984226,,,,,,,,,,,,,
2837,64.88811466,48.16232835,10,5.49164287,,,,,,,,,,,,,
2837.5,64.63942671,47.40041674,10,5.468464223,,,,,,,,,,,,,
2838,64.79485667,47.17184326,10,5.445448864,,,,,,,,,,,,,
2838.5,63.98662084,46.43532871,10,5.422597368,,,,,,,,,,,,,
2839,64.35965277,47.37501969,10,5.399910307,,,,,,,,,,,,,
2839.5,64.63942671,46.89247567,10,5.377388247,,,,,,,,,,,,,
2840,65.6341785,47.50200496,10,5.355031753,,,,,,,,,,,,,
2840.5,65.60309251,47.32422558,10,5.332841383,,,,,,,,,,,,,
2841,64.51508273,47.12104916,10,5.310817691,,,,,,,,,,,,,
2841.5,64.6705127,47.17184326,10,5.288961228,,,,,,,,,,,,,
2842,64.63942671,47.17184326,10,5.267272541,,,,,,,,,,,,,
2842.5,65.75852247,47.8067696,10,5.245752172,,,,,,,,,,,,,
2843,65.88286645,47.75597549,10,5.224400659,,,,,,,,,,,,,
2843.5,65.54092052,47.0956521,10,5.203218535,,,,,,,,,,,,,
2844,63.83119088,47.24803442,10,5.18220633,,,,,,,,,,,,,
2844.5,63.67576091,47.044858,10,5.16136457,,,,,,,,,,,,,
2845,64.11096482,47.0956521,10,5.140693776,,,,,,,,,,,,,
2845.5,64.60834071,47.12104916,10,5.120194464,,,,,,,,,,,,,
2846,64.95028664,47.73057844,10,5.099867146,,,,,,,,,,,,,
2846.5,64.26639479,47.044858,10,5.079712332,,,,,,,,,,,,,
2847,63.240557,46.3845346,10,5.059730524,,,,,,,,,,,,,
2847.5,64.35965277,47.17184326,10,5.039922223,,,,,,,,,,,,,
2848,64.35965277,47.22263737,10,5.020287923,,,,,,,,,,,,,
2848.5,64.26639479,47.0956521,10,5.000828116,,,,,,,,,,,,,
2849,63.80010488,46.25754934,10,4.981543287,,,,,,,,,,,,,
2849.5,64.45291075,47.73057844,10,4.96243392,,,,,,,,,,,,,
2850,64.63942671,47.24803442,10,4.943500492,,,,,,,,,,,,,
2850.5,63.83119088,47.32422558,10,4.924743475,,,,,,,,,,,,,
2851,64.14205081,47.0956521,10,4.90616334,,,,,,,,,,,,,
2851.5,64.35965277,47.27343148,10,4.88776055,,,,,,,,,,,,,
2852,63.98662084,47.12104916,10,4.869535566,,,,,,,,,,,,,
2852.5,62.96078306,46.43532871,10,4.851488843,,,,,,,,,,,,,
2853,63.95553485,47.0956521,10,4.833620833,,,,,,,,,,,,,
2853.5,64.2042228,46.96866684,10,4.815931981,,,,,,,,,,,,,
2854,63.55141694,46.96866684,10,4.798422731,,,,,,,,,,,,,
2854.5,64.2042228,46.91787273,10,4.78109352,,,,,,,,,,,,,
2855,63.98662084,46.96866684,10,4.763944782,,,,,,,,,,,,,
2855.5,64.26639479,47.12104916,10,4.746976944,,,,,,,,,,,,,
2856,63.95553485,47.044858,10,4.730190431,,,,,,,,,,,,,
2856.5,64.39073876,47.044858,10,4.713585664,,,,,,,,,,,,,
2857,63.39598697,47.52740201,10,4.697163056,,,,,,,,,,,,,
2857.5,63.83119088,47.01946094,10,4.680923019,,,,,,,,,,,,,
2858,63.89336286,46.76549041,10,4.664865958,,,,,,,,,,,,,
2858.5,62.43232117,46.28294639,10,4.648992276,,,,,,,,,,,,,
2859,63.48924495,46.53691693,10,4.633302368,,,,,,,,,,,,,
2859.5,62.86752508,46.07976996,10,4.617796627,,,,,,,,,,,,,
2860,63.67576091,47.14644621,10,4.602475441,,,,,,,,,,,,,
2860.5,63.89336286,46.43532871,10,4.587339193,,,,,,,,,,,,,
2861,63.64467492,47.52740201,10,4.572388261,,,,,,,,,,,,,
2861.5,63.67576091,47.044858,10,4.557623018,,,,,,,,,,,,,
2862,63.48924495,47.14644621,10,4.543043835,,,,,,,,,,,,,
2862.5,62.58775114,46.10516702,10,4.528651075,,,,,,,,,,,,,
2863,64.39073876,46.89247567,10,4.514445099,,,,,,,,,,,,,
2863.5,63.55141694,46.96866684,10,4.500426261,,,,,,,,,,,,,
2864,63.42707296,46.61310809,10,4.486594912,,,,,,,,,,,,,
2864.5,62.80535309,47.57819612,10,4.472951398,,,,,,,,,,,,,
2865,63.39598697,46.91787273,10,4.459496059,,,,,,,,,,,,,
2865.5,63.27164299,46.89247567,10,4.446229233,,,,,,,,,,,,,
2866,63.30272899,46.79088746,10,4.433151251,,,,,,,,,,,,,
2866.5,62.86752508,46.81628451,10,4.420262439,,,,,,,,,,,,,
2867,63.240557,46.63850514,10,4.407563121,,,,,,,,,,,,,
2867.5,62.99186905,47.57819612,10,4.395053613,,,,,,,,,,,,,
2868,62.92969707,46.81628451,10,4.382734228,,,,,,,,,,,,,
2868.5,63.48924495,46.86707862,10,4.370605275,,,,,,,,,,,,,
2869,62.99186905,46.89247567,10,4.358667056,,,,,,,,,,,,,
2869.5,63.11621303,46.51151987,10,4.34691987,,,,,,,,,,,,,
2870,63.27164299,46.89247567,10,4.33536401,,,,,,,,,,,,,
2870.5,62.99186905,46.81628451,10,4.323999767,,,,,,,,,,,,,
2871,63.240557,46.96866684,10,4.312827422,,,,,,,,,,,,,
2871.5,62.99186905,46.86707862,10,4.301847257,,,,,,,,,,,,,
2872,62.96078306,46.81628451,10,4.291059545,,,,,,,,,,,,,
2872.5,62.99186905,46.51151987,10,4.280464556,,,,,,,,,,,,,
2873,63.05404104,46.81628451,10,4.270062555,,,,,,,,,,,,,
2873.5,62.80535309,46.18135818,10,4.259853802,,,,,,,,,,,,,
2874,62.92969707,46.61310809,10,4.249838553,,,,,,,,,,,,,
2874.5,63.95553485,47.24803442,10,4.240017057,,,,,,,,,,,,,
2875,62.80535309,46.91787273,10,4.23038956,,,,,,,,,,,,,
2875.5,63.67576091,46.89247567,10,4.220956303,,,,,,,,,,,,,
2876,62.96078306,46.86707862,10,4.211717522,,,,,,,,,,,,,
2876.5,62.37014918,47.044858,10,4.202673447,,,,,,,,,,,,,
2877,63.55141694,46.63850514,10,4.193824305,,,,,,,,,,,,,
2877.5,63.64467492,47.044858,10,4.185170317,,,,,,,,,,,,,
2878,62.58775114,46.3337405,10,4.1767117,,,,,,,,,,,,,
2878.5,62.99186905,47.17184326,10,4.168448664,,,,,,,,,,,,,
2879,62.58775114,46.3845346,10,4.160381417,,,,,,,,,,,,,
2879.5,62.58775114,46.43532871,10,4.152510159,,,,,,,,,,,,,
2880,62.96078306,46.46072577,10,4.144835089,,,,,,,,,,,,,
2880.5,62.24580521,46.43532871,10,4.137356397,,,,,,,,,,,,,
2881,62.58775114,46.53691693,10,4.130074271,,,,,,,,,,,,,
2881.5,62.80535309,46.3337405,10,4.122988893,,,,,,,,,,,,,
2882,62.24580521,46.53691693,10,4.116100439,,,,,,,,,,,,,
2882.5,63.48924495,47.47660791,10,4.109409083,,,,,,,,,,,,,
2883,62.80535309,46.46072577,10,4.102914991,,,,,,,,,,,,,
2883.5,62.58775114,46.43532871,10,4.096618326,,,,,,,,,,,,,
2884,62.80535309,47.57819612,10,4.090519245,,,,,,,,,,,,,
2884.5,62.49449316,46.43532871,10,4.0846179,,,,,,,,,,,,,
2885,62.37014918,46.43532871,10,4.07891444,,,,,,,,,,,,,
2885.5,61.71734332,45.54643184,10,4.073409006,,,,,,,,,,,,,
2886,62.37014918,46.51151987,10,4.068101737,,,,,,,,,,,,,
2886.5,62.7431811,46.3337405,10,4.062992764,,,,,,,,,,,,,
2887,62.3079772,46.61310809,10,4.058082217,,,,,,,,,,,,,
2887.5,62.52557915,46.43532871,10,4.053370217,,,,,,,,,,,,,
2888,62.3079772,46.40993166,10,4.048856882,,,,,,,,,,,,,
2888.5,62.43232117,46.43532871,10,4.044542326,,,,,,,,,,,,,
2889,62.40123518,46.43532871,10,4.040426655,,,,,,,,,,,,,
2889.5,62.37014918,46.43532871,10,4.036509974,,,,,,,,,,,,,
2890,62.3079772,46.07976996,10,4.032792379,,,,,,,,,,,,,
2890.5,62.37014918,46.43532871,10,4.029273964,,,,,,,,,,,,,
2891,62.15254723,46.05437291,10,4.025954817,,,,,,,,,,,,,
2891.5,62.43232117,46.43532871,10,4.02283502,,,,,,,,,,,,,
2892,62.3079772,46.43532871,10,4.019914652,,,,,,,,,,,,,
2892.5,62.15254723,46.68929925,10,4.017193786,,,,,,,,,,,,,
2893,61.46865537,46.05437291,10,4.01467249,,,,,,,,,,,,,
2893.5,62.2768912,46.3845346,10,4.012350826,,,,,,,,,,,,,
2894,62.09037524,46.3845346,10,4.010228854,,,,,,,,,,,,,
2894.5,62.3079772,46.43532871,10,4.008306625,,,,,,,,,,,,,
2895,62.15254723,46.51151987,10,4.006584188,,,,,,,,,,,,,
2895.5,62.2768912,46.18135818,10,4.005061586,,,,,,,,,,,,,
2896,62.2768912,46.46072577,10,4.003738857,,,,,,,,,,,,,
2896.5,62.7431811,46.68929925,10,4.002616034,,,,,,,,,,,,,
2897,62.09037524,45.85119648,10,4.001693146,,,,,,,,,,,,,
2897.5,62.92969707,46.43532871,10,4.000970214,,,,,,,,,,,,,
2898,61.65517133,46.05437291,10,4.000447258,,,,,,,,,,,,,
2898.5,62.02820325,45.85119648,10,4.00012429,,,,,,,,,,,,,
2899,62.02820325,46.02897586,10,4.000001319,,,,,,,,,,,,,
2899.5,62.2768912,46.10516702,10,4.000078348,,,,,,,,,,,,,
2900,61.8106013,46.25754934,10,4.000355374,,,,,,,,,,,,,
2900.5,61.84168729,45.92738764,10,4.00083239,,,,,,,,,,,,,
2901,62.09037524,46.25754934,10,4.001509386,,,,,,,,,,,,,
2901.5,62.12146124,46.10516702,10,4.002386343,,,,,,,,,,,,,
2902,62.02820325,46.07976996,10,4.00346324,,,,,,,,,,,,,
2902.5,61.71734332,46.81628451,10,4.004740051,,,,,,,,,,,,,
2903,61.59299935,46.05437291,10,4.006216742,,,,,,,,,,,,,
2903.5,61.56191335,46.89247567,10,4.007893277,,,,,,,,,,,,,
2904,61.40648339,46.91787273,10,4.009769615,,,,,,,,,,,,,
2904.5,61.28213941,45.92738764,10,4.011845708,,,,,,,,,,,,,
2905,62.3079772,45.2416672,10,4.014121505,,,,,,,,,,,,,
2905.5,61.68625733,46.02897586,10,4.016596948,,,,,,,,,,,,,
2906,62.02820325,46.18135818,10,4.019271976,,,,,,,,,,,,,
2906.5,61.65517133,46.10516702,10,4.022146521,,,,,,,,,,,,,
2907,61.56191335,46.10516702,10,4.025220512,,,,,,,,,,,,,
2907.5,62.3079772,46.28294639,10,4.028493873,,,,,,,,,,,,,
2908,61.65517133,46.05437291,10,4.031966521,,,,,,,,,,,,,
2908.5,61.68625733,46.10516702,10,4.035638369,,,,,,,,,,,,,
2909,61.59299935,46.18135818,10,4.039509326,,,,,,,,,,,,,
2909.5,62.15254723,45.21627014,10,4.043579294,,,,,,,,,,,,,
2910,61.59299935,45.85119648,10,4.047848173,,,,,,,,,,,,,
2910.5,61.46865537,45.90199059,10,4.052315855,,,,,,,,,,,,,
2911,61.46865537,45.9527847,10,4.056982229,,,,,,,,,,,,,
2911.5,61.68625733,45.82579943,10,4.061847178,,,,,,,,,,,,,
2912,61.59299935,46.18135818,10,4.06691058,,,,,,,,,,,,,
2912.5,61.53082736,45.90199059,10,4.072172309,,,,,,,,,,,,,
2913,61.53082736,45.90199059,10,4.077632234,,,,,,,,,,,,,
2913.5,61.59299935,45.82579943,10,4.083290217,,,,,,,,,,,,,
2914,62.55666514,46.46072577,10,4.089146117,,,,,,,,,,,,,
2914.5,61.12670944,45.85119648,10,4.095199789,,,,,,,,,,,,,
2915,60.3806456,45.03849077,10,4.10145108,,,,,,,,,,,,,
2915.5,61.40648339,45.69881416,10,4.107899834,,,,,,,,,,,,,
2916,61.59299935,46.02897586,10,4.11454589,,,,,,,,,,,,,
2916.5,60.97127948,45.74960827,10,4.121389083,,,,,,,,,,,,,
2917,61.40648339,45.74960827,10,4.12842924,,,,,,,,,,,,,
2917.5,61.40648339,45.90199059,10,4.135666186,,,,,,,,,,,,,
2918,62.09037524,46.46072577,10,4.14309974,,,,,,,,,,,,,
2918.5,61.03345146,45.54643184,10,4.150729716,,,,,,,,,,,,,
2919,61.40648339,45.82579943,10,4.158555924,,,,,,,,,,,,,
2919.5,61.46865537,45.82579943,10,4.166578167,,,,,,,,,,,,,
2920,60.8780215,45.49563773,10,4.174796245,,,,,,,,,,,,,
2920.5,61.00236547,45.74960827,10,4.183209953,,,,,,,,,,,,,
2921,61.28213941,45.80040237,10,4.19181908,,,,,,,,,,,,,
2921.5,61.15779544,45.74960827,10,4.200623412,,,,,,,,,,,,,
2922,61.43756938,45.85119648,10,4.209622727,,,,,,,,,,,,,
2922.5,61.43756938,45.80040237,10,4.218816802,,,,,,,,,,,,,
2923,61.18888143,45.82579943,10,4.228205405,,,,,,,,,,,,,
2923.5,61.03345146,45.69881416,10,4.237788303,,,,,,,,,,,,,
2924,61.18888143,45.74960827,10,4.247565256,,,,,,,,,,,,,
2924.5,60.31847361,46.61310809,10,4.25753602,,,,,,,,,,,,,
2925,61.53082736,45.82579943,10,4.267700345,,,,,,,,,,,,,
2925.5,60.19412964,45.03849077,10,4.278057976,,,,,,,,,,,,,
2926,61.18888143,45.90199059,10,4.288608656,,,,,,,,,,,,,
2926.5,61.15779544,45.69881416,10,4.29935212,,,,,,,,,,,,,
2927,60.31847361,45.31785836,10,4.310288101,,,,,,,,,,,,,
2927.5,60.97127948,45.82579943,10,4.321416323,,,,,,,,,,,,,
2928,60.97127948,45.49563773,10,4.33273651,,,,,,,,,,,,,
2928.5,60.90910749,45.67341711,10,4.344248377,,,,,,,,,,,,,
2929,61.00236547,45.54643184,10,4.355951639,,,,,,,,,,,,,
2929.5,60.16304365,45.39404952,10,4.367846001,,,,,,,,,,,,,
2930,60.90910749,45.47024068,10,4.379931166,,,,,,,,,,,,,
2930.5,60.00761368,44.93690256,10,4.392206833,,,,,,,,,,,,,
2931,61.00236547,45.03849077,10,4.404672694,,,,,,,,,,,,,
2931.5,61.53082736,44.65753497,10,4.417328438,,,,,,,,,,,,,
2932,60.50498957,45.54643184,10,4.430173749,,,,,,,,,,,,,
2932.5,60.25630163,44.68293202,10,4.443208305,,,,,,,,,,,,,
2933,60.31847361,44.1495939,10,4.45643178,,,,,,,,,,,,,
2933.5,59.9143557,45.14007898,10,4.469843844,,,,,,,,,,,,,
2934,61.00236547,45.80040237,10,4.483444161,,,,,,,,,,,,,
2934.5,61.03345146,46.05437291,10,4.497232392,,,,,,,,,,,,,
2935,60.8780215,45.34325541,10,4.511208192,,,,,,,,,,,,,
2935.5,60.56716156,44.65753497,10,4.525371211,,,,,,,,,,,,,
2936,61.43756938,45.36865246,10,4.539721095,,,,,,,,,,,,,
2936.5,60.50498957,46.10516702,10,4.554257486,,,,,,,,,,,,,
2937,61.28213941,45.85119648,10,4.56898002,,,,,,,,,,,,,
2937.5,60.59824755,45.39404952,10,4.58388833,,,,,,,,,,,,,
2938,61.59299935,45.80040237,10,4.598982042,,,,,,,,,,,,,
2938.5,61.18888143,46.61310809,10,4.614260778,,,,,,,,,,,,,
2939,61.00236547,46.20675523,10,4.629724158,,,,,,,,,,,,,
2939.5,60.69150553,45.47024068,10,4.645371795,,,,,,,,,,,,,
2940,60.75367752,45.31785836,10,4.661203296,,,,,,,,,,,,,
2940.5,60.75367752,45.49563773,10,4.677218268,,,,,,,,,,,,,
2941,60.50498957,45.85119648,10,4.693416308,,,,,,,,,,,,,
2941.5,60.72259153,45.2416672,10,4.709797013,,,,,,,,,,,,,
2942,60.81584951,45.11468193,10,4.726359972,,,,,,,,,,,,,
2942.5,60.28738762,44.47975559,10,4.743104772,,,,,,,,,,,,,
2943,61.18888143,44.83531434,10,4.760030994,,,,,,,,,,,,,
2943.5,61.56191335,45.69881416,10,4.777138215,,,,,,,,,,,,,
2944,60.28738762,45.39404952,10,4.794426007,,,,,,,,,,,,,
2944.5,60.3806456,45.34325541,10,4.811893938,,,,,,,,,,,,,
2945,60.47390358,45.19087309,10,4.829541571,,,,,,,,,,,,,
2945.5,60.50498957,45.31785836,10,4.847368465,,,,,,,,,,,,,
2946,60.00761368,45.11468193,10,4.865374175,,,,,,,,,,,,,
2946.5,60.62933355,46.20675523,10,4.88355825,,,,,,,,,,,,,
2947,60.75367752,45.36865246,10,4.901920236,,,,,,,,,,,,,
2947.5,60.75367752,45.31785836,10,4.920459673,,,,,,,,,,,,,
2948,60.47390358,45.39404952,10,4.939176098,,,,,,,,,,,,,
2948.5,60.16304365,45.2416672,10,4.958069044,,,,,,,,,,,,,
2949,60.28738762,45.11468193,10,4.977138038,,,,,,,,,,,,,
2949.5,60.19412964,45.31785836,10,4.996382602,,,,,,,,,,,,,
2950,60.16304365,45.21627014,10,5.015802257,,,,,,,,,,,,,
2950.5,59.57240977,45.08928488,10,5.035396517,,,,,,,,,,,,,
2951,60.25630163,44.98769666,10,5.055164891,,,,,,,,,,,,,
2951.5,60.19412964,44.86071139,10,5.075106886,,,,,,,,,,,,,
2952,59.4169798,44.68293202,10,5.095222002,,,,,,,,,,,,,
2952.5,60.3806456,45.21627014,10,5.115509738,,,,,,,,,,,,,
2953,60.16304365,45.11468193,10,5.135969585,,,,,,,,,,,,,
2953.5,60.28738762,45.08928488,10,5.156601033,,,,,,,,,,,,,
2954,59.4480658,44.17499095,10,5.177403566,,,,,,,,,,,,,
2954.5,60.13195765,45.08928488,10,5.198376663,,,,,,,,,,,,,
2955,60.8780215,45.9527847,10,5.219519801,,,,,,,,,,,,,
2955.5,60.44281759,45.03849077,10,5.24083245,,,,,,,,,,,,,
2956,60.19412964,45.21627014,10,5.262314078,,,,,,,,,,,,,
2956.5,59.47915179,45.08928488,10,5.283964147,,,,,,,,,,,,,
2957,60.19412964,44.65753497,10,5.305782118,,,,,,,,,,,,,
2957.5,60.19412964,45.11468193,10,5.327767443,,,,,,,,,,,,,
2958,60.59824755,44.17499095,10,5.349919574,,,,,,,,,,,,,
2958.5,60.19412964,45.74960827,10,5.372237956,,,,,,,,,,,,,
2959,61.15779544,45.31785836,10,5.394722032,,,,,,,,,,,,,
2959.5,60.16304365,45.03849077,10,5.41737124,,,,,,,,,,,,,
2960,60.28738762,45.85119648,10,5.440185013,,,,,,,,,,,,,
2960.5,60.13195765,45.11468193,10,5.463162782,,,,,,,,,,,,,
2961,59.9143557,45.36865246,10,5.48630397,,,,,,,,,,,,,
2961.5,59.04394788,44.32737327,10,5.509608001,,,,,,,,,,,,,
2962,59.4169798,44.60674086,10,5.533074292,,,,,,,,,,,,,
2962.5,59.79001172,43.79403515,10,5.556702255,,,,,,,,,,,,,
2963,59.72783974,44.25118211,10,5.5804913,,,,,,,,,,,,,
2963.5,60.03869967,44.75912318,10,5.604440833,,,,,,,,,,,,,
2964,60.00761368,45.11468193,10,5.628550254,,,,,,,,,,,,,
2964.5,59.29263583,45.08928488,10,5.652818961,,,,,,,,,,,,,
2965,59.63458176,44.98769666,10,5.677246347,,,,,,,,,,,,,
2965.5,60.16304365,45.11468193,10,5.701831802,,,,,,,,,,,,,
2966,59.9143557,45.08928488,10,5.726574711,,,,,,,,,,,,,
2966.5,59.9143557,44.88610845,10,5.751474455,,,,,,,,,,,,,
2967,59.9143557,44.25118211,10,5.776530412,,,,,,,,,,,,,
2967.5,60.00761368,44.78452023,10,5.801741955,,,,,,,,,,,,,
2968,60.00761368,44.78452023,10,5.827108455,,,,,,,,,,,,,
2968.5,59.75892573,44.78452023,10,5.852629276,,,,,,,,,,,,,
2969,60.13195765,44.40356443,10,5.878303781,,,,,,,,,,,,,
2969.5,59.79001172,44.86071139,10,5.904131329,,,,,,,,,,,,,
2970,59.63458176,44.93690256,10,5.930111272,,,,,,,,,,,,,
2970.5,60.00761368,44.75912318,10,5.956242963,,,,,,,,,,,,,
2971,59.69675374,44.83531434,10,5.982525748,,,,,,,,,,,,,
2971.5,60.16304365,45.08928488,10,6.008958968,,,,,,,,,,,,,
2972,60.00761368,44.68293202,10,6.035541965,,,,,,,,,,,,,
2972.5,60.00761368,45.31785836,10,6.062274073,,,,,,,,,,,,,
2973,59.4480658,44.1495939,10,6.089154623,,,,,,,,,,,,,
2973.5,59.79001172,44.68293202,10,6.116182945,,,,,,,,,,,,,
2974,60.13195765,44.75912318,10,6.143358361,,,,,,,,,,,,,
2974.5,61.12670944,45.34325541,10,6.170680193,,,,,,,,,,,,,
2975,60.19412964,45.08928488,10,6.198147758,,,,,,,,,,,,,
2975.5,60.62933355,44.88610845,10,6.225760369,,,,,,,,,,,,,
2976,59.79001172,44.75912318,10,6.253517336,,,,,,,,,,,,,
2976.5,59.19937785,44.68293202,10,6.281417964,,,,,,,,,,,,,
2977,60.19412964,44.98769666,10,6.309461557,,,,,,,,,,,,,
2977.5,60.31847361,44.78452023,10,6.337647413,,,,,,,,,,,,,
2978,60.31847361,43.97181452,10,6.365974827,,,,,,,,,,,,,
2978.5,60.97127948,45.36865246,10,6.394443092,,,,,,,,,,,,,
2979,59.69675374,43.8194322,10,6.423051495,,,,,,,,,,,,,
2979.5,60.19412964,45.82579943,10,6.451799322,,,,,,,,,,,,,
2980,60.25630163,44.88610845,10,6.480685853,,,,,,,,,,,,,
2980.5,59.8832697,45.39404952,10,6.509710367,,,,,,,,,,,,,
2981,59.75892573,44.1495939,10,6.538872138,,,,,,,,,,,,,
2981.5,59.72783974,44.88610845,10,6.568170437,,,,,,,,,,,,,
2982,59.35480782,45.47024068,10,6.597604531,,,,,,,,,,,,,
2982.5,59.8832697,44.40356443,10,6.627173685,,,,,,,,,,,,,
2983,59.75892573,44.37816738,10,6.65687716,,,,,,,,,,,,,
2983.5,59.57240977,44.40356443,10,6.686714212,,,,,,,,,,,,,
2984,59.60349576,44.50515265,10,6.716684096,,,,,,,,,,,,,
2984.5,59.72783974,44.68293202,10,6.746786062,,,,,,,,,,,,,
2985,59.72783974,44.47975559,10,6.777019359,,,,,,,,,,,,,
2985.5,59.4480658,44.65753497,10,6.80738323,,,,,,,,,,,,,
2986,59.4480658,44.25118211,10,6.837876916,,,,,,,,,,,,,
2986.5,59.79001172,44.73372613,10,6.868499655,,,,,,,,,,,,,
2987,59.60349576,45.39404952,10,6.899250681,,,,,,,,,,,,,
2987.5,60.03869967,45.67341711,10,6.930129226,,,,,,,,,,,,,
2988,58.88851791,43.56546167,10,6.961134517,,,,,,,,,,,,,
2988.5,59.63458176,44.17499095,10,6.992265779,,,,,,,,,,,,,
2989,59.4169798,44.1495939,10,7.023522235,,,,,,,,,,,,,
2989.5,59.01286189,44.88610845,10,7.054903102,,,,,,,,,,,,,
2990,59.4480658,44.65753497,10,7.086407597,,,,,,,,,,,,,
2990.5,58.51548599,44.1495939,10,7.11803493,,,,,,,,,,,,,
2991,58.79525993,44.17499095,10,7.149784313,,,,,,,,,,,,,
2991.5,59.4169798,45.08928488,10,7.181654951,,,,,,,,,,,,,
2992,59.57240977,44.5305497,10,7.213646048,,,,,,,,,,,,,
2992.5,58.73308795,44.12419684,10,7.245756803,,,,,,,,,,,,,
2993,60.47390358,44.75912318,10,7.277986413,,,,,,,,,,,,,
2993.5,60.00761368,44.86071139,10,7.310334074,,,,,,,,,,,,,
2994,59.29263583,44.32737327,10,7.342798977,,,,,,,,,,,,,
2994.5,59.4480658,44.42896149,10,7.375380309,,,,,,,,,,,,,
2995,59.47915179,44.25118211,10,7.408077256,,,,,,,,,,,,,
2995.5,59.8832697,45.36865246,10,7.440889001,,,,,,,,,,,,,
2996,58.67091596,43.4384764,10,7.473814724,,,,,,,,,,,,,
2996.5,59.72783974,44.65753497,10,7.506853601,,,,,,,,,,,,,
2997,59.29263583,44.5305497,10,7.540004806,,,,,,,,,,,,,
2997.5,59.35480782,44.40356443,10,7.573267512,,,,,,,,,,,,,
2998,59.29263583,44.12419684,10,7.606640885,,,,,,,,,,,,,
2998.5,59.4169798,44.60674086,10,7.640124092,,,,,,,,,,,,,
2999,58.36005602,43.54006461,10,7.673716295,,,,,,,,,,,,,
2999.5,58.88851791,43.92102042,10,7.707416656,,,,,,,,,,,,,
3000,59.75892573,44.73372613,10,7.741224331,,,,,,,,,,,,,
3000.5,60.19412964,44.86071139,10,7.775138475,,,,,,,,,,,,,
3001,59.29263583,44.32737327,10,7.80915824,,,,,,,,,,,,,
3001.5,59.4480658,43.8194322,10,7.843282777,,,,,,,,,,,,,
3002,59.10611987,44.25118211,10,7.87751123,,,,,,,,,,,,,
3002.5,59.01286189,45.34325541,10,7.911842746,,,,,,,,,,,,,
3003,59.4480658,44.40356443,10,7.946276466,,,,,,,,,,,,,
3003.5,59.29263583,44.40356443,10,7.980811529,,,,,,,,,,,,,
3004,59.23046384,44.40356443,10.04999979,8,,,,,,,,,,,,,
3004.5,58.88851791,44.32737327,10.09999833,8,,,,,,,,,,,,,
3005,58.91960391,44.1495939,10.14999438,8,,,,,,,,,,,,,
3005.5,59.01286189,44.17499095,10.19998667,8,,,,,,,,,,,,,
3006,59.9143557,44.60674086,10.24997396,8,,,,,,,,,,,,,
3006.5,59.10611987,44.30197622,10.299955,8,,,,,,,,,,,,,
3007,59.29263583,44.37816738,10.34992855,8,,,,,,,,,,,,,
3007.5,58.79525993,43.23529997,10.39989334,8,,,,,,,,,,,,,
3008,58.39114202,43.41307935,10.44984814,8,,,,,,,,,,,,,
3008.5,58.39114202,45.11468193,10.49979169,8,,,,,,,,,,,,,
3009,60.06978567,45.36865246,10.54972275,8,,,,,,,,,,,,,
3009.5,59.47915179,44.22578506,10.59964006,8,,,,,,,,,,,,,
3010,59.01286189,44.17499095,10.64954239,8,,,,,,,,,,,,,
3010.5,59.01286189,44.1495939,10.69942847,8,,,,,,,,,,,,,
3011,58.88851791,44.04800568,10.74929707,8,,,,,,,,,,,,,
3011.5,58.60874397,44.17499095,10.79914694,8,,,,,,,,,,,,,
3012,58.88851791,44.5305497,10.84897683,8,,,,,,,,,,,,,
3012.5,58.79525993,43.23529997,10.89878549,8,,,,,,,,,,,,,
3013,59.35480782,44.04800568,10.94857169,8,,,,,,,,,,,,,
3013.5,59.23046384,44.32737327,10.99833417,8,,,,,,,,,,,,,
3014,59.4169798,44.32737327,11.04807169,8,,,,,,,,,,,,,
3014.5,59.69675374,44.78452023,11.09778301,8,,,,,,,,,,,,,
3015,58.79525993,43.54006461,11.14746688,8,,,,,,,,,,,,,
3015.5,59.04394788,44.22578506,11.19712207,8,,,,,,,,,,,,,
3016,59.01286189,44.1495939,11.24674733,8,,,,,,,,,,,,,
3016.5,58.91960391,44.1495939,11.29634143,8,,,,,,,,,,,,,
3017,59.63458176,43.46387345,11.34590311,8,,,,,,,,,,,,,
3017.5,58.88851791,43.54006461,11.39543115,8,,,,,,,,,,,,,
3018,59.10611987,43.69244693,11.4449243,8,,,,,,,,,,,,,
3018.5,58.04919609,45.11468193,11.49438132,8,,,,,,,,,,,,,
3019,59.19937785,44.73372613,11.54380099,8,,,,,,,,,,,,,
3019.5,60.31847361,45.34325541,11.59318207,8,,,,,,,,,,,,,
3020,58.60874397,43.08291765,11.64252331,8,,,,,,,,,,,,,
3020.5,58.76417394,43.66704988,11.69182349,8,,,,,,,,,,,,,
3021,58.79525993,44.83531434,11.74108138,8,,,,,,,,,,,,,
3021.5,59.23046384,44.78452023,11.79029573,8,,,,,,,,,,,,,
3022,59.9143557,44.98769666,11.83946534,8,,,,,,,,,,,,,
3022.5,59.4480658,43.76863809,11.88858895,8,,,,,,,,,,,,,
3023,59.57240977,44.1495939,11.93766535,8,,,,,,,,,,,,,
3023.5,59.01286189,44.1495939,11.98669331,8,,,,,,,,,,,,,
3024,59.10611987,44.1495939,12.0356716,8,,,,,,,,,,,,,
3024.5,60.06978567,44.78452023,12.084599,8,,,,,,,,,,,,,
3025,57.89376612,43.4384764,12.13347428,8,,,,,,,,,,,,,
3025.5,59.63458176,43.59085872,12.18229623,8,,,,,,,,,,,,,
3026,59.01286189,44.25118211,12.23106362,8,,,,,,,,,,,,,
3026.5,57.89376612,43.41307935,12.27977524,8,,,,,,,,,,,,,
3027,59.01286189,44.30197622,12.32842986,8,,,,,,,,,,,,,
3027.5,59.10611987,44.17499095,12.37702626,8,,,,,,,,,,,,,
3028,58.91960391,44.1495939,12.42556325,8,,,,,,,,,,,,,
3028.5,58.91960391,44.1495939,12.47403959,8,,,,,,,,,,,,,
3029,58.85743192,44.17499095,12.52245409,8,,,,,,,,,,,,,
3029.5,58.85743192,43.89562336,12.57080552,8,,,,,,,,,,,,,
3030,58.79525993,44.83531434,12.61909268,8,,,,,,,,,,,,,
3030.5,58.88851791,44.1495939,12.66731437,8,,,,,,,,,,,,,
3031,58.79525993,43.97181452,12.71546937,8,,,,,,,,,,,,,
3031.5,58.76417394,44.25118211,12.76355649,8,,,,,,,,,,,,,
3032,58.85743192,43.8194322,12.81157451,8,,,,,,,,,,,,,
3032.5,58.79525993,44.25118211,12.85952225,8,,,,,,,,,,,,,
3033,58.4844,43.8194322,12.9073985,8,,,,,,,,,,,,,
3033.5,58.79525993,44.02260863,12.95520207,8,,,,,,,,,,,,,
3034,59.60349576,44.5305497,13.00293175,8,,,,,,,,,,,,,
3034.5,58.79525993,43.97181452,13.05058636,8,,,,,,,,,,,,,
3035,58.91960391,44.1495939,13.09816471,8,,,,,,,,,,,,,
3035.5,57.64507817,43.36228524,13.14566561,8,,,,,,,,,,,,,
3036,58.76417394,44.12419684,13.19308786,8,,,,,,,,,,,,,
3036.5,58.79525993,44.07340274,13.24043028,8,,,,,,,,,,,,,
3037,58.04919609,43.79403515,13.2876917,8,,,,,,,,,,,,,
3037.5,59.4169798,44.32737327,13.33487092,8,,,,,,,,,,,,,
3038,58.76417394,44.1495939,13.38196677,8,,,,,,,,,,,,,
3038.5,58.85743192,44.1495939,13.42897807,8,,,,,,,,,,,,,
3039,58.73308795,44.04800568,13.47590365,8,,,,,,,,,,,,,
3039.5,58.79525993,44.1495939,13.52274233,8,,,,,,,,,,,,,
3040,59.47915179,44.37816738,13.56949294,8,,,,,,,,,,,,,
3040.5,59.01286189,44.1495939,13.61615432,8,,,,,,,,,,,,,
3041,58.79525993,43.15910881,13.66272529,8,,,,,,,,,,,,,
3041.5,58.79525993,43.54006461,13.70920469,8,,,,,,,,,,,,,
3042,59.4169798,44.1495939,13.75559137,8,,,,,,,,,,,,,
3042.5,58.57765798,43.41307935,13.80188415,8,,,,,,,,,,,,,
3043,58.79525993,43.8194322,13.84808189,8,,,,,,,,,,,,,
3043.5,58.79525993,44.04800568,13.89418342,8,,,,,,,,,,,,,
3044,58.67091596,44.1495939,13.9401876,8,,,,,,,,,,,,,
3044.5,59.04394788,43.97181452,13.98609328,8,,,,,,,,,,,,,
3045,57.95593811,43.59085872,14.0318993,8,,,,,,,,,,,,,
3045.5,58.51548599,43.41307935,14.07760453,8,,,,,,,,,,,,,
3046,57.5207342,43.54006461,14.12320782,8,,,,,,,,,,,,,
3046.5,58.67091596,44.12419684,14.16870802,8,,,,,,,,,,,,,
3047,57.39639023,43.46387345,14.21410401,8,,,,,,,,,,,,,
3047.5,58.23571205,43.0575206,14.25939465,8,,,,,,,,,,,,,
3048,57.89376612,43.79403515,14.3045788,8,,,,,,,,,,,,,
3048.5,58.39114202,43.4384764,14.34965534,8,,,,,,,,,,,,,
3049,58.79525993,43.97181452,14.39462314,8,,,,,,,,,,,,,
3049.5,58.76417394,45.03849077,14.43948107,8,,,,,,,,,,,,,
3050,58.73308795,44.12419684,14.48422801,8,,,,,,,,,,,,,
3050.5,58.76417394,44.12419684,14.52886285,8,,,,,,,,,,,,,
3051,57.89376612,43.0575206,14.57338447,8,,,,,,,,,,,,,
3051.5,58.39114202,43.97181452,14.61779176,8,,,,,,,,,,,,,
3052,58.79525993,44.04800568,14.66208359,8,,,,,,,,,,,,,
3052.5,58.67091596,43.92102042,14.70625888,8,,,,,,,,,,,,,
3053,58.91960391,44.78452023,14.75031651,8,,,,,,,,,,,,,
3053.5,58.73308795,43.71784399,14.79425539,8,,,,,,,,,,,,,
3054,58.67091596,43.18450586,14.8380744,8,,,,,,,,,,,,,
3054.5,57.89376612,43.8194322,14.88177247,8,,,,,,,,,,,,,
3055,58.76417394,44.1495939,14.92534849,8,,,,,,,,,,,,,
3055.5,58.79525993,44.12419684,14.96880138,8,,,,,,,,,,,,,
3056,58.79525993,43.66704988,15.01213005,8,,,,,,,,,,,,,
3056.5,58.73308795,43.97181452,15.05533341,8,,,,,,,,,,,,,
3057,57.5207342,43.0575206,15.09841039,8,,,,,,,,,,,,,
3057.5,57.61399218,43.59085872,15.14135992,8,,,,,,,,,,,,,
3058,58.67091596,44.04800568,15.18418091,8,,,,,,,,,,,,,
3058.5,58.76417394,44.1495939,15.22687229,8,,,,,,,,,,,,,
3059,57.45856221,43.1083147,15.269433,8,,,,,,,,,,,,,
3059.5,58.51548599,44.1495939,15.31186198,8,,,,,,,,,,,,,
3060,58.39114202,43.51466756,15.35415816,8,,,,,,,,,,,,,
3060.5,58.39114202,44.73372613,15.39632049,8,,,,,,,,,,,,,
3061,58.57765798,43.23529997,15.43834791,8,,,,,,,,,,,,,
3061.5,57.39639023,43.41307935,15.48023937,8,,,,,,,,,,,,,
3062,57.39639023,43.18450586,15.52199382,8,,,,,,,,,,,,,
3062.5,58.67091596,43.97181452,15.56361023,8,,,,,,,,,,,,,
3063,59.01286189,44.07340274,15.60508754,8,,,,,,,,,,,,,
3063.5,58.57765798,43.89562336,15.64642473,8,,,,,,,,,,,,,
3064,58.51548599,43.4384764,15.68762076,8,,,,,,,,,,,,,
3064.5,58.76417394,44.5305497,15.7286746,8,,,,,,,,,,,,,
3065,58.76417394,44.5305497,15.76958522,8,,,,,,,,,,,,,
3065.5,57.83159413,43.46387345,15.81035161,8,,,,,,,,,,,,,
3066,58.79525993,44.78452023,15.85097273,8,,,,,,,,,,,,,
3066.5,58.39114202,43.54006461,15.89144758,8,,,,,,,,,,,,,
3067,58.57765798,43.89562336,15.93177514,8,,,,,,,,,,,,,
3067.5,58.08028208,42.98132944,15.97195441,8,,,,,,,,,,,,,
3068,58.73308795,43.92102042,16.01198439,8,,,,,,,,,,,,,
3068.5,58.79525993,42.75275595,16.05186406,8,,,,,,,,,,,,,
3069,58.04919609,43.56546167,16.09159243,8,,,,,,,,,,,,,
3069.5,58.79525993,43.54006461,16.13116852,8,,,,,,,,,,,,,
3070,58.29788404,44.1495939,16.17059133,8,,,,,,,,,,,,,
3070.5,58.57765798,44.32737327,16.20985987,8,,,,,,,,,,,,,
3071,58.39114202,43.97181452,16.24897317,8,,,,,,,,,,,,,
3071.5,57.64507817,44.68293202,16.28793024,8,,,,,,,,,,,,,
3072,58.39114202,43.97181452,16.32673012,8,,,,,,,,,,,,,
3072.5,58.85743192,43.1083147,16.36537182,8,,,,,,,,,,,,,
3073,58.32897003,43.54006461,16.4038544,8,,,,,,,,,,,,,
3073.5,58.39114202,43.69244693,16.44217687,8,,,,,,,,,,,,,
3074,58.20462606,43.69244693,16.4803383,8,,,,,,,,,,,,,
3074.5,57.45856221,43.00672649,16.51833771,8,,,,,,,,,,,,,
3075,59.72783974,44.12419684,16.55617417,8,,,,,,,,,,,,,
3075.5,58.88851791,44.88610845,16.59384672,8,,,,,,,,,,,,,
3076,59.19937785,44.60674086,16.63135443,8,,,,,,,,,,,,,
3076.5,58.23571205,43.36228524,16.66869635,8,,,,,,,,,,,,,
3077,57.24096026,43.00672649,16.70587156,8,,,,,,,,,,,,,
3077.5,57.5207342,43.08291765,16.74287912,8,,,,,,,,,,,,,
3078,57.45856221,43.36228524,16.7797181,8,,,,,,,,,,,,,
3078.5,58.29788404,43.54006461,16.8163876,8,,,,,,,,,,,,,
3079,58.57765798,44.40356443,16.85288669,8,,,,,,,,,,,,,
3079.5,59.47915179,44.47975559,16.88921445,8,,,,,,,,,,,,,
3080,58.67091596,44.5305497,16.92536999,8,,,,,,,,,,,,,
3080.5,58.39114202,43.69244693,16.96135239,8,,,,,,,,,,,,,
3081,58.85743192,44.5305497,16.99716075,8,,,,,,,,,,,,,
3081.5,57.39639023,43.41307935,17.03279419,8,,,,,,,,,,,,,
3082,58.32897003,43.76863809,17.06825181,8,,,,,,,,,,,,,
3082.5,57.17878827,43.00672649,17.10353272,8,,,,,,,,,,,,,
3083,58.39114202,43.89562336,17.13863605,8,,,,,,,,,,,,,
3083.5,58.36005602,43.56546167,17.17356091,8,,,,,,,,,,,,,
3084,58.08028208,43.69244693,17.20830643,8,,,,,,,,,,,,,
3084.5,57.36530423,43.1083147,17.24287174,8,,,,,,,,,,,,,
3085,58.08028208,44.40356443,17.27725599,8,,,,,,,,,,,,,
3085.5,58.32897003,43.46387345,17.3114583,8,,,,,,,,,,,,,
3086,58.32897003,43.56546167,17.34547782,8,,,,,,,,,,,,,
3086.5,58.14245407,43.59085872,17.37931371,8,,,,,,,,,,,,,
3087,58.14245407,43.66704988,17.41296512,8,,,,,,,,,,,,,
3087.5,58.23571205,43.54006461,17.4464312,8,,,,,,,,,,,,,
3088,58.67091596,43.69244693,17.47971112,8,,,,,,,,,,,,,
3088.5,58.23571205,43.18450586,17.51280405,8,,,,,,,,,,,,,
3089,59.57240977,44.12419684,17.54570916,8,,,,,,,,,,,,,
3089.5,58.51548599,44.65753497,17.57842563,8,,,,,,,,,,,,,
3090,58.04919609,43.59085872,17.61095264,8,,,,,,,,,,,,,
3090.5,58.32897003,43.54006461,17.64328937,8,,,,,,,,,,,,,
3091,58.20462606,43.66704988,17.67543502,8,,,,,,,,,,,,,
3091.5,58.79525993,43.00672649,17.70738879,8,,,,,,,,,,,,,
3092,58.23571205,43.69244693,17.73914987,8,,,,,,,,,,,,,
3092.5,58.20462606,43.69244693,17.77071748,8,,,,,,,,,,,,,
3093,58.39114202,43.56546167,17.80209081,8,,,,,,,,,,,,,
3093.5,58.20462606,43.54006461,17.8332691,8,,,,,,,,,,,,,
3094,58.20462606,43.56546167,17.86425155,8,,,,,,,,,,,,,
3094.5,57.89376612,44.25118211,17.8950374,8,,,,,,,,,,,,,
3095,57.89376612,44.1495939,17.92562587,8,,,,,,,,,,,,,
3095.5,58.14245407,43.54006461,17.9560162,8,,,,,,,,,,,,,
3096,58.23571205,44.73372613,17.98620763,8,,,,,,,,,,,,,
3096.5,58.85743192,44.50515265,18.01619941,8,,,,,,,,,,,,,
3097,57.89376612,43.59085872,18.04599078,8,,,,,,,,,,,,,
3097.5,58.76417394,44.12419684,18.075581,8,,,,,,,,,,,,,
3098,59.4169798,44.07340274,18.10496934,8,,,,,,,,,,,,,
3098.5,57.48964821,43.23529997,18.13415505,8,,,,,,,,,,,,,
3099,57.39639023,42.82894711,18.1631374,8,,,,,,,,,,,,,
3099.5,58.32897003,44.30197622,18.19191568,8,,,,,,,,,,,,,
3100,57.76942215,44.25118211,18.22048916,8,,,,,,,,,,,,,
3100.5,58.57765798,43.36228524,18.24885713,8,,,,,,,,,,,,,
3101,58.14245407,43.33688818,18.27701888,8,,,,,,,,,,,,,
3101.5,57.5207342,43.23529997,18.3049737,8,,,,,,,,,,,,,
3102,58.4844,44.22578506,18.3327209,8,,,,,,,,,,,,,
3102.5,58.32897003,43.56546167,18.36025979,8,,,,,,,,,,,,,
3103,58.14245407,43.71784399,18.38758966,8,,,,,,,,,,,,,
3103.5,58.73308795,44.22578506,18.41470985,8,,,,,,,,,,,,,
3104,58.0181101,43.0575206,18.44161967,8,,,,,,,,,,,,,
3104.5,57.24096026,43.23529997,18.46831845,8,,,,,,,,,,,,,
3105,58.79525993,43.56546167,18.49480552,8,,,,,,,,,,,,,
3105.5,57.89376612,43.54006461,18.52108022,8,,,,,,,,,,,,,
3106,57.24096026,42.70196185,18.54714189,8,,,,,,,,,,,,,
3106.5,58.39114202,43.66704988,18.57298989,8,,,,,,,,,,,,,
3107,58.57765798,43.66704988,18.59862356,8,,,,,,,,,,,,,
3107.5,59.19937785,44.07340274,18.62404227,8,,,,,,,,,,,,,
3108,58.14245407,43.46387345,18.64924538,8,,,,,,,,,,,,,
3108.5,58.14245407,43.41307935,18.67423226,8,,,,,,,,,,,,,
3109,58.04919609,44.07340274,18.69900228,8,,,,,,,,,,,,,
3109.5,58.0181101,43.76863809,18.72355482,8,,,,,,,,,,,,,
3110,58.0181101,43.69244693,18.74788928,8,,,,,,,,,,,,,
3110.5,58.14245407,43.56546167,18.77200504,8,,,,,,,,,,,,,
3111,57.89376612,43.08291765,18.7959015,8,,,,,,,,,,,,,
3111.5,57.80050814,43.36228524,18.81957807,8,,,,,,,,,,,,,
3112,57.92485211,43.54006461,18.84303414,8,,,,,,,,,,,,,
3112.5,58.39114202,43.54006461,18.86626914,8,,,,,,,,,,,,,
3113,57.95593811,43.56546167,18.88928249,8,,,,,,,,,,,,,
3113.5,58.98177589,44.37816738,18.9120736,8,,,,,,,,,,,,,
3114,58.04919609,43.56546167,18.93464191,8,,,,,,,,,,,,,
3114.5,58.14245407,43.59085872,18.95698686,8,,,,,,,,,,,,,
3115,58.39114202,43.69244693,18.97910788,8,,,,,,,,,,,,,
3115.5,58.04919609,43.41307935,19.00100442,8,,,,,,,,,,,,,
3116,58.23571205,43.59085872,19.02267594,8,,,,,,,,,,,,,
3116.5,57.39639023,42.11782962,19.04412189,8,,,,,,,,,,,,,
3117,57.92485211,43.56546167,19.06534174,8,,,,,,,,,,,,,
3117.5,58.0181101,43.69244693,19.08633496,8,,,,,,,,,,,,,
3118,59.10611987,44.07340274,19.10710102,8,,,,,,,,,,,,,
3118.5,57.24096026,43.08291765,19.1276394,8,,,,,,,,,,,,,
3119,57.67616417,44.5305497,19.14794959,8,,,,,,,,,,,,,
3119.5,57.89376612,43.54006461,19.16803109,8,,,,,,,,,,,,,
3120,57.95593811,43.51466756,19.18788338,8,,,,,,,,,,,,,
3120.5,58.14245407,43.69244693,19.20750598,8,,,,,,,,,,,,,
3121,58.0181101,43.54006461,19.22689839,8,,,,,,,,,,,,,
3121.5,58.36005602,42.70196185,19.24606012,8,,,,,,,,,,,,,
3122,56.99227231,43.00672649,19.26499071,8,,,,,,,,,,,,,
3122.5,57.80050814,43.54006461,19.28368967,8,,,,,,,,,,,,,
3123,58.04919609,43.54006461,19.30215654,8,,,,,,,,,,,,,
3123.5,57.83159413,43.0575206,19.32039086,8,,,,,,,,,,,,,
3124,57.36530423,44.1495939,19.33839217,8,,,,,,,,,,,,,
3124.5,58.14245407,44.1495939,19.35616002,8,,,,,,,,,,,,,
3125,57.67616417,43.00672649,19.37369396,8,,,,,,,,,,,,,
3125.5,58.32897003,43.51466756,19.39099356,8,,,,,,,,,,,,,
3126,57.67616417,43.41307935,19.40805839,8,,,,,,,,,,,,,
3126.5,57.83159413,43.18450586,19.42488802,8,,,,,,,,,,,,,
3127,58.0181101,43.46387345,19.44148203,8,,,,,,,,,,,,,
3127.5,59.19937785,44.07340274,19.45783999,8,,,,,,,,,,,,,
3128,58.79525993,44.47975559,19.47396152,8,,,,,,,,,,,,,
3128.5,58.85743192,44.37816738,19.48984619,8,,,,,,,,,,,,,
3129,57.80050814,43.00672649,19.50549362,8,,,,,,,,,,,,,
3129.5,57.76942215,43.54006461,19.52090342,8,,,,,,,,,,,,,
3130,57.89376612,43.33688818,19.53607519,8,,,,,,,,,,,,,
3130.5,58.39114202,43.66704988,19.55100856,8,,,,,,,,,,,,,
3131,56.96118632,43.15910881,19.56570315,8,,,,,,,,,,,,,
3131.5,58.0181101,43.08291765,19.5801586,8,,,,,,,,,,,,,
3132,57.5207342,42.70196185,19.59437455,8,,,,,,,,,,,,,
3132.5,58.04919609,43.46387345,19.60835064,8,,,,,,,,,,,,,
3133,57.67616417,43.36228524,19.62208652,8,,,,,,,,,,,,,
3133.5,57.67616417,42.52418247,19.63558185,8,,,,,,,,,,,,,
3134,57.5207342,43.00672649,19.6488363,8,,,,,,,,,,,,,
3134.5,57.92485211,43.54006461,19.66184952,8,,,,,,,,,,,,,
3135,58.67091596,43.97181452,19.67462119,8,,,,,,,,,,,,,
3135.5,57.5207342,42.49878542,19.687151,8,,,,,,,,,,,,,
3136,57.45856221,43.79403515,19.69943863,8,,,,,,,,,,,,,
3136.5,57.83159413,44.17499095,19.71148378,8,,,,,,,,,,,,,
3137,57.5207342,43.41307935,19.72328614,8,,,,,,,,,,,,,
3137.5,58.04919609,43.56546167,19.73484542,8,,,,,,,,,,,,,
3138,59.35480782,44.25118211,19.74616132,8,,,,,,,,,,,,,
3138.5,57.95593811,43.56546167,19.75723358,8,,,,,,,,,,,,,
3139,58.20462606,43.00672649,19.7680619,8,,,,,,,,,,,,,
3139.5,58.32897003,43.18450586,19.77864602,8,,,,,,,,,,,,,
3140,57.64507817,43.41307935,19.78898568,8,,,,,,,,,,,,,
3140.5,58.91960391,44.12419684,19.79908061,8,,,,,,,,,,,,,
3141,58.20462606,43.56546167,19.80893057,8,,,,,,,,,,,,,
3141.5,58.0181101,43.46387345,19.8185353,8,,,,,,,,,,,,,
3142,57.61399218,43.54006461,19.82789457,8,,,,,,,,,,,,,
3142.5,58.04919609,43.36228524,19.83700815,8,,,,,,,,,,,,,
3143,58.76417394,43.97181452,19.8458758,8,,,,,,,,,,,,,
3143.5,58.04919609,43.1083147,19.8544973,8,,,,,,,,,,,,,
3144,58.23571205,43.00672649,19.86287244,8,,,,,,,,,,,,,
3144.5,57.36530423,43.31149113,19.87100101,8,,,,,,,,,,,,,
3145,58.76417394,43.92102042,19.87888281,8,,,,,,,,,,,,,
3145.5,57.39639023,42.49878542,19.88651763,8,,,,,,,,,,,,,
3146,56.80575635,42.82894711,19.89390529,8,,,,,,,,,,,,,
3146.5,57.17878827,43.36228524,19.9010456,8,,,,,,,,,,,,,
3147,57.89376612,43.54006461,19.90793839,8,,,,,,,,,,,,,
3147.5,57.95593811,43.36228524,19.91458348,8,,,,,,,,,,,,,
3148,58.04919609,43.54006461,19.92098071,8,,,,,,,,,,,,,
3148.5,58.0181101,43.23529997,19.92712991,8,,,,,,,,,,,,,
3149,57.80050814,43.76863809,19.93303093,8,,,,,,,,,,,,,
3149.5,57.83159413,43.23529997,19.93868363,8,,,,,,,,,,,,,
3150,57.67616417,43.56546167,19.94408787,8,,,,,,,,,,,,,
3150.5,58.23571205,43.46387345,19.9492435,8,,,,,,,,,,,,,
3151,57.83159413,43.51466756,19.9541504,8,,,,,,,,,,,,,
3151.5,58.79525993,43.89562336,19.95880845,8,,,,,,,,,,,,,
3152,58.04919609,43.00672649,19.96321752,8,,,,,,,,,,,,,
3152.5,58.4844,43.66704988,19.96737752,8,,,,,,,,,,,,,
3153,57.17878827,42.87974122,19.97128833,8,,,,,,,,,,,,,
3153.5,57.92485211,43.4384764,19.97494987,8,,,,,,,,,,,,,
3154,58.0181101,43.4384764,19.97836202,8,,,,,,,,,,,,,
3154.5,57.67616417,43.46387345,19.98152472,8,,,,,,,,,,,,,
3155,58.14245407,44.12419684,19.98443789,8,,,,,,,,,,,,,
3155.5,57.95593811,43.66704988,19.98710144,8,,,,,,,,,,,,,
3156,57.92485211,43.4384764,19.98951531,8,,,,,,,,,,,,,
3156.5,57.67616417,43.36228524,19.99167945,8,,,,,,,,,,,,,
3157,57.95593811,43.08291765,19.9935938,8,,,,,,,,,,,,,
3157.5,58.88851791,44.17499095,19.99525831,8,,,,,,,,,,,,,
3158,57.80050814,43.41307935,19.99667293,8,,,,,,,,,,,,,
3158.5,58.14245407,43.51466756,19.99783764,8,,,,,,,,,,,,,
3159,58.39114202,43.71784399,19.99875241,8,,,,,,,,,,,,,
3159.5,57.5207342,43.20990292,19.9994172,8,,,,,,,,,,,,,
3160,57.17878827,43.33688818,19.99983201,8,,,,,,,,,,,,,
3160.5,58.0181101,43.36228524,19.99999683,8,,,,,,,,,,,,,
3161,58.32897003,43.1083147,19.99991165,8,,,,,,,,,,,,,
3161.5,58.88851791,43.66704988,19.99957646,8,,,,,,,,,,,,,
3162,57.83159413,43.56546167,19.9989913,8,,,,,,,,,,,,,
3162.5,57.11661628,42.98132944,19.99815615,8,,,,,,,,,,,,,
3163,57.20987426,43.23529997,19.99707105,8,,,,,,,,,,,,,
3163.5,57.39639023,43.08291765,19.99573603,8,,,,,,,,,,,,,
3164,57.36530423,42.39719721,19.99415111,8,,,,,,,,,,,,,
3164.5,58.91960391,43.89562336,19.99231634,8,,,,,,,,,,,,,
3165,57.17878827,42.95593238,19.99023177,8,,,,,,,,,,,,,
3165.5,56.96118632,42.52418247,19.98789743,8,,,,,,,,,,,,,
3166,57.67616417,42.11782962,19.98531341,8,,,,,,,,,,,,,
3166.5,57.5207342,42.82894711,19.98247974,8,,,,,,,,,,,,,
3167,57.89376612,43.1083147,19.97939652,8,,,,,,,,,,,,,
3167.5,58.60874397,43.41307935,19.97606381,8,,,,,,,,,,,,,
3168,57.89376612,43.08291765,19.9724817,8,,,,,,,,,,,,,
3168.5,58.4844,42.82894711,19.96865028,8,,,,,,,,,,,,,
3169,56.77467036,42.80355006,19.96456965,8,,,,,,,,,,,,,
3169.5,58.76417394,43.97181452,19.9602399,8,,,,,,,,,,,,,
3170,57.67616417,43.23529997,19.95566114,8,,,,,,,,,,,,,
3170.5,57.89376612,43.18450586,19.9508335,8,,,,,,,,,,,,,
3171,57.39639023,42.49878542,19.94575708,8,,,,,,,,,,,,,
3171.5,57.67616417,43.18450586,19.94043202,8,,,,,,,,,,,,,
3172,57.89376612,43.00672649,19.93485845,8,,,,,,,,,,,,,
3172.5,58.04919609,43.00672649,19.92903651,8,,,,,,,,,,,,,
3173,58.14245407,43.46387345,19.92296634,8,,,,,,,,,,,,,
3173.5,58.39114202,44.25118211,19.9166481,8,,,,,,,,,,,,,
3174,58.04919609,43.1083147,19.91008195,8,,,,,,,,,,,,,
3174.5,57.33421824,42.85434417,19.90326804,8,,,,,,,,,,,,,
3175,58.04919609,43.1083147,19.89620655,8,,,,,,,,,,,,,
3175.5,57.92485211,43.18450586,19.88889766,8,,,,,,,,,,,,,
3176,57.80050814,43.54006461,19.88134155,8,,,,,,,,,,,,,
3176.5,57.83159413,43.89562336,19.8735384,8,,,,,,,,,,,,,
3177,58.0181101,43.15910881,19.86548841,8,,,,,,,,,,,,,
3177.5,59.10611987,44.1495939,19.85719179,8,,,,,,,,,,,,,
3178,58.88851791,43.76863809,19.84864874,8,,,,,,,,,,,,,
3178.5,57.5207342,43.1083147,19.83985947,8,,,,,,,,,,,,,
3179,57.89376612,43.18450586,19.83082421,8,,,,,,,,,,,,,
3179.5,57.5207342,43.20990292,19.82154317,8,,,,,,,,,,,,,
3180,57.83159413,42.49878542,19.8120166,8,,,,,,,,,,,,,
3180.5,57.64507817,43.18450586,19.80224473,8,,,,,,,,,,,,,
3181,58.36005602,44.1495939,19.7922278,8,,,,,,,,,,,,,
3181.5,57.5207342,42.04163846,19.78196607,8,,,,,,,,,,,,,
3182,57.80050814,43.00672649,19.77145979,8,,,,,,,,,,,,,
3182.5,58.0181101,43.1083147,19.76070922,8,,,,,,,,,,,,,
3183,57.33421824,43.1083147,19.74971464,8,,,,,,,,,,,,,
3183.5,57.80050814,42.87974122,19.73847631,8,,,,,,,,,,,,,
3184,57.61399218,43.23529997,19.72699452,8,,,,,,,,,,,,,
3184.5,58.23571205,43.23529997,19.71526956,8,,,,,,,,,,,,,
3185,58.04919609,43.41307935,19.70330171,8,,,,,,,,,,,,,
3185.5,57.08553029,43.79403515,19.69109129,8,,,,,,,,,,,,,
3186,58.04919609,43.0575206,19.67863859,8,,,,,,,,,,,,,
3186.5,58.57765798,43.54006461,19.66594392,8,,,,,,,,,,,,,
3187,57.67616417,43.00672649,19.6530076,8,,,,,,,,,,,,,
3187.5,58.51548599,43.54006461,19.63982996,8,,,,,,,,,,,,,
3188,57.5207342,43.36228524,19.62641133,8,,,,,,,,,,,,,
3188.5,58.67091596,42.52418247,19.61275203,8,,,,,,,,,,,,,
3189,57.17878827,42.27021194,19.59885242,8,,,,,,,,,,,,,
3189.5,58.29788404,43.59085872,19.58471283,8,,,,,,,,,,,,,
3190,57.36530423,42.49878542,19.57033363,8,,,,,,,,,,,,,
3190.5,59.19937785,43.79403515,19.55571517,8,,,,,,,,,,,,,
3191,58.0181101,43.1083147,19.54085782,8,,,,,,,,,,,,,
3191.5,57.61399218,43.20990292,19.52576194,8,,,,,,,,,,,,,
3192,57.20987426,42.75275595,19.51042793,8,,,,,,,,,,,,,
3192.5,57.45856221,43.1083147,19.49485615,8,,,,,,,,,,,,,
3193,58.14245407,43.41307935,19.479047,8,,,,,,,,,,,,,
3193.5,58.32897003,43.41307935,19.46300088,8,,,,,,,,,,,,,
3194,58.04919609,44.22578506,19.44671818,8,,,,,,,,,,,,,
3194.5,58.04919609,43.20990292,19.43019931,8,,,,,,,,,,,,,
3195,58.23571205,43.08291765,19.41344469,8,,,,,,,,,,,,,
3195.5,58.0181101,43.54006461,19.39645474,8,,,,,,,,,,,,,
3196,58.20462606,43.41307935,19.37922987,8,,,,,,,,,,,,,
3196.5,58.91960391,43.56546167,19.36177052,8,,,,,,,,,,,,,
3197,57.36530423,43.00672649,19.34407713,8,,,,,,,,,,,,,
3197.5,57.36530423,42.47338837,19.32615014,8,,,,,,,,,,,,,
3198,57.95593811,43.41307935,19.30798999,8,,,,,,,,,,,,,
3198.5,57.36530423,43.0575206,19.28959715,8,,,,,,,,,,,,,
3199,56.65032638,43.51466756,19.27097207,8,,,,,,,,,,,,,
3199.5,58.67091596,42.47338837,19.25211521,8,,,,,,,,,,,,,
3200,57.95593811,43.23529997,15,12,,,,,,,,,,,,,
3200.5,58.32897003,43.8194322,15,12,,,,,,,,,,,,,
3201,57.64507817,42.95593238,15,12,,,,,,,,,,,,,
3201.5,57.80050814,42.16862372,15,12,,,,,,,,,,,,,
3202,57.39639023,43.1083147,15,12,,,,,,,,,,,,,
3202.5,58.04919609,43.23529997,15,12,,,,,,,,,,,,,
3203,57.95593811,43.1083147,15,12,,,,,,,,,,,,,
3203.5,58.39114202,42.87974122,15,12,,,,,,,,,,,,,
3204,58.39114202,43.66704988,15,12,,,,,,,,,,,,,
3204.5,57.92485211,42.98132944,15,12,,,,,,,,,,,,,
3205,57.39639023,43.0575206,15,12,,,,,,,,,,,,,
3205.5,58.51548599,44.17499095,15,12,,,,,,,,,,,,,
3206,58.0181101,43.4384764,15,12,,,,,,,,,,,,,
3206.5,57.95593811,43.18450586,15,12,,,,,,,,,,,,,
3207,58.14245407,42.98132944,15,12,,,,,,,,,,,,,
3207.5,58.0181101,43.08291765,15,12,,,,,,,,,,,,,
3208,59.19937785,43.89562336,15,12,,,,,,,,,,,,,
3208.5,59.19937785,43.69244693,15,12,,,,,,,,,,,,,
3209,57.61399218,42.37180015,15,12,,,,,,,,,,,,,
3209.5,58.0181101,42.98132944,15,12,,,,,,,,,,,,,
3210,57.95593811,43.23529997,15,12,,,,,,,,,,,,,
3210.5,58.20462606,43.76863809,15,12,,,,,,,,,,,,,
3211,58.29788404,43.46387345,15,12,,,,,,,,,,,,,
3211.5,58.73308795,43.4384764,15,12,,,,,,,,,,,,,
3212,58.04919609,43.18450586,15,12,,,,,,,,,,,,,
3212.5,57.83159413,43.0575206,15,12,,,,,,,,,,,,,
3213,57.92485211,43.1083147,15,12,,,,,,,,,,,,,
3213.5,57.89376612,43.00672649,15,12,,,,,,,,,,,,,
3214,58.0181101,43.18450586,15,12,,,,,,,,,,,,,
3214.5,58.08028208,43.20990292,15,12,,,,,,,,,,,,,
3215,57.67616417,43.46387345,15,12,,,,,,,,,,,,,
3215.5,58.04919609,43.69244693,15,12,,,,,,,,,,,,,
3216,59.4169798,44.1495939,15,12,,,,,,,,,,,,,
3216.5,58.20462606,43.23529997,15,12,,,,,,,,,,,,,
3217,58.79525993,43.36228524,15,12,,,,,,,,,,,,,
3217.5,58.23571205,42.39719721,15,12,,,,,,,,,,,,,
3218,58.4844,43.0575206,15,12,,,,,,,,,,,,,
3218.5,58.32897003,43.08291765,15,12,,,,,,,,,,,,,
3219,58.36005602,43.4384764,15,12,,,,,,,,,,,,,
3219.5,58.39114202,43.0575206,15,12,,,,,,,,,,,,,
3220,58.32897003,43.00672649,15,12,,,,,,,,,,,,,
3220.5,57.39639023,42.75275595,15,12,,,,,,,,,,,,,
3221,58.39114202,44.22578506,15,12,,,,,,,,,,,,,
3221.5,58.20462606,43.54006461,15,12,,,,,,,,,,,,,
3222,57.61399218,42.82894711,15,12,,,,,,,,,,,,,
3222.5,59.04394788,43.20990292,15,12,,,,,,,,,,,,,
3223,57.95593811,43.18450586,15,12,,,,,,,,,,,,,
3223.5,58.23571205,43.33688818,15,12,,,,,,,,,,,,,
3224,57.95593811,42.11782962,15,12,,,,,,,,,,,,,
3224.5,58.39114202,42.80355006,15,12,,,,,,,,,,,,,
3225,58.39114202,43.18450586,15,12,,,,,,,,,,,,,
3225.5,57.95593811,42.62577069,15,12,,,,,,,,,,,,,
3226,58.85743192,43.15910881,15,12,,,,,,,,,,,,,
3226.5,57.61399218,43.54006461,15,12,,,,,,,,,,,,,
3227,58.39114202,43.23529997,15,12,,,,,,,,,,,,,
3227.5,58.51548599,41.94005024,15,12,,,,,,,,,,,,,
3228,58.91960391,42.75275595,15,12,,,,,,,,,,,,,
3228.5,59.4169798,43.69244693,15,12,,,,,,,,,,,,,
3229,57.48964821,42.27021194,15,12,,,,,,,,,,,,,
3229.5,58.32897003,43.1083147,15,12,,,,,,,,,,,,,
3230,58.39114202,43.1083147,15,12,,,,,,,,,,,,,
3230.5,59.29263583,43.46387345,15,12,,,,,,,,,,,,,
3231,58.51548599,43.18450586,15,12,,,,,,,,,,,,,
3231.5,58.39114202,43.1083147,15,12,,,,,,,,,,,,,
3232,58.4844,43.33688818,15,12,,,,,,,,,,,,,
3232.5,58.36005602,43.00672649,15,12,,,,,,,,,,,,,
3233,57.89376612,43.08291765,15,12,,,,,,,,,,,,,
3233.5,57.89376612,44.12419684,15,12,,,,,,,,,,,,,
3234,58.08028208,43.97181452,15,12,,,,,,,,,,,,,
3234.5,59.75892573,43.79403515,15,12,,,,,,,,,,,,,
3235,58.79525993,43.41307935,15,12,,,,,,,,,,,,,
3235.5,58.57765798,43.41307935,15,12,,,,,,,,,,,,,
3236,58.79525993,42.21941783,15,12,,,,,,,,,,,,,
3236.5,57.67616417,42.65116774,15,12,,,,,,,,,,,,,
3237,58.79525993,43.08291765,15,12,,,,,,,,,,,,,
3237.5,59.9143557,43.89562336,15,12,,,,,,,,,,,,,
3238,58.85743192,43.36228524,15,12,,,,,,,,,,,,,
3238.5,58.85743192,43.59085872,15,12,,,,,,,,,,,,,
3239,58.20462606,42.98132944,15,12,,,,,,,,,,,,,
3239.5,58.85743192,43.15910881,15,12,,,,,,,,,,,,,
3240,58.57765798,43.36228524,15,12,,,,,,,,,,,,,
3240.5,58.79525993,43.00672649,15,12,,,,,,,,,,,,,
3241,59.01286189,43.41307935,15,12,,,,,,,,,,,,,
3241.5,58.88851791,43.54006461,15,12,,,,,,,,,,,,,
3242,58.98177589,43.18450586,15,12,,,,,,,,,,,,,
3242.5,59.01286189,43.54006461,15,12,,,,,,,,,,,,,
3243,58.04919609,42.47338837,15,12,,,,,,,,,,,,,
3243.5,58.4844,43.54006461,15,12,,,,,,,,,,,,,
3244,57.48964821,42.82894711,15,12,,,,,,,,,,,,,
3244.5,58.79525993,43.41307935,15,12,,,,,,,,,,,,,
3245,59.35480782,44.32737327,15,12,,,,,,,,,,,,,
3245.5,58.79525993,43.00672649,15,12,,,,,,,,,,,,,
3246,58.79525993,43.79403515,15,12,,,,,,,,,,,,,
3246.5,58.67091596,44.12419684,15,12,,,,,,,,,,,,,
3247,59.47915179,43.89562336,15,12,,,,,,,,,,,,,
3247.5,59.9143557,43.76863809,15,12,,,,,,,,,,,,,
3248,59.47915179,44.5305497,15,12,,,,,,,,,,,,,
3248.5,58.39114202,43.00672649,15,12,,,,,,,,,,,,,
3249,58.76417394,42.85434417,15,12,,,,,,,,,,,,,
3249.5,58.39114202,43.23529997,15,12,,,,,,,,,,,,,
3250,58.91960391,43.41307935,15,12,,,,,,,,,,,,,
3250.5,59.01286189,43.54006461,15,12,,,,,,,,,,,,,
3251,59.01286189,43.59085872,15,12,,,,,,,,,,,,,
3251.5,58.23571205,43.0575206,15,12,,,,,,,,,,,,,
3252,58.85743192,43.79403515,15,12,,,,,,,,,,,,,
3252.5,58.88851791,43.54006461,15,12,,,,,,,,,,,,,
3253,59.10611987,43.23529997,15,12,,,,,,,,,,,,,
3253.5,60.06978567,44.12419684,15,12,,,,,,,,,,,,,
3254,59.04394788,43.36228524,15,12,,,,,,,,,,,,,
3254.5,58.88851791,43.51466756,15,12,,,,,,,,,,,,,
3255,58.39114202,44.25118211,15,12,,,,,,,,,,,,,
3255.5,58.32897003,42.98132944,15,12,,,,,,,,,,,,,
3256,59.23046384,43.41307935,15,12,,,,,,,,,,,,,
3256.5,59.16829185,43.33688818,15,12,,,,,,,,,,,,,
3257,59.4480658,43.59085872,15,12,,,,,,,,,,,,,
3257.5,59.23046384,42.87974122,15,12,,,,,,,,,,,,,
3258,59.32372182,43.1083147,15,12,,,,,,,,,,,,,
3258.5,59.29263583,43.56546167,15,12,,,,,,,,,,,,,
3259,59.01286189,43.54006461,15,12,,,,,,,,,,,,,
3259.5,58.91960391,42.95593238,15,12,,,,,,,,,,,,,
3260,58.39114202,44.07340274,15,12,,,,,,,,,,,,,
3260.5,58.32897003,42.87974122,15,12,,,,,,,,,,,,,
3261,59.63458176,43.00672649,15,12,,,,,,,,,,,,,
3261.5,59.23046384,44.12419684,15,12,,,,,,,,,,,,,
3262,58.29788404,42.98132944,15,12,,,,,,,,,,,,,
3262.5,60.16304365,42.80355006,15,12,,,,,,,,,,,,,
3263,59.32372182,43.54006461,15,12,,,,,,,,,,,,,
3263.5,59.4480658,43.54006461,15,12,,,,,,,,,,,,,
3264,59.60349576,43.54006461,15,12,,,,,,,,,,,,,
3264.5,58.91960391,43.46387345,15,12,,,,,,,,,,,,,
3265,59.47915179,44.22578506,15,12,,,,,,,,,,,,,
3265.5,59.63458176,43.69244693,15,12,,,,,,,,,,,,,
3266,59.47915179,43.8194322,15,12,,,,,,,,,,,,,
3266.5,59.4480658,43.71784399,15,12,,,,,,,,,,,,,
3267,59.57240977,43.66704988,15,12,,,,,,,,,,,,,
3267.5,59.60349576,43.1083147,15,12,,,,,,,,,,,,,
3268,59.9143557,43.66704988,15,12,,,,,,,,,,,,,
3268.5,59.63458176,44.1495939,15,12,,,,,,,,,,,,,
3269,59.10611987,43.51466756,15,12,,,,,,,,,,,,,
3269.5,59.60349576,43.71784399,15,12,,,,,,,,,,,,,
3270,59.63458176,43.56546167,15,12,,,,,,,,,,,,,
3270.5,59.63458176,43.8194322,15,12,,,,,,,,,,,,,
3271,59.47915179,43.59085872,15,12,,,,,,,,,,,,,
3271.5,59.69675374,43.66704988,15,12,,,,,,,,,,,,,
3272,59.57240977,44.32737327,15,12,,,,,,,,,,,,,
3272.5,59.47915179,44.40356443,15,12,,,,,,,,,,,,,
3273,59.72783974,43.66704988,15,12,,,,,,,,,,,,,
3273.5,59.01286189,44.22578506,15,12,,,,,,,,,,,,,
3274,60.19412964,44.1495939,15,12,,,,,,,,,,,,,
3274.5,59.63458176,44.04800568,15,12,,,,,,,,,,,,,
3275,58.79525993,42.80355006,15,12,,,,,,,,,,,,,
3275.5,60.19412964,43.56546167,15,12,,,,,,,,,,,,,
3276,59.60349576,43.66704988,15,12,,,,,,,,,,,,,
3276.5,60.00761368,43.66704988,15,12,,,,,,,,,,,,,
3277,59.60349576,43.54006461,15,12,,,,,,,,,,,,,
3277.5,60.16304365,43.8194322,15,12,,,,,,,,,,,,,
3278,60.8780215,44.47975559,15,12,,,,,,,,,,,,,
3278.5,59.79001172,43.54006461,15,12,,,,,,,,,,,,,
3279,59.72783974,44.50515265,15,12,,,,,,,,,,,,,
3279.5,58.88851791,43.0575206,15,12,,,,,,,,,,,,,
3280,59.63458176,43.54006461,15,12,,,,,,,,,,,,,
3280.5,59.47915179,43.76863809,15,12,,,,,,,,,,,,,
3281,59.35480782,44.42896149,15,12,,,,,,,,,,,,,
3281.5,60.50498957,43.89562336,15,12,,,,,,,,,,,,,
3282,59.72783974,42.87974122,15,12,,,,,,,,,,,,,
3282.5,59.63458176,44.22578506,15,12,,,,,,,,,,,,,
3283,60.00761368,43.76863809,15,12,,,,,,,,,,,,,
3283.5,59.79001172,44.25118211,15,12,,,,,,,,,,,,,
3284,59.29263583,43.69244693,15,12,,,,,,,,,,,,,
3284.5,59.75892573,43.36228524,15,12,,,,,,,,,,,,,
3285,60.13195765,43.69244693,15,12,,,,,,,,,,,,,
3285.5,61.09562345,44.25118211,15,12,,,,,,,,,,,,,
3286,59.57240977,42.82894711,15,12,,,,,,,,,,,,,
3286.5,59.10611987,43.59085872,15,12,,,,,,,,,,,,,
3287,61.18888143,44.40356443,15,12,,,,,,,,,,,,,
3287.5,60.16304365,44.07340274,15,12,,,,,,,,,,,,,
3288,59.63458176,43.89562336,15,12,,,,,,,,,,,,,
3288.5,60.06978567,43.23529997,15,12,,,,,,,,,,,,,
3289,59.29263583,43.0575206,15,12,,,,,,,,,,,,,
3289.5,60.25630163,44.50515265,15,12,,,,,,,,,,,,,
3290,60.62933355,43.08291765,15,12,,,,,,,,,,,,,
3290.5,60.06978567,43.76863809,15,12,,,,,,,,,,,,,
3291,60.19412964,44.1495939,15,12,,,,,,,,,,,,,
3291.5,60.19412964,44.07340274,15,12,,,,,,,,,,,,,
3292,60.44281759,44.12419684,15,12,,,,,,,,,,,,,
3292.5,60.19412964,43.20990292,15,12,,,,,,,,,,,,,
3293,60.03869967,44.1495939,15,12,,,,,,,,,,,,,
3293.5,60.16304365,43.8194322,15,12,,,,,,,,,,,,,
3294,61.43756938,44.75912318,15,12,,,,,,,,,,,,,
3294.5,59.63458176,42.75275595,15,12,,,,,,,,,,,,,
3295,59.63458176,44.07340274,15,12,,,,,,,,,,,,,
3295.5,59.9143557,43.00672649,15,12,,,,,,,,,,,,,
3296,60.19412964,44.12419684,15,12,,,,,,,,,,,,,
3296.5,60.13195765,44.1495939,15,12,,,,,,,,,,,,,
3297,59.29263583,43.41307935,15,12,,,,,,,,,,,,,
3297.5,60.25630163,43.56546167,15,12,,,,,,,,,,,,,
3298,61.40648339,44.04800568,15,12,,,,,,,,,,,,,
3298.5,60.28738762,43.97181452,15,12,,,,,,,,,,,,,
3299,60.31847361,44.12419684,15,12,,,,,,,,,,,,,
3299.5,60.75367752,44.98769666,15,12,,,,,,,,,,,,,
3300,61.56191335,43.54006461,15,12,,,,,,,,,,,,,
3300.5,59.79001172,43.8194322,15,12,,,,,,,,,,,,,
3301,60.50498957,44.07340274,15,12,,,,,,,,,,,,,
3301.5,60.19412964,43.8194322,15,12,,,,,,,,,,,,,
3302,60.44281759,44.04800568,15,12,,,,,,,,,,,,,
3302.5,59.79001172,43.97181452,15,12,,,,,,,,,,,,,
3303,60.59824755,44.12419684,15,12,,,,,,,,,,,,,
3303.5,61.59299935,44.65753497,15,12,,,,,,,,,,,,,
3304,60.97127948,44.17499095,15,12,,,,,,,,,,,,,
3304.5,60.31847361,44.12419684,15,12,,,,,,,,,,,,,
3305,60.31847361,44.04800568,15,12,,,,,,,,,,,,,
3305.5,60.19412964,44.17499095,15,12,,,,,,,,,,,,,
3306,60.50498957,44.04800568,15,12,,,,,,,,,,,,,
3306.5,60.59824755,44.12419684,15,12,,,,,,,,,,,,,
3307,59.35480782,43.8194322,15,12,,,,,,,,,,,,,
3307.5,61.46865537,44.32737327,15,12,,,,,,,,,,,,,
3308,61.18888143,43.66704988,15,12,,,,,,,,,,,,,
3308.5,60.69150553,43.41307935,15,12,,,,,,,,,,,,,
3309,60.72259153,44.1495939,15,12,,,,,,,,,,,,,
3309.5,60.44281759,44.07340274,15,12,,,,,,,,,,,,,
3310,61.40648339,44.1495939,15,12,,,,,,,,,,,,,
3310.5,61.12670944,44.1495939,15,12,,,,,,,,,,,,,
3311,60.90910749,44.07340274,15,12,,,,,,,,,,,,,
3311.5,60.69150553,43.36228524,15,12,,,,,,,,,,,,,
3312,60.59824755,44.12419684,15,12,,,,,,,,,,,,,
3312.5,60.3806456,44.07340274,15,12,,,,,,,,,,,,,
3313,61.90385928,44.60674086,15,12,,,,,,,,,,,,,
3313.5,60.90910749,44.22578506,15,12,,,,,,,,,,,,,
3314,59.9143557,44.93690256,15,12,,,,,,,,,,,,,
3314.5,60.69150553,43.89562336,15,12,,,,,,,,,,,,,
3315,60.16304365,43.66704988,15,12,,,,,,,,,,,,,
3315.5,60.90910749,44.1495939,15,12,,,,,,,,,,,,,
3316,60.81584951,44.1495939,15,12,,,,,,,,,,,,,
3316.5,60.8780215,44.37816738,15,12,,,,,,,,,,,,,
3317,61.00236547,44.1495939,15,12,,,,,,,,,,,,,
3317.5,60.19412964,44.12419684,15,12,,,,,,,,,,,,,
3318,60.19412964,44.17499095,15,12,,,,,,,,,,,,,
3318.5,60.81584951,44.22578506,15,12,,,,,,,,,,,,,
3319,60.8780215,44.1495939,15,12,,,,,,,,,,,,,
3319.5,60.90910749,44.22578506,15,12,,,,,,,,,,,,,
3320,60.97127948,44.12419684,15,12,,,,,,,,,,,,,
3320.5,60.8780215,44.83531434,15,12,,,,,,,,,,,,,
3321,61.03345146,45.31785836,15,12,,,,,,,,,,,,,
3321.5,60.75367752,44.25118211,15,12,,,,,,,,,,,,,
3322,60.75367752,44.25118211,15,12,,,,,,,,,,,,,
3322.5,61.3443114,44.25118211,15,12,,,,,,,,,,,,,
3323,61.03345146,44.25118211,15,12,,,,,,,,,,,,,
3323.5,61.12670944,44.12419684,15,12,,,,,,,,,,,,,
3324,60.8780215,43.8194322,15,12,,,,,,,,,,,,,
3324.5,60.16304365,43.71784399,15,12,,,,,,,,,,,,,
3325,61.12670944,44.32737327,15,12,,,,,,,,,,,,,
3325.5,60.8780215,44.40356443,15,12,,,,,,,,,,,,,
3326,60.97127948,44.50515265,15,12,,,,,,,,,,,,,
3326.5,61.40648339,44.12419684,15,12,,,,,,,,,,,,,
3327,60.50498957,43.66704988,15,12,,,,,,,,,,,,,
3327.5,61.59299935,44.04800568,15,12,,,,,,,,,,,,,
3328,61.90385928,44.83531434,15,12,,,,,,,,,,,,,
3328.5,62.2768912,45.2416672,15,12,,,,,,,,,,,,,
3329,60.69150553,43.59085872,15,12,,,,,,,,,,,,,
3329.5,60.8780215,44.5305497,15,12,,,,,,,,,,,,,
3330,61.3443114,45.31785836,15,12,,,,,,,,,,,,,
3330.5,61.03345146,44.68293202,15,12,,,,,,,,,,,,,
3331,61.68625733,44.5305497,15,12,,,,,,,,,,,,,
3331.5,62.37014918,44.83531434,15,12,,,,,,,,,,,,,
3332,61.3443114,44.40356443,15,12,,,,,,,,,,,,,
3332.5,61.18888143,44.98769666,15,12,,,,,,,,,,,,,
3333,60.28738762,43.79403515,15,12,,,,,,,,,,,,,
3333.5,61.18888143,44.68293202,15,12,,,,,,,,,,,,,
3334,61.28213941,44.25118211,15,12,,,,,,,,,,,,,
3334.5,60.8780215,44.17499095,15,12,,,,,,,,,,,,,
3335,61.15779544,44.65753497,15,12,,,,,,,,,,,,,
3335.5,61.40648339,44.50515265,15,12,,,,,,,,,,,,,
3336,61.46865537,44.37816738,15,12,,,,,,,,,,,,,
3336.5,62.80535309,45.31785836,15,12,,,,,,,,,,,,,
3337,61.00236547,44.40356443,15,12,,,,,,,,,,,,,
3337.5,61.99711726,44.83531434,15,12,,,,,,,,,,,,,
3338,61.12670944,44.98769666,15,12,,,,,,,,,,,,,
3338.5,61.3443114,44.37816738,15,12,,,,,,,,,,,,,
3339,61.43756938,44.60674086,15,12,,,,,,,,,,,,,
3339.5,61.28213941,45.2416672,15,12,,,,,,,,,,,,,
3340,60.75367752,44.5305497,15,12,,,,,,,,,,,,,
3340.5,60.8780215,45.34325541,15,12,,,,,,,,,,,,,
3341,61.59299935,44.68293202,15,12,,,,,,,,,,,,,
3341.5,61.59299935,44.5305497,15,12,,,,,,,,,,,,,
3342,61.46865537,44.73372613,15,12,,,,,,,,,,,,,
3342.5,62.3079772,45.21627014,15,12,,,,,,,,,,,,,
3343,62.37014918,44.40356443,15,12,,,,,,,,,,,,,
3343.5,61.56191335,44.5305497,15,12,,,,,,,,,,,,,
3344,62.15254723,45.34325541,15,12,,,,,,,,,,,,,
3344.5,61.59299935,44.5305497,15,12,,,,,,,,,,,,,
3345,61.59299935,44.68293202,15,12,,,,,,,,,,,,,
3345.5,61.46865537,44.68293202,15,12,,,,,,,,,,,,,
3346,60.8780215,44.88610845,15,12,,,,,,,,,,,,,
3346.5,62.80535309,45.08928488,15,12,,,,,,,,,,,,,
3347,61.59299935,44.88610845,15,12,,,,,,,,,,,,,
3347.5,61.59299935,44.73372613,15,12,,,,,,,,,,,,,
3348,61.56191335,44.83531434,15,12,,,,,,,,,,,,,
3348.5,62.58775114,45.08928488,15,12,,,,,,,,,,,,,
3349,60.50498957,44.1495939,15,12,,,,,,,,,,,,,
3349.5,62.40123518,44.50515265,15,12,,,,,,,,,,,,,
3350,61.65517133,44.75912318,15,12,,,,,,,,,,,,,
3350.5,61.59299935,44.88610845,15,12,,,,,,,,,,,,,
3351,61.56191335,44.65753497,15,12,,,,,,,,,,,,,
3351.5,61.65517133,44.75912318,15,12,,,,,,,,,,,,,
3352,61.65517133,44.78452023,15,12,,,,,,,,,,,,,
3352.5,62.99186905,45.44484363,15,12,,,,,,,,,,,,,
3353,61.65517133,45.47024068,15,12,,,,,,,,,,,,,
3353.5,60.97127948,44.68293202,15,12,,,,,,,,,,,,,
3354,62.12146124,44.83531434,15,12,,,,,,,,,,,,,
3354.5,61.68625733,44.88610845,15,12,,,,,,,,,,,,,
3355,61.65517133,44.78452023,15,12,,,,,,,,,,,,,
3355.5,62.71209511,45.39404952,15,12,,,,,,,,,,,,,
3356,60.62933355,44.22578506,15,12,,,,,,,,,,,,,
3356.5,61.71734332,44.98769666,15,12,,,,,,,,,,,,,
3357,62.12146124,45.54643184,15,12,,,,,,,,,,,,,
3357.5,62.3079772,44.88610845,15,12,,,,,,,,,,,,,
3358,61.46865537,44.1495939,15,12,,,,,,,,,,,,,
3358.5,62.09037524,44.37816738,15,12,,,,,,,,,,,,,
3359,61.71734332,44.75912318,15,12,,,,,,,,,,,,,
3359.5,61.90385928,44.25118211,15,12,,,,,,,,,,,,,
3360,61.68625733,44.75912318,15,12,,,,,,,,,,,,,
3360.5,61.03345146,43.97181452,15,12,,,,,,,,,,,,,
3361,61.90385928,44.98769666,15,12,,,,,,,,,,,,,
3361.5,61.87277329,45.08928488,15,12,,,,,,,,,,,,,
3362,61.71734332,44.32737327,15,12,,,,,,,,,,,,,
3362.5,62.99186905,45.47024068,15,12,,,,,,,,,,,,,
3363,61.90385928,44.75912318,15,12,,,,,,,,,,,,,
3363.5,62.02820325,44.60674086,15,12,,,,,,,,,,,,,
3364,61.65517133,44.83531434,15,12,,,,,,,,,,,,,
3364.5,63.05404104,45.82579943,15,12,,,,,,,,,,,,,
3365,62.92969707,45.54643184,15,12,,,,,,,,,,,,,
3365.5,62.09037524,44.50515265,15,12,,,,,,,,,,,,,
3366,63.08512703,45.2416672,15,12,,,,,,,,,,,,,
3366.5,62.12146124,45.11468193,15,12,,,,,,,,,,,,,
3367,62.24580521,45.19087309,15,12,,,,,,,,,,,,,
3367.5,62.02820325,45.19087309,15,12,,,,,,,,,,,,,
3368,62.24580521,45.36865246,15,12,,,,,,,,,,,,,
3368.5,62.15254723,45.11468193,15,12,,,,,,,,,,,,,
3369,61.99711726,44.37816738,15,12,,,,,,,,,,,,,
3369.5,62.52557915,45.31785836,15,12,,,,,,,,,,,,,
3370,62.3079772,44.60674086,15,12,,,,,,,,,,,,,
3370.5,62.2768912,45.2416672,15,12,,,,,,,,,,,,,
3371,62.7431811,45.19087309,15,12,,,,,,,,,,,,,
3371.5,62.24580521,45.2416672,15,12,,,,,,,,,,,,,
3372,62.02820325,45.21627014,15,12,,,,,,,,,,,,,
3372.5,62.3079772,45.03849077,15,12,,,,,,,,,,,,,
3373,62.96078306,45.57182889,15,12,,,,,,,,,,,,,
3373.5,61.40648339,44.60674086,15,12,,,,,,,,,,,,,
3374,62.37014918,45.19087309,15,12,,,,,,,,,,,,,
3374.5,62.52557915,45.21627014,15,12,,,,,,,,,,,,,
3375,62.12146124,45.08928488,15,12,,,,,,,,,,,,,
3375.5,62.09037524,45.39404952,15,12,,,,,,,,,,,,,
3376,61.59299935,44.12419684,15,12,,,,,,,,,,,,,
3376.5,61.59299935,45.49563773,15,12,,,,,,,,,,,,,
3377,62.2768912,45.11468193,15,12,,,,,,,,,,,,,
3377.5,62.2768912,44.75912318,15,12,,,,,,,,,,,,,
3378,62.58775114,45.2416672,15,12,,,,,,,,,,,,,
3378.5,62.24580521,45.31785836,15,12,,,,,,,,,,,,,
3379,62.52557915,44.73372613,15,12,,,,,,,,,,,,,
3379.5,62.37014918,45.31785836,15,12,,,,,,,,,,,,,
3380,62.96078306,46.20675523,15,12,,,,,,,,,,,,,
3380.5,62.40123518,45.34325541,15,12,,,,,,,,,,,,,
3381,62.99186905,45.36865246,15,12,,,,,,,,,,,,,
3381.5,62.40123518,45.31785836,15,12,,,,,,,,,,,,,
3382,62.3079772,45.34325541,15,12,,,,,,,,,,,,,
3382.5,61.84168729,44.1495939,15,12,,,,,,,,,,,,,
3383,62.99186905,44.1495939,15,12,,,,,,,,,,,,,
3383.5,61.65517133,44.93690256,15,12,,,,,,,,,,,,,
3384,62.37014918,44.50515265,15,12,,,,,,,,,,,,,
3384.5,62.96078306,45.31785836,15,12,,,,,,,,,,,,,
3385,62.40123518,45.2416672,15,12,,,,,,,,,,,,,
3385.5,62.99186905,44.47975559,15,12,,,,,,,,,,,,,
3386,63.39598697,45.85119648,15,12,,,,,,,,,,,,,
3386.5,62.3079772,45.03849077,15,12,,,,,,,,,,,,,
3387,62.43232117,45.72421121,15,12,,,,,,,,,,,,,
3387.5,63.48924495,45.9527847,15,12,,,,,,,,,,,,,
3388,63.39598697,45.90199059,15,12,,,,,,,,,,,,,
3388.5,62.71209511,45.31785836,15,12,,,,,,,,,,,,,
3389,61.90385928,44.40356443,15,12,,,,,,,,,,,,,
3389.5,62.83643909,45.57182889,15,12,,,,,,,,,,,,,
3390,62.37014918,45.19087309,15,12,,,,,,,,,,,,,
3390.5,62.2768912,45.31785836,15,12,,,,,,,,,,,,,
3391,62.80535309,45.31785836,15,12,,,,,,,,,,,,,
3391.5,62.55666514,45.08928488,15,12,,,,,,,,,,,,,
3392,63.11621303,45.69881416,15,12,,,,,,,,,,,,,
3392.5,62.40123518,44.65753497,15,12,,,,,,,,,,,,,
3393,61.84168729,44.75912318,15,12,,,,,,,,,,,,,
3393.5,62.58775114,45.39404952,15,12,,,,,,,,,,,,,
3394,63.30272899,45.34325541,15,12,,,,,,,,,,,,,
3394.5,62.15254723,45.2416672,15,12,,,,,,,,,,,,,
3395,62.2768912,44.40356443,15,12,,,,,,,,,,,,,
3395.5,61.59299935,44.73372613,15,12,,,,,,,,,,,,,
3396,62.92969707,45.36865246,15,12,,,,,,,,,,,,,
3396.5,63.80010488,45.90199059,15,12,,,,,,,,,,,,,
3397,63.08512703,45.39404952,15,12,,,,,,,,,,,,,
3397.5,62.80535309,45.49563773,15,12,,,,,,,,,,,,,
3398,62.71209511,45.85119648,15,12,,,,,,,,,,,,,
3398.5,63.80010488,46.10516702,15,12,,,,,,,,,,,,,
3399,61.99711726,44.78452023,15,12,,,,,,,,,,,,,
3399.5,62.37014918,44.83531434,15,12,,,,,,,,,,,,,
3400,63.76901889,45.90199059,5,4,,,,,,,,,,,,,
3400.5,62.15254723,45.19087309,5,4,,,,,,,,,,,,,
3401,62.02820325,45.31785836,5,4,,,,,,,,,,,,,
3401.5,62.99186905,45.36865246,5,4,,,,,,,,,,,,,
3402,62.99186905,45.34325541,5,4,,,,,,,,,,,,,
3402.5,62.09037524,45.14007898,5,4,,,,,,,,,,,,,
3403,62.96078306,45.2416672,5,4,,,,,,,,,,,,,
3403.5,63.30272899,44.88610845,5,4,,,,,,,,,,,,,
3404,62.92969707,44.22578506,5,4,,,,,,,,,,,,,
3404.5,63.55141694,44.68293202,5,4,,,,,,,,,,,,,
3405,64.11096482,45.9527847,5,4,,,,,,,,,,,,,
3405.5,63.11621303,46.40993166,5,4,,,,,,,,,,,,,
3406,62.99186905,45.49563773,5,4,,,,,,,,,,,,,
3406.5,62.96078306,45.31785836,5,4,,,,,,,,,,,,,
3407,62.96078306,44.68293202,5,4,,,,,,,,,,,,,
3407.5,62.99186905,45.59722595,5,4,,,,,,,,,,,,,
3408,62.99186905,45.44484363,5,4,,,,,,,,,,,,,
3408.5,62.99186905,46.28294639,5,4,,,,,,,,,,,,,
3409,63.05404104,45.54643184,5,4,,,,,,,,,,,,,
3409.5,63.05404104,45.59722595,5,4,,,,,,,,,,,,,
3410,62.92969707,45.36865246,5,4,,,,,,,,,,,,,
3410.5,63.08512703,45.34325541,5,4,,,,,,,,,,,,,
3411,62.99186905,45.49563773,5,4,,,,,,,,,,,,,
3411.5,63.11621303,45.74960827,5,4,,,,,,,,,,,,,
3412,62.71209511,46.46072577,5,4,,,,,,,,,,,,,
3412.5,62.99186905,45.21627014,5,4,,,,,,,,,,,,,
3413,63.39598697,45.31785836,5,4,,,,,,,,,,,,,
3413.5,63.30272899,45.49563773,5,4,,,,,,,,,,,,,
3414,63.11621303,45.21627014,5,4,,,,,,,,,,,,,
3414.5,63.11621303,45.74960827,5,4,,,,,,,,,,,,,
3415,63.05404104,45.74960827,5,4,,,,,,,,,,,,,
3415.5,63.11621303,45.47024068,5,4,,,,,,,,,,,,,
3416,64.39073876,45.82579943,5,4,,,,,,,,,,,,,
3416.5,62.24580521,45.11468193,5,4,,,,,,,,,,,,,
3417,62.43232117,44.83531434,5,4,,,,,,,,,,,,,
3417.5,63.67576091,45.74960827,5,4,,,,,,,,,,,,,
3418,63.67576091,45.31785836,5,4,,,,,,,,,,,,,
3418.5,63.11621303,45.34325541,5,4,,,,,,,,,,,,,
3419,63.89336286,46.25754934,5,4,,,,,,,,,,,,,
3419.5,63.48924495,45.69881416,5,4,,,,,,,,,,,,,
3420,63.05404104,45.67341711,5,4,,,,,,,,,,,,,
3420.5,63.27164299,46.05437291,5,4,,,,,,,,,,,,,
3421,63.05404104,45.90199059,5,4,,,,,,,,,,,,,
3421.5,62.99186905,44.86071139,5,4,,,,,,,,,,,,,
3422,63.83119088,46.86707862,5,4,,,,,,,,,,,,,
3422.5,63.67576091,45.82579943,5,4,,,,,,,,,,,,,
3423,63.240557,45.82579943,5,4,,,,,,,,,,,,,
3423.5,64.14205081,46.43532871,5,4,,,,,,,,,,,,,
3424,63.52033094,45.19087309,5,4,,,,,,,,,,,,,
3424.5,63.11621303,45.85119648,5,4,,,,,,,,,,,,,
3425,63.240557,45.74960827,5,4,,,,,,,,,,,,,
3425.5,63.64467492,45.69881416,5,4,,,,,,,,,,,,,
3426,63.08512703,45.85119648,5,4,,,,,,,,,,,,,
3426.5,63.08512703,45.80040237,5,4,,,,,,,,,,,,,
3427,63.48924495,46.61310809,5,4,,,,,,,,,,,,,
3427.5,63.42707296,45.08928488,5,4,,,,,,,,,,,,,
3428,63.98662084,46.07976996,5,4,,,,,,,,,,,,,
3428.5,62.37014918,45.21627014,5,4,,,,,,,,,,,,,
3429,63.39598697,45.90199059,5,4,,,,,,,,,,,,,
3429.5,62.52557915,45.72421121,5,4,,,,,,,,,,,,,
3430,64.35965277,45.90199059,5,4,,,,,,,,,,,,,
3430.5,62.15254723,45.31785836,5,4,,,,,,,,,,,,,
3431,63.08512703,45.85119648,5,4,,,,,,,,,,,,,
3431.5,63.67576091,46.68929925,5,4,,,,,,,,,,,,,
3432,63.27164299,45.85119648,5,4,,,,,,,,,,,,,
3432.5,62.2768912,45.34325541,5,4,,,,,,,,,,,,,
3433,63.08512703,45.82579943,5,4,,,,,,,,,,,,,
3433.5,63.240557,45.90199059,5,4,,,,,,,,,,,,,
3434,62.96078306,45.90199059,5,4,,,,,,,,,,,,,
3434.5,63.20947101,46.02897586,5,4,,,,,,,,,,,,,
3435,62.7431811,44.88610845,5,4,,,,,,,,,,,,,
3435.5,63.98662084,46.43532871,5,4,,,,,,,,,,,,,
3436,63.05404104,45.82579943,5,4,,,,,,,,,,,,,
3436.5,63.92444886,46.07976996,5,4,,,,,,,,,,,,,
3437,62.7431811,46.76549041,5,4,,,,,,,,,,,,,
3437.5,63.240557,45.90199059,5,4,,,,,,,,,,,,,
3438,63.11621303,45.90199059,5,4,,,,,,,,,,,,,
3438.5,63.83119088,45.80040237,5,4,,,,,,,,,,,,,
3439,63.30272899,46.63850514,5,4,,,,,,,,,,,,,
3439.5,63.30272899,45.72421121,5,4,,,,,,,,,,,,,
3440,62.15254723,45.36865246,5,4,,,,,,,,,,,,,
3440.5,63.05404104,45.82579943,5,4,,,,,,,,,,,,,
3441,63.92444886,46.02897586,5,4,,,,,,,,,,,,,
3441.5,63.48924495,45.80040237,5,4,,,,,,,,,,,,,
3442,62.99186905,45.69881416,5,4,,,,,,,,,,,,,
3442.5,64.11096482,46.07976996,5,4,,,,,,,,,,,,,
3443,62.37014918,44.88610845,5,4,,,,,,,,,,,,,
3443.5,63.27164299,45.72421121,5,4,,,,,,,,,,,,,
3444,63.39598697,44.75912318,5,4,,,,,,,,,,,,,
3444.5,63.92444886,44.32737327,5,4,,,,,,,,,,,,,
3445,62.96078306,46.07976996,5,4,,,,,,,,,,,,,
3445.5,64.60834071,46.43532871,5,4,,,,,,,,,,,,,
3446,63.240557,45.72421121,5,4,,,,,,,,,,,,,
3446.5,62.58775114,45.72421121,5,4,,,,,,,,,,,,,
3447,63.05404104,45.90199059,5,4,,,,,,,,,,,,,
3447.5,63.240557,45.82579943,5,4,,,,,,,,,,,,,
3448,63.30272899,45.82579943,5,4,,,,,,,,,,,,,
3448.5,63.20947101,45.74960827,5,4,,,,,,,,,,,,,
3449,63.240557,45.82579943,5,4,,,,,,,,,,,,,
3449.5,63.83119088,45.11468193,5,4,,,,,,,,,,,,,
3450,63.39598697,45.67341711,5,4,,,,,,,,,,,,,
3450.5,63.20947101,45.67341711,5,4,,,,,,,,,,,,,
3451,63.05404104,46.81628451,5,4,,,,,,,,,,,,,
3451.5,63.08512703,46.43532871,5,4,,,,,,,,,,,,,
3452,63.30272899,45.85119648,5,4,,,,,,,,,,,,,
3452.5,63.42707296,45.19087309,5,4,,,,,,,,,,,,,
3453,63.92444886,46.18135818,5,4,,,,,,,,,,,,,
3453.5,63.240557,45.54643184,5,4,,,,,,,,,,,,,
3454,63.240557,45.74960827,5,4,,,,,,,,,,,,,
3454.5,63.240557,45.82579943,5,4,,,,,,,,,,,,,
3455,63.42707296,46.63850514,5,4,,,,,,,,,,,,,
3455.5,63.30272899,46.61310809,5,4,,,,,,,,,,,,,
3456,62.99186905,45.67341711,5,4,,,,,,,,,,,,,
3456.5,63.11621303,45.69881416,5,4,,,,,,,,,,,,,
3457,63.83119088,45.11468193,5,4,,,,,,,,,,,,,
3457.5,62.52557915,45.54643184,5,4,,,,,,,,,,,,,
3458,62.09037524,45.08928488,5,4,,,,,,,,,,,,,
3458.5,62.96078306,44.65753497,5,4,,,,,,,,,,,,,
3459,63.08512703,44.88610845,5,4,,,,,,,,,,,,,
3459.5,63.08512703,45.80040237,5,4,,,,,,,,,,,,,
3460,62.99186905,45.69881416,5,4,,,,,,,,,,,,,
3460.5,63.98662084,46.3337405,5,4,,,,,,,,,,,,,
3461,62.99186905,45.67341711,5,4,,,,,,,,,,,,,
3461.5,63.30272899,45.85119648,5,4,,,,,,,,,,,,,
3462,63.05404104,44.98769666,5,4,,,,,,,,,,,,,
3462.5,63.67576091,46.20675523,5,4,,,,,,,,,,,,,
3463,62.83643909,45.74960827,5,4,,,,,,,,,,,,,
3463.5,63.42707296,45.82579943,5,4,,,,,,,,,,,,,
3464,63.08512703,46.40993166,5,4,,,,,,,,,,,,,
3464.5,62.40123518,45.54643184,5,4,,,,,,,,,,,,,
3465,63.08512703,44.75912318,5,4,,,,,,,,,,,,,
3465.5,64.23530879,46.43532871,5,4,,,,,,,,,,,,,
3466,63.55141694,46.89247567,5,4,,,,,,,,,,,,,
3466.5,62.2768912,45.08928488,5,4,,,,,,,,,,,,,
3467,63.05404104,45.69881416,5,4,,,,,,,,,,,,,
3467.5,63.05404104,44.68293202,5,4,,,,,,,,,,,,,
3468,63.240557,45.54643184,5,4,,,,,,,,,,,,,
3468.5,63.27164299,45.69881416,5,4,,,,,,,,,,,,,
3469,63.67576091,45.74960827,5,4,,,,,,,,,,,,,
3469.5,63.83119088,45.14007898,5,4,,,,,,,,,,,,,
3470,62.80535309,45.57182889,5,4,,,,,,,,,,,,,
3470.5,62.43232117,45.67341711,5,4,,,,,,,,,,,,,
3471,63.83119088,46.63850514,5,4,,,,,,,,,,,,,
3471.5,63.20947101,45.67341711,5,4,,,,,,,,,,,,,
3472,63.76901889,45.82579943,5,4,,,,,,,,,,,,,
3472.5,63.240557,45.54643184,5,4,,,,,,,,,,,,,
3473,63.05404104,45.49563773,5,4,,,,,,,,,,,,,
3473.5,63.98662084,45.69881416,5,4,,,,,,,,,,,,,
3474,63.240557,45.54643184,5,4,,,,,,,,,,,,,
3474.5,63.39598697,45.67341711,5,4,,,,,,,,,,,,,
3475,63.08512703,45.54643184,5,4,,,,,,,,,,,,,
3475.5,64.39073876,45.92738764,5,4,,,,,,,,,,,,,
3476,62.99186905,45.14007898,5,4,,,,,,,,,,,,,
3476.5,64.39073876,45.74960827,5,4,,,,,,,,,,,,,
3477,63.30272899,45.54643184,5,4,,,,,,,,,,,,,
3477.5,63.240557,45.54643184,5,4,,,,,,,,,,,,,
3478,63.20947101,44.73372613,5,4,,,,,,,,,,,,,
3478.5,63.240557,45.49563773,5,4,,,,,,,,,,,,,
3479,63.64467492,45.69881416,5,4,,,,,,,,,,,,,
3479.5,63.11621303,46.43532871,5,4,,,,,,,,,,,,,
3480,62.58775114,45.39404952,5,4,,,,,,,,,,,,,
3480.5,62.99186905,44.75912318,5,4,,,,,,,,,,,,,
3481,63.48924495,45.31785836,5,4,,,,,,,,,,,,,
3481.5,63.27164299,45.47024068,5,4,,,,,,,,,,,,,
3482,63.11621303,45.54643184,5,4,,,,,,,,,,,,,
3482.5,63.240557,45.54643184,5,4,,,,,,,,,,,,,
3483,62.99186905,45.67341711,5,4,,,,,,,,,,,,,
3483.5,63.39598697,44.88610845,5,4,,,,,,,,,,,,,
3484,63.11621303,45.80040237,5,4,,,,,,,,,,,,,
3484.5,62.52557915,46.51151987,5,4,,,,,,,,,,,,,
3485,61.87277329,44.88610845,5,4,,,,,,,,,,,,,
3485.5,64.48399674,46.3337405,5,4,,,,,,,,,,,,,
3486,62.2768912,45.03849077,5,4,,,,,,,,,,,,,
3486.5,64.39073876,45.54643184,5,4,,,,,,,,,,,,,
3487,63.11621303,45.49563773,5,4,,,,,,,,,,,,,
3487.5,62.40123518,44.75912318,5,4,,,,,,,,,,,,,
3488,63.08512703,45.54643184,5,4,,,,,,,,,,,,,
3488.5,62.71209511,44.75912318,5,4,,,,,,,,,,,,,
3489,63.20947101,45.67341711,5,4,,,,,,,,,,,,,
3489.5,64.26639479,46.10516702,5,4,,,,,,,,,,,,,
3490,62.71209511,45.67341711,5,4,,,,,,,,,,,,,
3490.5,62.3079772,45.08928488,5,4,,,,,,,,,,,,,
3491,63.27164299,45.47024068,5,4,,,,,,,,,,,,,
3491.5,63.30272899,45.54643184,5,4,,,,,,,,,,,,,
3492,62.7431811,45.21627014,5,4,,,,,,,,,,,,,
3492.5,63.11621303,45.67341711,5,4,,,,,,,,,,,,,
3493,62.52557915,45.67341711,5,4,,,,,,,,,,,,,
3493.5,62.86752508,45.47024068,5,4,,,,,,,,,,,,,
3494,63.08512703,45.67341711,5,4,,,,,,,,,,,,,
3494.5,63.7068469,45.85119648,5,4,,,,,,,,,,,,,
3495,63.05404104,45.85119648,5,4,,,,,,,,,,,,,
3495.5,64.35965277,45.9527847,5,4,,,,,,,,,,,,,
3496,63.11621303,45.54643184,5,4,,,,,,,,,,,,,
3496.5,63.05404104,45.49563773,5,4,,,,,,,,,,,,,
3497,63.64467492,46.25754934,5,4,,,,,,,,,,,,,
3497.5,63.83119088,45.21627014,5,4,,,,,,,,,,,,,
3498,63.76901889,45.69881416,5,4,,,,,,,,,,,,,
3498.5,62.12146124,44.68293202,5,4,,,,,,,,,,,,,
3499,63.240557,45.69881416,5,4,,,,,,,,,,,,,
3499.5,63.08512703,45.34325541,5,4,,,,,,,,,,,,,
3500,63.05404104,45.34325541,5,4,,,,,,,,,,,,,
3500.5,63.05404104,45.49563773,5,4,,,,,,,,,,,,,
3501,62.92969707,45.80040237,5,4,,,,,,,,,,,,,
3501.5,63.08512703,45.39404952,5,4,,,,,,,,,,,,,
3502,62.99186905,45.90199059,5,4,,,,,,,,,,,,,
3502.5,63.11621303,45.31785836,5,4,,,,,,,,,,,,,
3503,63.42707296,45.69881416,5,4,,,,,,,,,,,,,
3503.5,62.99186905,45.2416672,5,4,,,,,,,,,,,,,
3504,63.27164299,46.10516702,5,4,,,,,,,,,,,,,
3504.5,63.08512703,45.31785836,5,4,,,,,,,,,,,,,
3505,62.96078306,45.54643184,5,4,,,,,,,,,,,,,
3505.5,62.99186905,45.47024068,5,4,,,,,,,,,,,,,
3506,62.40123518,44.5305497,5,4,,,,,,,,,,,,,
3506.5,63.08512703,45.39404952,5,4,,,,,,,,,,,,,
3507,63.27164299,45.47024068,5,4,,,,,,,,,,,,,
3507.5,63.11621303,45.11468193,5,4,,,,,,,,,,,,,
3508,62.52557915,45.36865246,5,4,,,,,,,,,,,,,
3508.5,62.2768912,44.73372613,5,4,,,,,,,,,,,,,
3509,62.58775114,45.21627014,5,4,,,,,,,,,,,,,
3509.5,62.92969707,45.08928488,5,4,,,,,,,,,,,,,
3510,62.96078306,45.39404952,5,4,,,,,,,,,,,,,
3510.5,64.11096482,45.34325541,5,4,,,,,,,,,,,,,
3511,62.99186905,44.50515265,5,4,,,,,,,,,,,,,
3511.5,63.11621303,45.74960827,5,4,,,,,,,,,,,,,
3512,63.11621303,45.36865246,5,4,,,,,,,,,,,,,
3512.5,62.99186905,45.54643184,5,4,,,,,,,,,,,,,
3513,63.27164299,45.92738764,5,4,,,,,,,,,,,,,
3513.5,62.99186905,45.67341711,5,4,,,,,,,,,,,,,
3514,63.11621303,45.36865246,5,4,,,,,,,,,,,,,
3514.5,63.30272899,46.18135818,5,4,,,,,,,,,,,,,
3515,62.99186905,45.31785836,5,4,,,,,,,,,,,,,
3515.5,63.05404104,45.47024068,5,4,,,,,,,,,,,,,
3516,63.05404104,45.47024068,5,4,,,,,,,,,,,,,
3516.5,64.2042228,44.5305497,5,4,,,,,,,,,,,,,
3517,62.99186905,45.2416672,5,4,,,,,,,,,,,,,
3517.5,62.3079772,44.47975559,5,4,,,,,,,,,,,,,
3518,62.99186905,45.21627014,5,4,,,,,,,,,,,,,
3518.5,63.48924495,45.31785836,5,4,,,,,,,,,,,,,
3519,62.52557915,45.39404952,5,4,,,,,,,,,,,,,
3519.5,61.59299935,44.75912318,5,4,,,,,,,,,,,,,
3520,62.15254723,44.68293202,5,4,,,,,,,,,,,,,
3520.5,63.67576091,45.39404952,5,4,,,,,,,,,,,,,
3521,63.240557,45.34325541,5,4,,,,,,,,,,,,,
3521.5,62.99186905,45.2416672,5,4,,,,,,,,,,,,,
3522,62.99186905,45.2416672,5,4,,,,,,,,,,,,,
3522.5,62.2768912,45.11468193,5,4,,,,,,,,,,,,,
3523,62.99186905,45.19087309,5,4,,,,,,,,,,,,,
3523.5,62.58775114,44.98769666,5,4,,,,,,,,,,,,,
3524,62.43232117,44.32737327,5,4,,,,,,,,,,,,,
3524.5,62.96078306,45.39404952,5,4,,,,,,,,,,,,,
3525,62.15254723,45.03849077,5,4,,,,,,,,,,,,,
3525.5,63.240557,45.31785836,5,4,,,,,,,,,,,,,
3526,63.64467492,44.83531434,5,4,,,,,,,,,,,,,
3526.5,63.20947101,45.47024068,5,4,,,,,,,,,,,,,
3527,62.92969707,45.54643184,5,4,,,,,,,,,,,,,
3527.5,62.99186905,45.19087309,5,4,,,,,,,,,,,,,
3528,62.99186905,45.31785836,5,4,,,,,,,,,,,,,
3528.5,62.96078306,45.31785836,5,4,,,,,,,,,,,,,
3529,62.99186905,45.19087309,5,4,,,,,,,,,,,,,
3529.5,62.99186905,45.49563773,5,4,,,,,,,,,,,,,
3530,63.76901889,45.82579943,5,4,,,,,,,,,,,,,
3530.5,63.76901889,45.74960827,5,4,,,,,,,,,,,,,
3531,62.96078306,44.68293202,5,4,,,,,,,,,,,,,
3531.5,62.92969707,45.47024068,5,4,,,,,,,,,,,,,
3532,63.05404104,46.25754934,5,4,,,,,,,,,,,,,
3532.5,63.30272899,44.98769666,5,4,,,,,,,,,,,,,
3533,62.99186905,45.31785836,5,4,,,,,,,,,,,,,
3533.5,61.90385928,45.31785836,5,4,,,,,,,,,,,,,
3534,62.86752508,44.75912318,5,4,,,,,,,,,,,,,
3534.5,63.05404104,45.39404952,5,4,,,,,,,,,,,,,
3535,62.99186905,45.31785836,5,4,,,,,,,,,,,,,
3535.5,62.49449316,44.40356443,5,4,,,,,,,,,,,,,
3536,62.3079772,45.34325541,5,4,,,,,,,,,,,,,
3536.5,63.76901889,45.36865246,5,4,,,,,,,,,,,,,
3537,63.67576091,45.54643184,5,4,,,,,,,,,,,,,
3537.5,63.05404104,45.34325541,5,4,,,,,,,,,,,,,
3538,63.80010488,45.59722595,5,4,,,,,,,,,,,,,
3538.5,63.240557,45.47024068,5,4,,,,,,,,,,,,,
3539,63.11621303,45.67341711,5,4,,,,,,,,,,,,,
3539.5,62.92969707,45.34325541,5,4,,,,,,,,,,,,,
3540,63.80010488,46.25754934,5,4,,,,,,,,,,,,,
3540.5,62.99186905,45.2416672,5,4,,,,,,,,,,,,,
3541,61.90385928,44.75912318,5,4,,,,,,,,,,,,,
3541.5,62.96078306,45.49563773,5,4,,,,,,,,,,,,,
3542,62.99186905,45.54643184,5,4,,,,,,,,,,,,,
3542.5,62.96078306,45.44484363,5,4,,,,,,,,,,,,,
3543,62.43232117,45.31785836,5,4,,,,,,,,,,,,,
3543.5,62.80535309,45.31785836,5,4,,,,,,,,,,,,,
3544,63.05404104,46.40993166,5,4,,,,,,,,,,,,,
3544.5,62.43232117,45.19087309,5,4,,,,,,,,,,,,,
3545,62.52557915,45.2416672,5,4,,,,,,,,,,,,,
3545.5,62.96078306,45.9527847,5,4,,,,,,,,,,,,,
3546,63.83119088,45.11468193,5,4,,,,,,,,,,,,,
3546.5,62.09037524,45.31785836,5,4,,,,,,,,,,,,,
3547,62.96078306,45.36865246,5,4,,,,,,,,,,,,,
3547.5,62.83643909,45.31785836,5,4,,,,,,,,,,,,,
3548,63.08512703,43.97181452,5,4,,,,,,,,,,,,,
3548.5,63.76901889,45.59722595,5,4,,,,,,,,,,,,,
3549,62.96078306,45.31785836,5,4,,,,,,,,,,,,,
3549.5,63.05404104,46.43532871,5,4,,,,,,,,,,,,,
3550,62.02820325,44.37816738,5,4,,,,,,,,,,,,,
3550.5,62.80535309,45.31785836,5,4,,,,,,,,,,,,,
3551,62.37014918,44.25118211,5,4,,,,,,,,,,,,,
3551.5,62.80535309,44.73372613,5,4,,,,,,,,,,,,,
3552,62.7431811,45.03849077,5,4,,,,,,,,,,,,,
3552.5,62.09037524,45.74960827,5,4,,,,,,,,,,,,,
3553,62.2768912,45.82579943,5,4,,,,,,,,,,,,,
3553.5,63.20947101,44.60674086,5,4,,,,,,,,,,,,,
3554,62.99186905,45.34325541,5,4,,,,,,,,,,,,,
3554.5,63.89336286,45.69881416,5,4,,,,,,,,,,,,,
3555,62.24580521,44.1495939,5,4,,,,,,,,,,,,,
3555.5,62.86752508,45.31785836,5,4,,,,,,,,,,,,,
3556,62.09037524,45.14007898,5,4,,,,,,,,,,,,,
3556.5,62.24580521,45.31785836,5,4,,,,,,,,,,,,,
3557,62.80535309,45.21627014,5,4,,,,,,,,,,,,,
3557.5,62.71209511,44.78452023,5,4,,,,,,,,,,,,,
3558,62.09037524,46.10516702,5,4,,,,,,,,,,,,,
3558.5,62.71209511,45.47024068,5,4,,,,,,,,,,,,,
3559,62.58775114,45.11468193,5,4,,,,,,,,,,,,,
3559.5,61.90385928,45.74960827,5,4,,,,,,,,,,,,,
3560,63.30272899,45.49563773,5,4,,,,,,,,,,,,,
3560.5,62.15254723,45.31785836,5,4,,,,,,,,,,,,,
3561,63.08512703,45.34325541,5,4,,,,,,,,,,,,,
3561.5,63.55141694,45.80040237,5,4,,,,,,,,,,,,,
3562,62.37014918,45.31785836,5,4,,,,,,,,,,,,,
3562.5,62.86752508,45.31785836,5,4,,,,,,,,,,,,,
3563,61.84168729,45.21627014,5,4,,,,,,,,,,,,,
3563.5,62.55666514,45.34325541,5,4,,,,,,,,,,,,,
3564,61.71734332,46.07976996,5,4,,,,,,,,,,,,,
3564.5,62.58775114,45.31785836,5,4,,,,,,,,,,,,,
3565,63.11621303,46.02897586,5,4,,,,,,,,,,,,,
3565.5,62.43232117,45.31785836,5,4,,,,,,,,,,,,,
3566,62.37014918,45.19087309,5,4,,,,,,,,,,,,,
3566.5,62.09037524,45.31785836,5,4,,,,,,,,,,,,,
3567,61.87277329,44.65753497,5,4,,,,,,,,,,,,,
3567.5,62.37014918,45.11468193,5,4,,,,,,,,,,,,,
3568,62.58775114,44.86071139,5,4,,,,,,,,,,,,,
3568.5,62.7431811,45.19087309,5,4,,,,,,,,,,,,,
3569,63.05404104,45.31785836,5,4,,,,,,,,,,,,,
3569.5,62.3079772,45.19087309,5,4,,,,,,,,,,,,,
3570,61.8106013,45.74960827,5,4,,,,,,,,,,,,,
3570.5,63.76901889,45.39404952,5,4,,,,,,,,,,,,,
3571,62.43232117,44.25118211,5,4,,,,,,,,,,,,,
3571.5,62.7431811,44.5305497,5,4,,,,,,,,,,,,,
3572,63.05404104,44.68293202,5,4,,,,,,,,,,,,,
3572.5,61.90385928,45.11468193,5,4,,,,,,,,,,,,,
3573,62.40123518,44.98769666,5,4,,,,,,,,,,,,,
3573.5,62.49449316,44.30197622,5,4,,,,,,,,,,,,,
3574,62.37014918,45.11468193,5,4,,,,,,,,,,,,,
3574.5,62.15254723,44.04800568,5,4,,,,,,,,,,,,,
3575,62.58775114,46.05437291,5,4,,,,,,,,,,,,,
3575.5,62.43232117,45.03849077,5,4,,,,,,,,,,,,,
3576,62.92969707,45.31785836,5,4,,,,,,,,,,,,,
3576.5,62.83643909,45.9527847,5,4,,,,,,,,,,,,,
3577,62.92969707,44.98769666,5,4,,,,,,,,,,,,,
3577.5,62.55666514,45.2416672,5,4,,,,,,,,,,,,,
3578,62.24580521,45.21627014,5,4,,,,,,,,,,,,,
3578.5,62.71209511,44.78452023,5,4,,,,,,,,,,,,,
3579,62.55666514,45.2416672,5,4,,,,,,,,,,,,,
3579.5,62.99186905,44.47975559,5,4,,,,,,,,,,,,,
3580,62.15254723,45.19087309,5,4,,,,,,,,,,,,,
3580.5,62.43232117,44.78452023,5,4,,,,,,,,,,,,,
3581,62.43232117,45.03849077,5,4,,,,,,,,,,,,,
3581.5,62.2768912,45.2416672,5,4,,,,,,,,,,,,,
3582,62.12146124,44.73372613,5,4,,,,,,,,,,,,,
3582.5,61.68625733,45.08928488,5,4,,,,,,,,,,,,,
3583,63.30272899,45.74960827,5,4,,,,,,,,,,,,,
3583.5,62.37014918,44.75912318,5,4,,,,,,,,,,,,,
3584,61.84168729,45.11468193,5,4,,,,,,,,,,,,,
3584.5,62.3079772,45.47024068,5,4,,,,,,,,,,,,,
3585,62.3079772,44.75912318,5,4,,,,,,,,,,,,,
3585.5,63.240557,45.74960827,5,4,,,,,,,,,,,,,
3586,61.43756938,45.11468193,5,4,,,,,,,,,,,,,
3586.5,62.15254723,45.11468193,5,4,,,,,,,,,,,,,
3587,62.02820325,44.25118211,5,4,,,,,,,,,,,,,
3587.5,63.08512703,45.31785836,5,4,,,,,,,,,,,,,
3588,62.2768912,45.08928488,5,4,,,,,,,,,,,,,
3588.5,62.09037524,44.68293202,5,4,,,,,,,,,,,,,
3589,62.2768912,45.03849077,5,4,,,,,,,,,,,,,
3589.5,62.24580521,45.21627014,5,4,,,,,,,,,,,,,
3590,62.37014918,45.08928488,5,4,,,,,,,,,,,,,
3590.5,62.7431811,45.2416672,5,4,,,,,,,,,,,,,
3591,61.56191335,45.54643184,5,4,,,,,,,,,,,,,
3591.5,62.2768912,45.82579943,5,4,,,,,,,,,,,,,
3592,62.2768912,45.08928488,5,4,,,,,,,,,,,,,
3592.5,62.24580521,45.19087309,5,4,,,,,,,,,,,,,
3593,62.3079772,45.19087309,5,4,,,,,,,,,,,,,
3593.5,62.15254723,44.98769666,5,4,,,,,,,,,,,,,
3594,62.99186905,45.34325541,5,4,,,,,,,,,,,,,
3594.5,61.56191335,44.73372613,5,4,,,,,,,,,,,,,
3595,61.59299935,45.31785836,5,4,,,,,,,,,,,,,
3595.5,63.08512703,45.2416672,5,4,,,,,,,,,,,,,
3596,61.40648339,44.83531434,5,4,,,,,,,,,,,,,
3596.5,62.09037524,45.31785836,5,4,,,,,,,,,,,,,
3597,62.3079772,44.83531434,5,4,,,,,,,,,,,,,
3597.5,61.90385928,45.08928488,5,4,,,,,,,,,,,,,
3598,62.15254723,45.08928488,5,4,,,,,,,,,,,,,
3598.5,61.90385928,44.73372613,5,4,,,,,,,,,,,,,
3599,61.59299935,45.67341711,5,4,,,,,,,,,,,,,
3599.5,62.15254723,44.88610845,5,4,,,,,,,,,,,,,
3600,62.15254723,44.88610845,5,4,,,,,,,,,,,,,
